product_id,since_start_pct,last_7d_pct,latest_tl,name,store
dis-macunu-signal-75ml,121.52,0.0,154.95,Signal White System Diş Macunu 75 Ml,migros
pilic-bonfile-banvit-kg,50.01,0.0,359.95,Banvit Piliç Bonfile Kg,migros
portakal-kg,47.15,47.15,73.5,Portakal Kg,migros
bulasik-deterjani-fairy-1350ml,41.19,0.0,239.95,Fairy Sıvı Bulaşık Deterjanı Limon 1350 Ml,migros
salca-830g-a101,29.81,0.0,81.33,Çokça Domates Salçası 830 g,a101
salca-domates-migros-830g,23.24,0.0,83.07,Migros Domates Salçası 830 G,migros
seker-toz-migros-5kg,15.55,4.55,45.99,Migros Toz Şeker 5 Kg,migros
meyve-suyu-tamek-1l,15.06,0.0,115.0,Tamek %100 Karışık Meyve Suyu 1 Lt,migros
domates-kg,13.23,21.95,47.5,Domates Kg,migros
cay-caykur-tiryaki-1kg,12.82,0.0,439.95,Çaykur Tiryaki Çayı 1 Kg,migros
turk-kahvesi-100g-a101,12.82,0.0,1100.0,Kurukahveci Mehmet Efendi Türk Kahvesi 100 g,a101
bulgur-pilavlik-1kg-a101,11.76,11.76,38.0,Yöremce Pilavlık Bulgur 1 kg,a101
margarin-250g-a101,11.54,0.0,116.0,Vera Margarin Paket 250 g,a101
muz-yerli-kg,10.05,-8.3,115.5,Muz Yerli Kg,migros
un-2kg-a101,8.48,5.29,44.75,Söke Gelenek Buğday Unu 2 kg,a101
sogan-kuru-kg,8.12,35.42,39.95,Soğan Kuru (Yeni Mahsul) Kg,migros
cay-1kg-a101,7.71,0.0,419.0,Çaykur Tiryaki Siyah Çay 1 kg,a101
bulgur-reis-pilavlik-1kg,6.25,0.0,84.95,Reis Pilavlık Bulgur 1 Kg,migros
aycicek-yagi-migros-5l,6.21,-7.28,89.0,Migros Ayçiçek Yağı 5 L,migros
yogurt-1kg-a101,6.15,0.0,95.0,Torku Yarım Yağlı Yoğurt 1 kg,a101
yumurta-naturakoy-15li,5.88,0.0,179.95,Naturaköy Gezen 15'li Yumurta M Orta Boy (53-62) G,migros
pirinc-baldo-hasata-2kg,5.42,0.0,174.98,Hasata Gönen Baldo Pirinç 2 Kg,migros
peynir-beyaz-1kg-a101,5.28,0.0,279.0,Ahır Tam Yağlı Taze Beyaz Peynir 1 kg,a101
muz-a101,4.93,0.0,114.9,İthal Muz kg,a101
tuvalet-kagidi-32li-a101,4.37,4.37,239.0,Logi Tuvalet Kağıdı 3 Katlı 32'li,a101
yumurta-15li-a101,4.21,0.0,99.0,Yumurta L Boy 15'li,a101
portakal-a101,1.93,0.0,52.9,Portakal kg,a101
dana-kiyma-kg,1.15,0.0,879.95,Dana Kıymalık Kg,migros
migros-08079774,0.0,,139.5,Migros Yerli Siyah Ayçekirdeği Tuzlu 200 G,migros
migros-08079771,0.0,,1350.0,Migros Antep Fıstığı Jumbo 200 G,migros
migros-08079776,0.0,,899.0,Aydın İncir Kuru Kg,migros
migros-08079641,0.0,,320.0,Nescafé Xpress Café Latte Şeker İlavesiz Soğuk Kahve 250 Ml,migros
migros-08079775,0.0,,734.75,Kırdağ Aydın Kuru İncir 200 G,migros
migros-08079759,0.0,,799.67,Master Farm Cranberry Turna Yemişi 150 G,migros
migros-08079757,0.0,,1099.67,Master Farm Yerli Ceviz İçi 150 G,migros
migros-08079849,0.0,,779.5,M Life Çiğ İç Fındık 200 G,migros
migros-08079847,0.0,,480.62,Master Nut İç Yer Fıstığı Tuzlu 160 G,migros
migros-08079844,0.0,,849.5,Migros Gün Kurusu Malatya Kayısısı Jumbo 200 G,migros
migros-08079843,0.0,,995.0,Migros 5'li Kavrulmuş Karışık Kuruyemiş 200 G,migros
migros-08079687,0.0,,483.33,Tadım Tuzlu Yer Fıstığı 180 G,migros
migros-08079841,0.0,,444.17,Tadım Çifte Kavrulmuş Sarı Leblebi 180 G,migros
migros-08079836,0.0,,1106.79,Master Farm Kuru Kayısı 140 G,migros
migros-08079758,0.0,,839.6,Master Farm Mebrum Hurma 125 G,migros
migros-08079834,0.0,,1147.41,Master Nut Tuzlu Badem 135 G,migros
migros-08079833,0.0,,2427.86,Master Nut Kabuklu Antep Fıstığı 140 G,migros
migros-08079832,0.0,,968.12,Master Farm Çiğ İç Badem 160 G,migros
migros-08079827,0.0,,732.67,Migros İç Ceviz 150 G,migros
migros-08079826,0.0,,300.0,Obsesso İced White Chocolate Mocha 250 Ml,migros
migros-08079817,0.0,,1285.36,Master Farm Günkurusu Kayısı 140G,migros
migros-08079816,0.0,,634.35,Anadolu Lezzetleri Ağın Leblebisi 230 G,migros
migros-08079815,0.0,,707.5,Master Farm Kuru Erik 120 G,migros
migros-08079835,0.0,,1035.0,Master Farm Çiğ Kaju Fıstığı 140 G,migros
migros-08079649,0.0,,534.9,Soslu Karışık Kg,migros
migros-08079656,0.0,,384.5,Emsal Osmaniye Yer Fıstığı 200 G,migros
migros-08079667,0.0,,799.9,Atom Mix Karışık Kg,migros
migros-08079668,0.0,,1149.9,Çiğ Karışık Kg,migros
migros-08079669,0.0,,2332.92,Astronut Zarında Kavrulmuş Kaju 120 G,migros
migros-08079679,0.0,,239.9,Kıtır Leblebi Kg,migros
migros-08079680,0.0,,239.9,Leblebi Şekeri Kg,migros
migros-08079681,0.0,,269.9,Sari Leblebi (Tuzlu) Kg,migros
migros-08079682,0.0,,259.9,Beyaz Leblebi Kg,migros
migros-08079685,0.0,,269.9,Çifte Kavrulmuş Sarı Leblebi Kg,migros
migros-08079686,0.0,,332.92,Kara Sevda Çiğ Siyah Ayçekirdeği 120 G,migros
migros-08079848,0.0,,1555.0,Master Farm İç Fındık Çiğ 180 G,migros
migros-08079689,0.0,,371.43,Tadım Taco Baharatlı Çıtır Kaplamalı Yer Fıstığı 140 G,migros
migros-08079694,0.0,,775.8,Burak Pişmaniye Sade-Kakaolu Pişmaniye 250 G,migros
migros-08079695,0.0,,775.8,Burak Pişmaniye Nar Aromalı Pişmaniye 250 G,migros
migros-08079697,0.0,,322.22,Tadım Fırınlanmış Tuzsuz Yer Fıstığı 180 G,migros
migros-08079698,0.0,,344.44,Tadım Acı Baharatlı Yer Fıstığı 180 G,migros
migros-08079700,0.0,,344.44,Tadım İşlenmiş Yer Fıstığı 180 G,migros
migros-08079701,0.0,,344.44,Tadım Barbekü Sos Aromalı Yer Fıstığı 180 G,migros
migros-08079704,0.0,,269.5,Migros Osmaniye Yer Fıstığı 200 G,migros
migros-08079715,0.0,,320.0,Nescafé Xpress Karamel Aromalı Soğuk Kahve 250ml ,migros
migros-08079735,0.0,,1212.38,Açıkel Antep Fıstıklı Sultan Sarma Lokum 400 G,migros
migros-08079746,0.0,,824.88,Açıkel Cevizli İncir Lokumu 400gr,migros
migros-08079756,0.0,,1056.43,Master Nut Kavrulmuş Tuzlu Kaju Fıstığı 140gr,migros
migros-08074033,0.0,,1665.83,Herby Energy Shot Bitki Bazlı İçeçek 60 Ml,migros
migros-08080249,0.0,,749.0,Besni Üzüm Kg,migros
migros-08079842,0.0,,444.17,Tadım Tuzlu Sarı Leblebi 180 G,migros
migros-08080257,0.0,,1499.9,Mango Kurusu Kg,migros
migros-08080258,0.0,,499.0,Hünnap Kurusu Kg,migros
migros-08080259,0.0,,1149.0,Kaju Jumbo Zarında Kavrulmuş Kg,migros
migros-08080261,0.0,,699.9,Zencefil Kurusu Kg,migros
migros-08080274,0.0,,1332.67,Migros Kavrulmuş Antep Fıstığı 150 G,migros
migros-08080276,0.0,,2532.67,Fropie Fırında Yağsız Kavrulmuş Zarlı Kaju 75 G,migros
migros-08080290,0.0,,599.0,Tropikal Meyve Karışık Kg,migros
migros-08080292,0.0,,999.9,Portakal Kurusu Kg,migros
migros-08080298,0.0,,732.67,Migros Çiğ İç Badem 150 G,migros
migros-08080085,0.0,,999.0,İncir Cipsi Kg,migros
migros-08080330,0.0,,869.9,Türk Kahvesi Kg,migros
migros-08080331,0.0,,529.9,Nar Aromalı Cevizli Sucuk Kg (E),migros
migros-08080353,0.0,,549.5,Migros Ballı Hardal Soslu Karışık Kuruyemiş 200 G,migros
migros-08080354,0.0,,9368.75,Pols Freeze Fresh Berry Mix 16 G,migros
migros-08080355,0.0,,729.9,Karışık Kuru Meyve Çiğ Kg D,migros
migros-08080053,0.0,,799.75,Sarı Kuru Kayısı 400 G,migros
migros-08080381,0.0,,1649.9,Karışık Kuruyemiş Özel Kg,migros
migros-08080382,0.0,,1049.9,Karışık Kuruyemiş Extra Kg (D),migros
migros-08080392,0.0,,1039.6,Tuzlu Kavrulmuş Kaju Fıstığı 250 G,migros
migros-08080393,0.0,,799.83,Komşu Medium Medine Hurması 300 G,migros
migros-08080394,0.0,,1666.5,Antep Fıstık 300 G,migros
migros-08080299,0.0,,732.67,Migros Kavrulmuş Badem İçi 150 G,migros
migros-08079854,0.0,,1071.43,Tadım Çiğ Fındık İçi 140 G,migros
migros-08079866,0.0,,1099.67,Otto Dried Fruıts Kuru İncir Büyük 150G,migros
migros-08079899,0.0,,1598.67,Fropie Protein Mix Kuruyemiş Karışımı 75 G,migros
migros-08079901,0.0,,1998.67,Fropie Smoothie Mix Kuruyemiş Karışımı 75 G,migros
migros-08079902,0.0,,1598.67,Fropie Omega 3 Mix Kuruyemiş Karışımı 75 G,migros
migros-08080034,0.0,,199.0,Siyah Ayçekirdek Tuzsuz (Yerli) Kg,migros
migros-08080035,0.0,,199.0,Siyah Ayçekirdek Tuzlu (Yerli) Kg,migros
migros-08080048,0.0,,869.5,Migros Karışık Kuruyemiş 200G,migros
migros-08080049,0.0,,269.5,Migros Çifte Kavrulmuş Sarı Leblebi 200G,migros
migros-08080050,0.0,,264.5,Migros Beyaz Leblebi 200G,migros
migros-08079764,0.0,,1177.25,Anadolu Lezzetleri Kemaliye Eğin Dut Pestili 200 G,migros
migros-08080247,0.0,,849.0,Ananas Kurusu Kg,migros
migros-08080084,0.0,,599.9,Çekirdeksiz Erik Kg,migros
migros-08079645,0.0,,1029.9,Yerli Ceviz (Çorum - Oğuzlar) Kg,migros
migros-08080088,0.0,,1366.67,Kavrulmuş Fındık 270 G,migros
migros-08080089,0.0,,1066.33,Çiğ Badem İçi 300 G,migros
migros-08080094,0.0,,239.33,Migros Osmaniye Kızartılmış Tuzlu Yer Fıstığı 150 G,migros
migros-08080097,0.0,,999.33,Migros Kavrulmuş Fındık İçi 150G,migros
migros-08080109,0.0,,566.67,Pirinç Patlağı 150 G,migros
migros-08080112,0.0,,1799.9,Karnaval Karışık Kg,migros
migros-08080153,0.0,,299.9,Tofy Fıstık Kg (E),migros
migros-08080155,0.0,,1333.0,Siirt Fıstık 300 G,migros
migros-08080206,0.0,,1259.9,Kuru Erik (Çekirdeksiz) Kg,migros
migros-08080236,0.0,,719.6,Kabak Çekirdek İçi 250 G,migros
migros-08080054,0.0,,799.75,Gün Kurusu Kayısı 400 G,migros
migros-08060189,0.0,,59.95,Uludağ Yeşil Limonlu Limonata 1 L Pet,migros
migros-08060190,0.0,,13.9,Abant Doğal Kaynak Suyu 500 Ml,migros
migros-08060191,0.0,,8.63,"Abant Doğal Kaynak Suyu 1,5 L",migros
migros-08060192,0.0,,7.3,Abant Doğal Kaynak Suyu 5 L,migros
migros-08060199,0.0,,80.0,Dimes Ananaslı İçecek 1 L,migros
migros-08060028,0.0,,40.33,Erikli Su 12 x 500 Ml,migros
migros-08060301,0.0,,44.5,Damla Doğal Kaynak Suyu Pet 500 ML,migros
migros-08060302,0.0,,27.3,"Damla Doğal Kaynak Suyu Pet 1,5 L",migros
migros-08060303,0.0,,14.9,Damla Doğal Kaynak Suyu 5 L,migros
migros-08060306,0.0,,136.67,Damla Doğal Kaynak Suyu Cam Şişe 750 ML,migros
migros-08060308,0.0,,39.5,Damla Doğal Kaynak Suyu Pet 1 L,migros
migros-08078908,0.0,,113.33,Doğanay Şalgam Suyu Sade 300 Ml,migros
migros-08060451,0.0,,25.3,"Pınar Yaşam Pınarım 1,5 L",migros
migros-08060552,0.0,,68.94,Hayat Su Bebekler İçin 6 x 330 Ml,migros
migros-08060704,0.0,,35.95,Pınar Su 1 L,migros
migros-08060987,0.0,,34.95,Sultan Doğal Kaynak Suyu 1 L,migros
migros-08061014,0.0,,27.9,Mila Prime Pet Su 500 Ml,migros
migros-08061028,0.0,,18.63,Sırma Doğal Kaynak Suyu 1.5 L,migros
migros-08061029,0.0,,30.5,Sırma Doğal Kaynak Suyu 500 Ml,migros
migros-08061040,0.0,,72.58,Hayat Su Looney Tunes 330 Ml,migros
migros-08061047,0.0,,72.58,Hayat Su Batman & Superman 330 Ml,migros
migros-08060126,0.0,,8.5,Mila Doğal Kaynak Suyu 5 L,migros
migros-08061601,0.0,,13.59,Pınar Yaşam Pınarım 5 L,migros
migros-08060314,0.0,,172.73,Damla Doğal Kaynak Suyu Cam 330 Ml,migros
migros-08060046,0.0,,98.0,Pürsu Elite Doğal Kaynak Suyu Cam Şişe 750 Ml,migros
migros-08060047,0.0,,47.93,Erikli Premium Pet Su 750 Ml,migros
migros-08060048,0.0,,63.48,Erikli Premium Pet Su 330 Ml,migros
migros-08060053,0.0,,8.63,Hamidiye Kaynak Suyu Pet 1.5 L,migros
migros-08060056,0.0,,13.9,Hamidiye Kaynak Suyu 500 Ml,migros
migros-08060057,0.0,,13.9,Assu Mineralli Su 500 Ml,migros
migros-08060058,0.0,,8.63,Assu Mineralli Su 1.5 L,migros
migros-08060059,0.0,,7.3,Assu Mineralli Su 5 L,migros
migros-08060084,0.0,,21.95,Mila Doğal Kaynak Suyu 1 L,migros
migros-08060096,0.0,,22.63,Pürsu Pet Şişe Su 1.5 L,migros
migros-08060115,0.0,,28.17,Saka Doğal Mineralli Su 6x1 L,migros
migros-08060182,0.0,,59.95,Uludağ Naneli Limonata  1 L,migros
migros-08060124,0.0,,25.5,Mila Doğal Kaynak Suyu 500 Ml,migros
migros-08060125,0.0,,15.67,Mila Doğal Kaynak Suyu 1.5 L,migros
migros-08059614,0.0,,863.41,Starbucks Chilled Classics Cappucino 220 Ml,migros
migros-08060134,0.0,,37.38,Sultan Su 400 Ml,migros
migros-08060135,0.0,,29.94,Sultan Su 800 Ml,migros
migros-08060139,0.0,,45.9,Munzur Su Pet Şişe 500 Ml,migros
migros-08060140,0.0,,14.4,Munzur Su Pet Şişe 5 L,migros
migros-08060141,0.0,,25.3,"Munzur Su Pet Şişe 1,5 L",migros
migros-08060171,0.0,,59.95,Uludağ Limonata 1 L,migros
migros-08060172,0.0,,59.95,Uludağ Limonata Şekersiz 1 L,migros
migros-08060176,0.0,,59.95,Uludağ  Meyvelim Mandalina 1 L,migros
migros-08060178,0.0,,59.95,Uludağ  Meyvelim Greyfurt 1 L,migros
migros-08060117,0.0,,32.25,Saka Doğal Mineralli Su 1L,migros
migros-08072642,0.0,,326.67,Exotic Portakal Havuç Suyu 750 Ml,migros
migros-08072665,0.0,,550.0,Exotic Nar Suyu 300 Ml,migros
migros-08072666,0.0,,357.33,Exotic Nar Suyu 750 Ml,migros
migros-08074032,0.0,,1665.83,Herby Fit Shot Bitki Bazlı İçecek 60 Ml.,migros
migros-08061112,0.0,,19.78,"Saka Doğal Mineralli Su 6 x 1,5 L",migros
migros-08074034,0.0,,1665.83,Herby Defense Shot Bitki Bazlı İçecek 60 Ml,migros
migros-08077416,0.0,,71.5,Doğanay Gurme Acılı Şalgam Pet 1 L,migros
migros-08077417,0.0,,71.5,Doğanay Gurme Sade Şalgam Pet 1 L,migros
migros-08077419,0.0,,49.95,Kızılay Limonata 1 L,migros
migros-08077422,0.0,,300.0,Nescafe Xpress Karamel 3 x 250 Ml,migros
migros-08077423,0.0,,125.0,Doğanay Gurme Sade Şalgam Pet 300 Ml,migros
migros-08061654,0.0,,33.5,Nestle Pure Life Su 500 Ml,migros
migros-08078920,0.0,,65.0,Doğanay Şalgam Suyu Acılı 1 L,migros
migros-08078930,0.0,,65.0,Doğanay Şalgam Suyu Sade 1 L,migros
migros-08079619,0.0,,319.2,Kara Sevda Yerli Tuzsuz Siyah Ayçekirdeği 125 G,migros
migros-08079620,0.0,,295.56,Kara Sevda Yerli Tuzlu Siyah  Ayçekirdeği 135 G,migros
migros-08079623,0.0,,321.43,Dimes Sıkma Karışık Meyve Suyu 700 Ml,migros
migros-08079626,0.0,,1799.0,Siirt Fıstığı Tuzlu Kavrulmuş Kg,migros
migros-08079639,0.0,,539.9,Tuzlu Kabak Çekirdek Kg,migros
migros-08079640,0.0,,539.9,Tuzsuz Kabak Çekirdek Kg,migros
migros-08063100,0.0,,106.0,Uludağ Doğal Kaynak Suyu Cam 750 Ml,migros
migros-08079642,0.0,,320.0,Nescafé Xpress Americano Şeker İlavesiz Soğuk Kahve 250ml  ,migros
migros-08079643,0.0,,849.5,Migros Çiğ Karışık Kuruyemiş 200 G,migros
migros-08079644,0.0,,699.9,İç Kabak Çekirdek Kg,migros
migros-08080395,0.0,,999.9,Medine Hurması Kg,migros
migros-08062200,0.0,,59.85,Erikli Su 330 Ml,migros
migros-08062201,0.0,,47.9,Erikli Su 500 Ml,migros
migros-08062202,0.0,,39.5,Erikli Su 1 L,migros
migros-08062203,0.0,,14.99,Erikli Su 5 L,migros
migros-08062205,0.0,,14.75,Erikli Su 10 L,migros
migros-08062215,0.0,,32.75,Erikli Su 6 x 1 L,migros
migros-08062216,0.0,,23.94,Erikli Su Avantajlı Paket 6 x 1.5 L,migros
migros-08062217,0.0,,14.75,Erikli Su Avantajlı Paket 2 x 5 L,migros
migros-08062310,0.0,,10.99,Sırma Doğal Kaynak Suyu 5 L,migros
migros-08063000,0.0,,39.5,Saka Doğal Mineralli Su 500 Ml,migros
migros-08063001,0.0,,24.67,"Saka Doğal Mineralli Su 1,5 L",migros
migros-08072639,0.0,,304.0,Exotic Portakal Suyu 750 Ml,migros
migros-08063006,0.0,,9.55,Saka Doğal Mineralli Su 10 L,migros
migros-08060249,0.0,,41.9,Pınar Yaşam Pınarım 500 Ml,migros
migros-08063101,0.0,,134.85,Uludağ Doğal Kaynak Suyu Cam 330 Ml,migros
migros-08063102,0.0,,73.75,Uludağ Premium Doğal Kaynak Suyu Pet 400 Ml,migros
migros-08063103,0.0,,51.5,Uludağ Premium Kaynak Suyu Pet 1 L,migros
migros-08065171,0.0,,110.61,Erikli Doğal Kaynak Suyu Cam 330 Ml,migros
migros-08065172,0.0,,93.27,Erikli Doğal Kaynak Suyu Cam 750 Ml,migros
migros-08070018,0.0,,295.56,Kara Sevda Klasik Siyah Ayçekirdeği 135 G,migros
migros-08070027,0.0,,439.8,Fersan Limon Suyu 250 Ml,migros
migros-08072604,0.0,,456.67,Exotic Portakal Havuç Suyu 300 Ml,migros
migros-08072631,0.0,,450.0,Exotic Portakal Suyu 300 Ml,migros
migros-08072636,0.0,,500.0,Exotic Portakal Nar Suyu 300 Ml,migros
migros-08063005,0.0,,11.5,Saka Doğal Mineralli Su 5 L,migros
migros-08089708,0.0,,949.0,Kaju Kavrulmuş Kg,migros
migros-08089709,0.0,,899.0,Kaju Ciğ Kg,migros
migros-08089710,0.0,,949.0,Ceviz İçi Kg,migros
migros-08089718,0.0,,209.9,Soslu Mısır Kg,migros
migros-08089741,0.0,,932.55,Açıkel Fındıklı Susamlı Kakaolu Lokum 275 G,migros
migros-08089742,0.0,,932.55,Açıkel Fındıklı Hindistan Cevizli Kakaolu Lokum 275 G,migros
migros-08082210,0.0,,219.8,Siyah Ayçekirdek Tuzlu 500 G,migros
migros-08089744,0.0,,1154.36,Açıkel Antep Fıstıklı Hindistan Cevizli Lokum 275 G,migros
migros-08089745,0.0,,1154.36,Açıkel Antep Fıstıklı Hindistan Cevizli Sultan Lokum 275G,migros
migros-08089749,0.0,,736.18,Açıkel Nar Aromalı Lokum 275 G,migros
migros-08089751,0.0,,1735.57,Açıkel Special Extra Karışık Lokum 350 G,migros
migros-08089752,0.0,,416.39,Açıkel Kuş Lokumu 180 G,migros
migros-08080435,0.0,,599.95,Kurutulmuş Cennet Hurması Kg,migros
migros-08089796,0.0,,529.9,Cevizli Pekmezli Sucuk Kg,migros
migros-08089819,0.0,,316.67,Tadım Kavrulmuş Siyah Ayçekirdeği 180 G,migros
migros-08089824,0.0,,394.5,Emsal Cevizli Pekmezli Sucuk 100 G,migros
migros-08089840,0.0,,1193.17,Açıkel Antep Fıstıklı Fitil Lokum 300 G,migros
migros-08089863,0.0,,889.95,Hurma Medjoul (Jumbo) Kg,migros
migros-08089866,0.0,,986.33,By İzzet Ceviz İçi 150 G,migros
migros-08089875,0.0,,1179.9,Gojiberry Kurusu Kg,migros
migros-08089876,0.0,,1299.9,Blueberry Kurusu Kg,migros
migros-08089877,0.0,,749.9,Mango Kurusu Kg,migros
migros-08089689,0.0,,1349.0,Kavrulmuş Fındık Kg,migros
migros-08089880,0.0,,699.9,Kivi Kurusu Kg,migros
migros-08089881,0.0,,749.9,Cranberry Kurusu Kg,migros
migros-08089754,0.0,,1106.79,Açıkel Fındıklı & Fıstıklı Karışık Lokum 140 G,migros
migros-08080842,0.0,,356.43,Master Crunch Kajun Baharat Çeşnili Yer Fıstığı 140 G,migros
migros-08087725,0.0,,333.33,Tadım Barbekü Soslu Mısır 180 G,migros
migros-08087848,0.0,,711.11,Tadım Kavrulmuş Kuruyemiş Klasik 180 G,migros
migros-08089127,0.0,,1135.91,Nic Nacs Bbq 110 G,migros
migros-08089129,0.0,,1111.11,Tadım Festival 180 G,migros
migros-08089626,0.0,,1107.14,Tadım Çiğ Kaju 140 G,migros
migros-08089629,0.0,,532.67,Dovido Antep Karası 150 G,migros
migros-08089630,0.0,,499.5,Dovido Meyve Mix 200 G,migros
migros-08089631,0.0,,833.0,Dovido Kuru İncir 150 G,migros
migros-08089634,0.0,,999.0,Dovido Berry Mix 100 G,migros
migros-08089636,0.0,,799.0,Dovido Turna Yemişi (Cranberry) 100 G,migros
migros-08089663,0.0,,928.57,Tadım Kuru Kayısı 140 G,migros
migros-08089707,0.0,,999.9,Çiğ Badem Kg,migros
migros-08089677,0.0,,611.11,Tadım Kavrulmuş Tuzsuz Kabak Çekirdeği 180 G,migros
migros-08089679,0.0,,328.57,Tadım Sultaniye Kuru Üzüm 140 G,migros
migros-08089682,0.0,,2099.5,By İzzet Antep Fıstığı 200 G,migros
migros-08080868,0.0,,998.0,Erçal Çifte Kavrulmuş Fındık İçi 50 G,migros
migros-08089690,0.0,,1099.0,Çiğ İç Fındık Kg,migros
migros-08089692,0.0,,339.9,Osmaniye Tuzlu Yer Fıstık Kg,migros
migros-08089693,0.0,,339.9,Osmaniye Tuzsuz Yer Fıstık Kg,migros
migros-08089696,0.0,,234.9,Soslu Cips Fıstık Kg,migros
migros-08089698,0.0,,259.0,Kuru Üzüm Kg,migros
migros-08089699,0.0,,479.0,Siyah Kuru Üzüm Kg,migros
migros-08089702,0.0,,1849.95,Antep Fıstık Kg,migros
migros-08089706,0.0,,999.9,Badem Kavrulmuş,migros
migros-08089674,0.0,,357.0,Emsal Osmaniye Yer Fıstığı 700 G,migros
migros-08093805,0.0,,899.72,Adalılar Tanem Kokteyl 180 G,migros
migros-08093806,0.0,,915.83,Adalılar Tanem Çiğ Karışık Kuruyemiş 120 G,migros
migros-08089878,0.0,,819.9,Papaya Kurusu Kg,migros
migros-08093811,0.0,,606.79,Adalılar Tanem Kuru Erik 140 G,migros
migros-08093812,0.0,,1914.62,Adalılar Tanem Fındık İçi 130 G,migros
migros-08093813,0.0,,338.61,Adalılar Tanem Beyaz Leblebi 180 G,migros
migros-08093815,0.0,,1483.85,Adalılar Tanem Ham Fındık 130 G,migros
migros-08093820,0.0,,1065.83,Adalılar Tanem Ham Badem 120 G,migros
migros-08093822,0.0,,999.09,Adalılar Tanem Ham Kaju 110 G,migros
migros-08093823,0.0,,999.17,Adalılar Tanem Kaju Fıstığı 120 G,migros
migros-08097404,0.0,,611.11,Tadım Kabak Çekirdeği 180 G,migros
migros-08097405,0.0,,466.67,Tadım Beyaz Leblebi 180 G,migros
migros-08089916,0.0,,1224.5,Şenocak Çifte Kavrulmuş Fındık 200 G,migros
migros-08097409,0.0,,396.0,Tadım Kabuklu Yer Fıstığı 250 G,migros
migros-08097410,0.0,,999.72,Tadım Kokteyl 180 G,migros
migros-08097412,0.0,,1416.67,Tadım Çiğ Badem 180 G,migros
migros-08098705,0.0,,645.0,Nestle Nesquik Duo Sütlü Kakaolu Buğday ve Mısır Gevreği 310 G,migros
migros-08099957,0.0,,1100.0,Tadım Ceviz İçi 150 G,migros
migros-08090143,0.0,,427.86,Master Crunch Sriracha Fıstık 140 G,migros
migros-08110030,0.0,,239.6,Red Bull Enerji İçeceği 250 Ml,migros
migros-08110031,0.0,,265.5,Red Bull Enerji İçeceği 4'lü Paket - 4x250 Ml,migros
migros-08110032,0.0,,265.5,Red Bull Enerji İçeceği Şekersiz 4'lü Paket - 4x250 Ml,migros
migros-08110033,0.0,,267.61,Red Bull Enerji İçeceği 355 Ml,migros
migros-08110034,0.0,,253.7,Red Bull Enerji İçeceği 473 Ml,migros
migros-08110035,0.0,,256.67,Red Bull Enerji İçeceği 6'lı Paket - 6X250 Ml,migros
migros-08097408,0.0,,1472.22,Tadım Badem İçi 180 G,migros
migros-08089921,0.0,,249.9,Tuzlu Yer Fıstık Ekonomik Kg,migros
migros-08089933,0.0,,374.5,Avuç Avuç Kavrulmuş Kabak Çekirdeği 200 G,migros
migros-08089941,0.0,,664.95,Hurma Medjoul Kg,migros
migros-08089950,0.0,,1875.0,Siirtten Fistalora Kavrulmuş Tuzlu Siirt Fıstığı 200 G,migros
migros-08089962,0.0,,316.67,Tadım Bol Tuzlu Kavrulmuş Siyah Ayçekirdek 180 G,migros
migros-08089968,0.0,,309.9,Ballı Susamlı Fıstık Kg,migros
migros-08089970,0.0,,249.9,Kavurgalı Karışık Kuruyemiş Kg,migros
migros-08089997,0.0,,699.9,Elma Kurusu Kg,migros
migros-08090082,0.0,,799.33,Migros Çiğ İç Fındık 150 G,migros
migros-08090095,0.0,,706.0,Migros Kavrulmuş Tuzlu Kaju Fıstığı 150 G,migros
migros-08090140,0.0,,1099.67,Master Farm Kuru İncir 150 G,migros
migros-08090142,0.0,,713.57,Master Crunch Soğan & Sumak Çeşnili Çıtır Kaplamalı Kızarmış Kaju 140G,migros
migros-08093804,0.0,,307.6,Adalılar Tanem Kabuklu Fıstık 250 G,migros
migros-08090144,0.0,,713.57,Master Crunch Pesto Soslu Çıtır Kaplı Kızarmış Fındık 140G,migros
migros-08090145,0.0,,299.5,Master Nut Mısır Kavurgası 200 G,migros
migros-08090146,0.0,,1028.0,List Nuts Tuzlu Kavrulmuş Karışık Kuruyemiş 125 G,migros
migros-08090148,0.0,,553.12,Dovido Multi Furito Çilek&Böğürtlen Aromalı Üzüm 112 G,migros
migros-08090149,0.0,,553.12,Dovido Multi Furito Muz&Portakal Aromalı Üzüm 112 G,migros
migros-08090858,0.0,,1856.79,Peyman Bahçeden Ortaya Karışık Asorti 140 G,migros
migros-08093792,0.0,,319.33,Adalılar Tanem Siyah Ayçekirdeği Quadro Tuzsuz 150 G,migros
migros-08093793,0.0,,279.6,Adalılar Tanem Siyah Ayçekirdeği Quadro Süper 250 G,migros
migros-08093794,0.0,,293.89,Adalılar Tanem Siyah Ayçekirdeği Quadro 180 G,migros
migros-08093801,0.0,,332.5,Adalılar Tanem Tombily Cips Fıstık 120 G,migros
migros-08093802,0.0,,613.57,Adalılar Tanem Kabak Çekirdeği 140 G,migros
migros-08093803,0.0,,471.67,Adalılar Tanem Tuzlu Yer Fıstığı 180 G,migros
migros-08089743,0.0,,1154.36,Açıkel Antep Fıstıklı Lokum 275 G,migros
migros-08080577,0.0,,436.88,Master Nut Benekli Leblebi 160 G,migros
migros-08080583,0.0,,399.33,Master Nut Beyaz Leblebi 150 G,migros
migros-08080618,0.0,,1249.95,Tuzlu Kavrulmuş Soyulmuş Badem İçi Kg,migros
migros-08080626,0.0,,1199.8,Zarında Kavrulmuş Kaju 250 G,migros
migros-08080627,0.0,,892.86,Tadım Hurma 140 G,migros
migros-08080632,0.0,,293.89,Adalılar Tanem Soslu Yer Fıstığı 180 G,migros
migros-08080634,0.0,,1090.0,Adalılar Tanem Ceviz İçi 110 G,migros
migros-08080635,0.0,,1124.17,Adalılar Tanem Badem İçi 120 G,migros
migros-08080636,0.0,,2230.0,Adalılar Tanem Antep Fıstığı 130 G,migros
migros-08080637,0.0,,324.17,Adalılar Tanem Soslu Mısır 120 G,migros
migros-08080638,0.0,,953.08,Adalılar Tanem Kuru İncir 130 G,migros
migros-08080639,0.0,,338.61,Adalılar Tanem Kuru Üzüm 180 G,migros
migros-08082209,0.0,,219.8,Siyah Ayçekirdek Tuzsuz 500 G,migros
migros-08080645,0.0,,395.0,Emsal Karışık Çerez Leblebi Üzüm 200 G,migros
migros-08080454,0.0,,899.5,Balkhoorma Kurutulmuş Hurması 100 G,migros
migros-08080647,0.0,,710.56,Master Nut Zamansız Karışık Kuruyemiş 180 G,migros
migros-08080654,0.0,,300.0,Kara Sevda Klasik Tuzlu Ayçekirdeği 180 G,migros
migros-08080658,0.0,,916.67,Tadım Çiğ Karışık Naturel 180 G,migros
migros-08080659,0.0,,714.29,Tadım Kuru Erik 140 G,migros
migros-08080662,0.0,,319.9,Çiğ Yer Fıstığı İçi Kg,migros
migros-08080664,0.0,,1844.62,Master Nut Fındık İçi 65 G,migros
migros-08080665,0.0,,4200.0,Gigi's Badem Yaban Mersini Atıştırmalık 50 G,migros
migros-08080666,0.0,,4200.0,Gigi's Kaju Ananas Hindistan Cevizi Atıştırmalık 50 G,migros
migros-08080667,0.0,,4200.0,Gigi's Ceviz İçi Elma Kurusu Atıştırmalık 50 G,migros
migros-08080671,0.0,,2427.14,Master Nut Kabuklu Antep Fıstığı 70 G,migros
migros-08080640,0.0,,999.44,Master Nut Efsane Karışık Kuruyemiş 180 G,migros
migros-08080396,0.0,,699.9,Datella Medjoul Hurma Jumbo 500 G,migros
migros-08080401,0.0,,1299.95,Gün Kurusu Kayısı Jumbo Kg,migros
migros-08080402,0.0,,1199.95,Sarı Kayısı Jumbo Kg,migros
migros-08080403,0.0,,1499.95,Ulukale Dut Kurusu Kg,migros
migros-08080406,0.0,,1035.36,Dovido Kuru Kayısı 140 G,migros
migros-08080407,0.0,,1185.36,Dovido Gün Kurusu Kayısı 140 G,migros
migros-08080409,0.0,,159.8,Migros Kavrulmuş Kabuklu Osmaniye Yer Fıstığı 500G,migros
migros-08080428,0.0,,639.6,Kabak Çekirdeği 250 G,migros
migros-08080256,0.0,,1299.0,Ananas Kurusu Doğal Kg,migros
migros-08080455,0.0,,199.6,Emsal Kavrulmuş Siyah Çekirdek 250 G,migros
migros-08080461,0.0,,319.8,Soslu Mısır 250 G,migros
migros-08080466,0.0,,1124.75,Karışık Kuruyemiş Extra 400 G,migros
migros-08080576,0.0,,436.88,Master Nut Tuzlu Leblebi 160 G,migros
migros-08080475,0.0,,7495.0,Pols Freeze Fresh Fruit Mix 20 G,migros
migros-08080487,0.0,,1679.2,Datçam Kabuksuz Kavrulmuş Badem Tuzlu 125 G,migros
migros-08080510,0.0,,1232.67,Şenocak Kavrulmuş Fındık 150 G,migros
migros-08080511,0.0,,932.67,Şenocak Çiğ İç Fındık 150 G,migros
migros-08080520,0.0,,510.89,Cevizli Sucuk 450 G,migros
migros-08080535,0.0,,1349.0,Perfect Delights Çilek 100 G,migros
migros-08080538,0.0,,1599.2,Datçam Kabuksuz Kavrulmuş Badem 125 G,migros
migros-08080539,0.0,,1439.2,Datçam Kavrulmuş Ak Badem 125 G,migros
migros-08080540,0.0,,1439.2,Datçam Çifte Kavrulmuş Badem 125 G,migros
migros-08080541,0.0,,1439.2,Datçam Ak Badem 125 G,migros
migros-08080542,0.0,,1519.2,Datçam Ak Badem Extra 125 G,migros
migros-08080369,0.0,,1607.14,Tadım Kavrulmuş Tuzlu Zarlı Kaju Fıstığı 140 G,migros
migros-08080472,0.0,,316.0,Kara Sevda Bol Tuzlu Siyah Ayçekirdeği 250 G,migros
migros-08080852,0.0,,356.43,Master Crunch Acılı Sumak Ekşi Kızarmış Leblebi 140 G,migros
migros-08080857,0.0,,1356.43,Fropie Probiyotik Kuruyemiş Mix 140 G,migros
migros-08080858,0.0,,1356.43,Fropie Omega-3 Kuruyemiş Mix 140 G,migros
migros-08080859,0.0,,998.0,Erçal Çiğ İç Fındık 50 G,migros
migros-08080860,0.0,,319.6,Master Nut Kabuklu Yer Fıstığı 250 G,migros
migros-08080861,0.0,,439.6,Gülmaş Kesme Gün Kurusu Nat Malatya Kayısısı 250 G,migros
migros-08080864,0.0,,1665.0,Dovido Pixy Vişne Püresi Küpleri 60 G,migros
migros-08080865,0.0,,1783.93,Dovido Pixy Orman Meyveleri Püresi Küpleri 56 G,migros
migros-08080866,0.0,,1783.93,Dovido Pixy Mango Püresi Küpleri 56 G,migros
migros-08080867,0.0,,485.43,Uzungil Sultan Lokum 350 G,migros
migros-08080684,0.0,,1799.6,Derme Makademya Fındığı 250 G,migros
migros-08080869,0.0,,1665.0,Dovido Pixy Şeftali Püresi Küpleri 60 G,migros
migros-08080672,0.0,,3643.48,Gigi's Yer Fıstığı Hurma Muz Atıştırmalık 115 G,migros
migros-08080872,0.0,,635.06,Uzungil Meyve Aromalı Karışık Sultan Sarma Lokum 425 G,migros
migros-08080873,0.0,,285.43,Uzungil Meyve Aromalı Çifte Kavrulmuş Lokum 350 G,migros
migros-08080874,0.0,,999.71,Uzungil Hindistan Cevizli Sultan Antep Fıstıklı Lokum 350 G,migros
migros-08080875,0.0,,219.8,Uzungil Gül Aromalı Lokum 500 G,migros
migros-08080876,0.0,,1199.71,Uzungil Kakaolu Fındık Kremalı Dalgıç Şekerli Sultan Sarma Lokum 350 G,migros
migros-08080877,0.0,,1199.71,Uzungil Spesiyal Antep Fıstıklı Fındıklı Nar Aromalı Sarma Lokum 350 G,migros
migros-08080878,0.0,,219.8,Uzungil Sade Lokum 500 G,migros
migros-08080879,0.0,,999.71,Uzungil Antep Fıstıklı Çifte Kavrulmuş Lokum 350 G,migros
migros-08080889,0.0,,749.75,Antepsan Kırık Ceviz İçi 400 G,migros
migros-08080893,0.0,,1199.71,Uzungil Antep Fıstıklı Karışık Fitil Lokum 350 G,migros
migros-08080894,0.0,,1199.71,Uzungil Sultan Sarma Lokum 350 G,migros
migros-08082001,0.0,,1888.89,Tadım Karnaval 180 G,migros
migros-08080871,0.0,,1000.0,Tadım Karışık Kuruyemiş Şenlik 180 G,migros
migros-08080676,0.0,,4200.0,Gigi's Yer Fıstığı Hurma Muz Atıştırmalık 50 G,migros
migros-08080677,0.0,,3643.48,Gigi's Badem Yaban Mersini Karışık Atıştırmalık 115 G,migros
migros-08080678,0.0,,3643.48,Gigi's Kaju Ananas Hindistan Cevizi Atıştırmalık 115 G,migros
migros-08080679,0.0,,3643.48,Gigi's Ceviz İçi Elma Kurusu Karışık Kuruyemiş 115 G,migros
migros-08080571,0.0,,1174.5,Karışık Ekstra Promosyon 200 G,migros
migros-08080699,0.0,,1111.11,Tadım İşlenmiş Kaju Fıstığı 135 G,migros
migros-08080737,0.0,,899.5,Çiğ Karışık Çerez 200 G,migros
migros-08080752,0.0,,1333.0,Üçlü Karışık Promosyon 300 G,migros
migros-08080755,0.0,,819.5,Soslu Karışık Kuruyemiş 200 G,migros
migros-08080756,0.0,,259.8,Siyah Ayçekirdeği Kavrulmuş Tuzlu 250 G,migros
migros-08080759,0.0,,2399.2,Master Nut Kabuklu Siirt Fıstığı 125 G,migros
migros-08080765,0.0,,1199.8,Kelebek Ceviz İçi 250 G,migros
migros-08080848,0.0,,1807.69,Master Nut Kavrulmuş İç Fındık 130 G,migros
migros-08080828,0.0,,405.0,Seyran Ürgüp Kabak Çekirdeği 200 G,migros
migros-08080832,0.0,,749.38,Master Nut Parti Karışım 160 G,migros
migros-08080833,0.0,,1832.78,Master Nut Artizan Karışık Kuruyemiş 180 G,migros
migros-08080834,0.0,,721.67,Master Nut Eğlencelik Karışık Kuruyemiş 180 G,migros
migros-08080835,0.0,,999.44,Master Nut Gurme Karışık Kuruyemiş 180 G,migros
migros-08080839,0.0,,943.89,Master Farm Vital Karışık Kuruyemiş 180 G,migros
migros-08080841,0.0,,832.67,Master Farm Çiğ İç Kabak Çekirdeği 150 G,migros
migros-08080646,0.0,,916.11,Master Farm Natura Karışık Kuruyemiş 180 G,migros
migros-08080843,0.0,,356.43,Master Crunch Acılı Sumaklı Çeşnili Yer Fıstığı 140 G,migros
migros-08080845,0.0,,439.6,Gülmaş Kesme Kuru İncir 250 G,migros
migros-08080846,0.0,,439.6,Gülmaş Kesme Kuru Kayısı 250 G,migros
migros-08080847,0.0,,856.57,Master Farm Çekirdekli Siyah Üzüm 175 G,migros
migros-08080827,0.0,,1532.67,Peyman Boll Bites Meyveli Kuruyemiş Parça 150 G,migros
migros-08044614,0.0,,51.67,Migros Çilek Aromalı Doğal Zengin Mineralli Gazlı İçecek 6 x 200 Ml,migros
migros-08044626,0.0,,73.96,Kızılay Mango Ananas Aromalı Maden Suyu 6 x 200 Ml,migros
migros-08044629,0.0,,73.96,Sırma Koruk Aromalı Doğal Maden Suyu 6 x 200 Ml,migros
migros-08044630,0.0,,55.58,Kızılay Afyonkarahisar Nostalji Maden Su 6 x 200 Ml,migros
migros-08044636,0.0,,73.96,Kızılay Karadut Frenk Üzümü Aromalı Maden Suyu 6 x 200 Ml,migros
migros-08040650,0.0,,66.62,Uludağ Doğal Maden Suyu 6X200 Ml,migros
migros-08044643,0.0,,188.5,Avoya Blend Vişne & Limon Maden Suyu 4 x 250 Ml,migros
migros-08044644,0.0,,70.83,Avoya Sert İçim Sade Maden Suyu 6 x 200 Ml,migros
migros-08044648,0.0,,188.5,Avoya Blend Hibiskus & Elma Maden Suyu 4 x 250 Ml,migros
migros-08044652,0.0,,99.96,Uludağ Frutti Mango & Ananas Aromalı Gazlı İçecek  6 x 200 Ml,migros
migros-08044653,0.0,,99.96,Uludağ Frutti Karadut & Frenk Üzümü Aromalı Gazlı İçecek 6 x 200 Ml,migros
migros-08059621,0.0,,320.0,Nescafé Xpress Choco Kakaolu Soğuk Kahve 250ml  ,migros
migros-08044658,0.0,,135.6,Sırma Churchill 250 Ml,migros
migros-08044660,0.0,,133.27,Avoya Blend Nane Limon Portakal Greyfurt Gazlı İçecek 750 Ml,migros
migros-08044661,0.0,,133.27,Avoya Blend Portakal Çiçeği Misket Limonu Zencefil Gazlı İçecek 750 Ml,migros
migros-08044668,0.0,,102.5,Uludağ Frutti Limon Aromalı Mineralli Gazlı İçecek 200 Ml,migros
migros-08048765,0.0,,90.0,Schweppes Zero Tonik Pet 1 L,migros
migros-08050095,0.0,,157.58,Lipton Ice Tea Mango ve Egzotik Meyve 330 Ml,migros
migros-08050096,0.0,,140.4,Lipton Ice Tea Mango ve Egzotik Meyve 6 x 330 Ml,migros
migros-08050170,0.0,,133.18,Uludağ Limonata 330 Ml,migros
migros-08050173,0.0,,226.0,Uludağ Limonata Cam 250 Ml,migros
migros-08040925,0.0,,280.0,San Pellegrino Doğal Mineralli Su 750 Ml,migros
migros-08050238,0.0,,379.6,Zel Kolajen İksir 250 Ml,migros
migros-08050252,0.0,,32.0,Migros Limonata 1 L,migros
migros-08044654,0.0,,188.5,Avoya Blend Misket Limonu Zencefil Portakal Çiçeği Maden Suyu 4 x 250 Ml,migros
migros-08040655,0.0,,55.58,Kızılay Maden Suyu Afyon 6 x 200 Ml,migros
migros-08040676,0.0,,99.96,Frutti Limon 6 x 200 Ml,migros
migros-08040677,0.0,,92.92,Frutti Elma 6 x 200 Ml,migros
migros-08040680,0.0,,99.96,Uludağ Frutti Karpuz - Çilek 6X200 Ml,migros
migros-08040681,0.0,,114.96,Uludağ Frutti C Max Vitaminli 6X200 Ml,migros
migros-08040684,0.0,,163.8,Uludağ Frutti Extra Kavun 250 Ml,migros
migros-08040685,0.0,,163.8,Uludağ Frutti Extra Armut 250 Ml,migros
migros-08040687,0.0,,163.8,Uludağ Frutti Extra Mandalina 250 Ml,migros
migros-08040688,0.0,,163.8,Uludağ Frutti Extra Yeşil Limon 250 Ml,migros
migros-08040689,0.0,,163.8,Uludağ Frutti Extra Orman Meyveli 250 Ml,migros
migros-08040710,0.0,,55.58,Beypazarı Maden Suyu 6 x 200 Ml,migros
migros-08040800,0.0,,43.5,Sırma Maden Suyu 1 L,migros
migros-08044612,0.0,,132.92,Kızılay Plus Yeşil Elma ve Erik Gazlı İçecek 6x200 Ml,migros
migros-08040900,0.0,,68.75,Sırma Maden Suyu 6 x 200 Ml,migros
migros-08040901,0.0,,59.0,Sırma Maden Suyu 6 x 250 Ml,migros
migros-08040174,0.0,,196.0,Avoya Blend Hibisküs Meyveli Maden Suyu 250 Ml,migros
migros-08040960,0.0,,55.58,Kınık Maden Suyu  6 x 200 Ml,migros
migros-08040965,0.0,,67.46,Damla Minera Mineralli Su 6 x 200 Ml,migros
migros-08040966,0.0,,139.24,Damla Minera Şişe 330 Ml,migros
migros-08040967,0.0,,107.93,Damla Minera Şişe 750 Ml,migros
migros-08040970,0.0,,90.83,Damla Minera Limonlu Maden Suyu Cam Şişe 6x200 ML,migros
migros-08040971,0.0,,90.83,Damla Minera Elmalı Maden Suyu Cam Şişe 6x200 ML,migros
migros-08042601,0.0,,272.58,Peja Zero Malt İçeceği 330 Ml,migros
migros-08044608,0.0,,51.67,Migros Limon Aromalı Doğal Mineralli Gazlı İçecek 6 x 200 Ml,migros
migros-08044609,0.0,,51.67,Migros Elma Aromalı Doğal Zengin Mineralli Gazlı İçecek 6 x 200 Ml,migros
migros-08040875,0.0,,72.5,Sırma Doğal Maden Suyu 200 Ml Cam,migros
migros-08050428,0.0,,53.33,Fusetea Kavun Çilek Pet 1.5 L,migros
migros-08050432,0.0,,321.43,Dimes Sıkma Mango Portakal 700 Ml,migros
migros-08050214,0.0,,120.0,Dimes %100 Rende Elma Armut Meyve Suyu 1 L,migros
migros-08050434,0.0,,219.8,Lavi %100 Nar Suyu Cam Şişe 250 Ml,migros
migros-08050436,0.0,,74.95,Lavi Vişne Nektar 1 L,migros
migros-08050437,0.0,,104.95,Lavi %100 Nar Suyu 1 L,migros
migros-08050456,0.0,,323.6,Jacobs Icepresso Clasic 250 Ml,migros
migros-08050458,0.0,,323.6,Jacobs Icepresso Dark 250 Ml,migros
migros-08050459,0.0,,323.6,Jacobs Icepresso Latte 250 Ml,migros
migros-08050460,0.0,,74.24,Migros Şeftali Aromalı Ice Tea 330 Ml,migros
migros-08050462,0.0,,248.75,Pupple Bubble Tea Mango Misket Limonu 400 Ml,migros
migros-08050256,0.0,,50.0,Migros Karışık Nektar 1 L,migros
migros-08050465,0.0,,77.1,Link Çilek Aromalı İçecek 310 Ml,migros
migros-08050468,0.0,,299.8,Züber Tropik Meyve Aromalı Çaylı İçecek 250 Ml,migros
migros-08050469,0.0,,299.8,Züber Limon Aromalı Çaylı İçecek 250 Ml,migros
migros-08050471,0.0,,299.8,Züber Şeftali Aromalı Çaylı İçecek 250 Ml,migros
migros-08050474,0.0,,300.0,Nescafe Xpress Vanilya 3 x  250 Ml,migros
migros-08050477,0.0,,1110.56,Organuca Matchalı Meyveli İçecek Shot 3 x 60 Ml,migros
migros-08050359,0.0,,239.6,Pin Drinks Portakal Mango Kutu 250 Ml,migros
migros-08050483,0.0,,1110.56,Organuca Collagen Shot 3 x 60 Ml,migros
migros-08050485,0.0,,300.0,Nescafe Xpress 3 x 250 Ml,migros
migros-08050488,0.0,,239.87,Doğanay Pancar Kvass Cam 750 Ml,migros
migros-08050489,0.0,,439.6,Organuca Sebze Meyve İçecek Salatalık Ispanak Nane 250 Ml,migros
migros-08050493,0.0,,1110.56,Organuca Zencefilli İçecek Ginger Shot 3 x 60 Ml,migros
migros-08050464,0.0,,50.0,Cappy Şekersiz Limonata 1 L,migros
migros-08050257,0.0,,62.5,Migros Karışık Meyve Nektarı 200 Ml,migros
migros-08050258,0.0,,64.95,Pamir Şalgam Acılı 1L,migros
migros-08050259,0.0,,64.95,Pamir Şalgam Sade 1L,migros
migros-08050269,0.0,,80.0,Cappy Ekşi Elmalı İçecek 1 L,migros
migros-08050270,0.0,,50.0,Migros Şeftali Nektari 1 L,migros
migros-08050271,0.0,,50.0,Migros Kayısı Nektarı 1 L,migros
migros-08050272,0.0,,62.5,Migros Şeftali Nektarı 200 ml,migros
migros-08050273,0.0,,62.5,Migros Kayısı Nektarı 200 Ml,migros
migros-08050274,0.0,,85.0,Migros Vişne Nektarı 200 Ml,migros
migros-08050297,0.0,,30.0,Migros Şeftali Aromalı Ice Tea 1 L,migros
migros-08050357,0.0,,135.0,Dimes %100 Orman Meyveli 1 L,migros
migros-08050358,0.0,,135.0,Dimes %100 Tropik Meyveler 1 L,migros
migros-08050426,0.0,,166.67,Fuse Tea Kavun Çilek Soğuk Çay Kutu 330 Ml,migros
migros-08050360,0.0,,135.0,Dimes %100 İlk Hasat Narenciye 1 L,migros
migros-08050361,0.0,,32.0,Migros Limonata Şekersiz 1 L,migros
migros-08050376,0.0,,100.96,Tamek Ice Tea Şeftali Aromalı İçecek Can 6 x 330 Ml,migros
migros-08050377,0.0,,456.67,Exotic Çilekli Limonata 300 Ml,migros
migros-08050380,0.0,,279.8,Herby Ice Tea Berry Hibiscus 250 Ml,migros
migros-08050381,0.0,,100.96,Tamek Ice Tea Karpuz-Çilek Aromalı İçecek 6x330 Ml,migros
migros-08050382,0.0,,279.8,Herby Ice Tea Açai Ananas 250 Ml,migros
migros-08050386,0.0,,50.0,Cappy Serin Narenciye Pet 1 L,migros
migros-08050393,0.0,,359.6,Migros Mocha Çikolata Aromalı Kahveli Sütlü İçecek 250 Ml,migros
migros-08050394,0.0,,359.6,Migros Latte Kahveli Sütlü İçecek 250 Ml,migros
migros-08050418,0.0,,97.5,Dimes Ananas Aromalı İçecek 200 Ml,migros
migros-08050425,0.0,,89.95,Lavi Berry Çilek Meyveli İçecek 1 L,migros
migros-08044642,0.0,,99.96,Uludağ Frutti Ahududu Aromalı Gazlı İçecek 6 x 200 Ml,migros
migros-08035006,0.0,,200.0,Sprite Limon Aromalı Gazoz Kutu 6 x 250 Ml,migros
migros-08035025,0.0,,90.0,Schweppes Tonik Pet 1 L,migros
migros-08035051,0.0,,47.33,"Fruko Gazoz Pet 1,5 L",migros
migros-08035091,0.0,,159.93,Beyoğlu Klasik Karışık Meyve Aromalı Gazlı İçecek 6 x 250 Ml,migros
migros-08035150,0.0,,61.5,Uludağ Sade Efsane Gazoz 1 L,migros
migros-08035151,0.0,,61.5,Uludağ Efsane Light Sade Gazoz 1 L,migros
migros-08035152,0.0,,61.5,Uludağ Efsane Portakal Pet Şekersiz 1 L,migros
migros-08035249,0.0,,50.0,Çamlıca Şekersiz 1 L,migros
migros-08035250,0.0,,50.0,Çamlıca Limon Aromalı Sade Gazoz 1 L,migros
migros-08035400,0.0,,36.67,"Çamlıca Gazoz 1,5 L",migros
migros-08035501,0.0,,36.36,"Uludağ Efsane Gazoz 2,5 L",migros
migros-08040089,0.0,,54.5,Sırma Limon Aromalı C Vitaminli Maden Suyu 1 L,migros
migros-08035700,0.0,,272.0,Schweppes Tonik Cam Şişe 250 ML,migros
migros-08038901,0.0,,149.67,Uludağ Efsane Gazoz 6X250 Ml,migros
migros-08038930,0.0,,111.11,Mountain Dew Gazoz 450 Ml,migros
migros-08038931,0.0,,151.52,Mountain Dew Turunçgil Aromalı Gazoz Kutu 330 Ml,migros
migros-08038943,0.0,,863.41,Starbucks Chilled Classics Skinny Latte 220 Ml,migros
migros-08038949,0.0,,98.33,Çamlıca Limon Aromalı Gazoz 6x200 Ml,migros
migros-08038950,0.0,,110.62,Çamlıca Portakal Aromalı Gazoz 6X200 Ml,migros
migros-08038956,0.0,,251.6,Uludağ Sıfır Kalori Tonik 250 Ml,migros
migros-08038957,0.0,,178.0,Maltana Armutlu Alkolsüz Malt İçecek 250 Ml,migros
migros-08038958,0.0,,178.0,Maltana Şeftali Alkolsüz Malt İçecek 250 Ml,migros
migros-08038959,0.0,,178.0,Maltana Ananas Alkolsüz Malt İçecek 250 Ml,migros
migros-08038963,0.0,,69.5,Uludağ Sıfır Kalori Tonik 1 L,migros
migros-08030146,0.0,,249.5,Datçam Kavun Aromalı Datça Gazozu 200 Ml,migros
migros-08030130,0.0,,57.0,Lipton Ice Tea Sparkling Lemon Yuzu Pet 1 L,migros
migros-08030131,0.0,,157.58,Lipton Ice Tea Sparkling Tropikal Can 330 Ml,migros
migros-08030141,0.0,,157.58,Lipton Ice Tea Sparkling Lemon Yuzu Can 330 Ml,migros
migros-08030143,0.0,,70.0,Fanta Nar Aromalı Gazoz 1 L,migros
migros-08030145,0.0,,363.64,Chupa Chups Çilek Aromalı Gazlı İçecek 330 Ml,migros
migros-08028214,0.0,,80.0,Dimes Mango Aromalı İçecek 1 L,migros
migros-08030152,0.0,,249.5,Datçam Badem Aromalı Datça Gazozu 200 Ml,migros
migros-08030153,0.0,,249.5,Datçam Nar Aromalı Datça Gazozu 200 Ml,migros
migros-08030154,0.0,,427.14,Owen Blackley Bitter Çikolata Aromalı Alkolsüz İçecek 700 Ml,migros
migros-08030157,0.0,,249.5,Datçam Çam Sakızı Aromalı Datça Gazozu 200 Ml,migros
migros-08030158,0.0,,249.5,Datçam Şeftali & Lavanta Aromalı Datça Gazozu 200 Ml,migros
migros-08030159,0.0,,249.5,Datçam Limon Aromalı Datça Gazozu 200 Ml,migros
migros-08035005,0.0,,35.0,"Sprite Limon Aromalı Pet 2,5 L",migros
migros-08030169,0.0,,122.0,Kayısı Kola Orijinal Gazlı İçecek 250 Ml,migros
migros-08030176,0.0,,181.82,Laimonfresh Lime Lemon Mint 330 Ml,migros
migros-08030177,0.0,,363.64,Chupa Chups Sparkling Ekşi Yaban Mersini Aromalı İçecek 330 Ml,migros
migros-08030181,0.0,,363.64,Chupa Chups Sparkling Karpuz Aromalı Gazlı İçecek 330 Ml,migros
migros-08030186,0.0,,144.0,İzmit Gazozu Karadut 6 x 250 Ml,migros
migros-08030198,0.0,,128.0,İzmit Gazozu Frambuaz Aromalı Gazlı İçecek 6 x 250 Ml,migros
migros-08030201,0.0,,199.8,Nontoxx Hindistan Cevizi & Ananas Aromalı İçecek 250 Ml,migros
migros-08030203,0.0,,199.8,Nontoxx Limon & Kavun Aromalı İçecek 250 Ml,migros
migros-08030027,0.0,,127.27,Dydo Joozy Liçi Aromalı Gazlı İçecek 330 Ml,migros
migros-08030206,0.0,,199.8,Nontoxx Guava & Kivi Aromalı İçecek 250 Ml,migros
migros-08030301,0.0,,53.33,"Sprite Limon Aromalı Pet 1,5 L",migros
migros-08035000,0.0,,70.0,Sprite Limon Aromalı Pet 1 L,migros
migros-08030168,0.0,,122.0,Kayısı Kola Portakal Aromalı Gazlı İçecek 250 Ml,migros
migros-08040145,0.0,,73.96,Sırma +C Mango Ananas Aromalı Mineralli İçecek 6 x 200 Ml,migros
migros-08040146,0.0,,82.5,Saka +C Vitaminli Limon Aromalı Gazlı İçecek 6 x 200 Ml,migros
migros-08040158,0.0,,147.8,Sırma Karma Portakal Çiçeği ve Misket Limonu Aromalı 250 Ml,migros
migros-08040159,0.0,,147.8,Sırma Karma Karadut & Kiraz Çiçeği Vişne Aromalı 250 Ml,migros
migros-08040165,0.0,,147.8,Sırma Karma Mango Mürver Çiçeği Şeftali Aromalı 250 Ml,migros
migros-08040167,0.0,,72.5,Saka Maden Suyu 200 Ml,migros
migros-08040172,0.0,,70.83,Avoya Sade Maden Suyu 6 x 200 Ml,migros
migros-08040173,0.0,,196.0,Avoya Blend Greyfurt & Portakal Meyveli Maden Suyu 250 Ml,migros
migros-08038976,0.0,,236.67,Schweppes Tonik Cam Şişe 6x250 ML,migros
migros-08040175,0.0,,196.0,Avoya Blend İncir Lavanta Meyveli Maden Suyu 250 Ml,migros
migros-08040176,0.0,,196.0,Avoya Blend Vişne Limon Meyveli Maden Suyu 250 Ml,migros
migros-08038966,0.0,,180.0,Migros Soğuk Kahve Latte 250 Ml,migros
migros-08040178,0.0,,101.25,Avoya Meyveli Çilek & Gül Maden Suyu 6 x 200 Ml,migros
migros-08040179,0.0,,101.25,Avoya Meyveli Elma & Adaçayı Maden Suyu 6 x 200 Ml,migros
migros-08040180,0.0,,82.5,Sırma B+ Karadut Frenk Üzümü Maden Suyu 200 Ml,migros
migros-08040192,0.0,,54.5,Sırma Karadut ve Frenk Üzümü Aromalı Maden Suyu 1 L,migros
migros-08040194,0.0,,260.0,Tonika Mango Aromalı Tonik 250 Ml,migros
migros-08040195,0.0,,260.0,Tonika Japon Kirazı Aromalı Tonik 250 Ml,migros
migros-08040197,0.0,,260.0,Tonika Tonik 250 Ml,migros
migros-08040517,0.0,,92.92,Freşa C Plus Limon 6X200 Ml,migros
migros-08040600,0.0,,299.24,Perrıer Maden Suyu 4X330 Ml,migros
migros-08040625,0.0,,65.0,Uludağ Doğal Maden Suyu 200 Ml,migros
migros-08040636,0.0,,161.27,Uludağ Premium 750 Ml,migros
migros-08040640,0.0,,197.67,Uludağ Premium 6X250 Ml,migros
migros-08040177,0.0,,101.25,Avoya Meyveli Limon & Limon Çiçeği Maden Suyu 6 x 200 Ml,migros
migros-08038967,0.0,,180.0,Migros Soğuk Kahve Mocha 250 Ml,migros
migros-08038974,0.0,,66.5,Lipton Ice Tea Şekersiz Şeftali Aromalı İçecek Pet 1 L,migros
migros-08030205,0.0,,130.0,Jupiler 0.0 % Alkolsüz Malt İçecek 50 Cl,migros
migros-08038981,0.0,,91.67,Çamlıca Frambuaz Aromalı Gazoz Cam Şişe 6x200 Ml,migros
migros-08038986,0.0,,50.0,Çamlıca Portakal Aromalı Gazoz 1 L,migros
migros-08038987,0.0,,50.0,Çamlıca Limon Aromalı Gazoz 1 L,migros
migros-08038990,0.0,,49.93,"Uludağ Daha Az Kalori Efsane Gazoz 1,5 Lt",migros
migros-08038991,0.0,,50.33,Uludağ Efsane Portakal Az Şekerli 1.5 L,migros
migros-08040009,0.0,,383.33,San Pellegrino Doğal Mineralli Su 6x250 Ml,migros
migros-08040057,0.0,,65.21,Saka Doğal Maden Suyu 6 x 200 Ml,migros
migros-08040079,0.0,,62.5,Uludağ Frutti Extra Mandalinalı Pet 1 L,migros
migros-08040080,0.0,,62.5,Uludağ Frutti Extra Yeşil Limon Pet 1 L,migros
migros-08040144,0.0,,73.96,Sırma C+ Elmalı Doğal Maden Suyu 6x200 Ml,migros
migros-08040082,0.0,,73.96,Sırma B+ Karadut Frenk Üzümü Maden Suyu 6 x 200 Ml,migros
migros-08040085,0.0,,82.5,Saka Limon Aromalı Doğal Zengin Mineralli Gazlı İçecek 6 x 200 Ml,migros
migros-08040086,0.0,,82.5,Saka Elma Aromalı Doğal Zengin Mineralli Gazlı İçecek 6 x 200 Ml,migros
migros-08040087,0.0,,82.5,Saka Karpuz Çilek Aromalı Gazlı İçecek 6 x 200 Ml,migros
migros-08040088,0.0,,54.5,Sırma Mango & Ananas Aromalı C Vitaminli Maden Suyu 1 L,migros
migros-08035512,0.0,,374.5,Kavaklıdere Kırmızı Üzüm Suyu 200 Ml,migros
migros-08040107,0.0,,70.0,Kızılay Zengin Mineralli Su Erzincan 200 Ml,migros
migros-08040111,0.0,,73.96,Kınık Limon C Plus Maden Suyu 6 x 200 Ml,migros
migros-08040112,0.0,,54.5,Sırma Mandalina Aromalı C Vitaminli Maden Suyu 1 L,migros
migros-08040134,0.0,,69.0,Beypazarı Premium Sade Doğal Maden Suyu 750 Ml,migros
migros-08040141,0.0,,73.96,Sırma C+ Limon Aromalı 6 x 200 Ml,migros
migros-08040143,0.0,,73.96,Sırma C+ Mandalinalı 6 x 200 Ml,migros
migros-08040081,0.0,,62.5,Uludağ Frutti Extra Orman Meyveli Pet 1 L,migros
migros-08054821,0.0,,97.5,Dimes Şeftali Nektarı 200 Ml,migros
migros-08054822,0.0,,97.5,Dimes Kayısı Nektarı 200 Ml,migros
migros-08054828,0.0,,97.5,Dimes Karışık Meyve Nektarı 200 Ml,migros
migros-08054838,0.0,,120.0,Dimes %100 Kırmızı Meyvelerden Meyve Suyu 1 L,migros
migros-08054880,0.0,,80.0,Dimes 7/24 Enerji Karışık Meyveli İçecek 1 L,migros
migros-08054913,0.0,,135.0,Dimes %100 Elma - Vişne Suyu 1 L,migros
migros-08054914,0.0,,120.0,Dimes %100 Karışık Meyve Suyu 1 L,migros
migros-08054927,0.0,,321.43,Dimes Moments Sıkma Portakal Suyu Cam 700 Ml,migros
migros-08054962,0.0,,80.0,Dimes Ekşi Elma 1 L,migros
migros-08054087,0.0,,328.79,M Life Organik Yaban Mersini Suyu 330 Ml,migros
migros-08055169,0.0,,48.67,Hayat Su 750 Ml,migros
migros-08050494,0.0,,439.6,Organuca Sebze Meyve İçecek Ananas Mango Havuç 250 Ml,migros
migros-08055173,0.0,,113.75,Cappy Atom Ballı Karışık Meyve Nektarı Karton Kutu 200 ML,migros
migros-08055177,0.0,,66.5,Lipton Ice Tea Şeftali 1 L,migros
migros-08055178,0.0,,66.5,Lipton Ice Tea Limon 1 L,migros
migros-08055179,0.0,,66.5,Lipton Ice Tea Mango ve Egzotik Meyve 1 L,migros
migros-08055261,0.0,,62.5,Migros Vişne Nektarı 1 L,migros
migros-08055303,0.0,,148.5,Cappy %100 Domates Suyu Karton Kutu 1 L,migros
migros-08056220,0.0,,59.95,Uludağ Meyvelim Gazsız Ananaslı İçecek 1 L,migros
migros-08058415,0.0,,99.75,Cappy Kayısı Nektarı Karton Kutu 200 ML,migros
migros-08058416,0.0,,99.75,Cappy Karışık Meyve Nektarı Karton Kutu 200 ML,migros
migros-08058450,0.0,,99.75,Cappy Şeftali Nektarı Karton Kutu 200 ML,migros
migros-08058583,0.0,,102.5,Caprı-sun Multi Vitamin 200 Ml,migros
migros-08058584,0.0,,102.5,Capri-sun Safari Fruits 200 Ml,migros
migros-08055172,0.0,,80.0,Cappy Atom Ballı Karışık Meyve Nektarı Karton Kutu 1 L,migros
migros-08054082,0.0,,328.79,M Life Organik İncir - Elma Suyu 330 Ml,migros
migros-08054083,0.0,,328.79,M Life Organik Nar Suyu 330 Ml,migros
migros-08054085,0.0,,328.79,M Life Organik Acai - Karadut - Nar - Elma Suyu 330 Ml,migros
migros-08050795,0.0,,289.9,Züber Icetea Karışık Kutu 4 x 250 Ml,migros
migros-08054093,0.0,,495.0,Elite Organik Sıkma Nar Suyu 200 Ml,migros
migros-08054094,0.0,,495.0,Elite Organik Sıkma Karadut Suyu 200 Ml,migros
migros-08054400,0.0,,80.0,Cappy Şeftali Nektarı Karton Kutu 1 L,migros
migros-08054500,0.0,,80.0,Cappy Kayısı Nektarı Karton Kutu 1 L,migros
migros-08054510,0.0,,135.0,Cappy %100 Elma Suyu Karton Kutu 1 L,migros
migros-08054580,0.0,,135.0,Cappy %100 Elma Şeftali Suyu Karton Kutu 1 L,migros
migros-08054582,0.0,,135.0,Cappy %100 Karışık Meyve Suyu Karton Kutu 1 L,migros
migros-08054594,0.0,,50.0,Cappy Geleneksel Limonata Pet 1 L,migros
migros-08054820,0.0,,97.5,Dimes Vişne Nektarı 200 Ml,migros
migros-08054610,0.0,,86.5,Cappy Pulpy Portakal 1 L,migros
migros-08054612,0.0,,86.5,Cappy Pulpy Karışık 1 L,migros
migros-08054615,0.0,,142.42,Cappy Pulpy Portakallı İçecek Pet 330 ML,migros
migros-08054617,0.0,,86.5,Cappy Pulpy Şeftali 1 L,migros
migros-08054631,0.0,,262.0,Cappy Karışık Meyve Nektarı Cam Şişe 250 Ml,migros
migros-08054632,0.0,,262.0,Cappy Şeftali Nektarı Cam Şişe 250 Ml,migros
migros-08050863,0.0,,45.5,Didi Şeftali Aromalı Soğuk Çay 1 L Pet Şişe,migros
migros-08054802,0.0,,160.0,Dimes %100 Portakal 1 L,migros
migros-08054806,0.0,,99.0,Dimes Vişne Nektarı 1 L,migros
migros-08054807,0.0,,80.0,Dimes Şeftali Nektarı 1 L,migros
migros-08054810,0.0,,120.0,Dimes %100 Elma Suyu 1 L,migros
migros-08054812,0.0,,80.0,Dimes Karışık Meyve Nektarı 1 L,migros
migros-08054600,0.0,,80.0,Cappy Portakallı İçecek Karton Kutu 1 L,migros
migros-08059548,0.0,,157.58,Lipton Ice Tea Limon 330 Ml,migros
migros-08059549,0.0,,157.58,Lipton Ice Tea Şeftali 330 Ml,migros
migros-08059557,0.0,,157.58,Lipton Ice Tea Şekersiz Şeftali Aromalı Soğuk Çay Kutu 330 Ml,migros
migros-08059593,0.0,,46.67,"Lipton Ice Tea Mango ve Egzotik Meyve 1,5 L",migros
migros-08059594,0.0,,46.67,"Lipton Ice Tea Yeşil Çay Pet 1,5 L",migros
migros-08059599,0.0,,42.5,Lipton Ice Tea Sofra Şeftali Aromalı Soğuk Çay Pet 2 L,migros
migros-08058965,0.0,,49.5,Doğanay Limonata 1 L,migros
migros-08059615,0.0,,759.8,Starbucks Frappuccino Coffee 250 Ml,migros
migros-08059616,0.0,,759.8,Starbucks Frappuccino Mocha 250 Ml,migros
migros-08059617,0.0,,759.8,Starbucks Frappuccino Caramel 250 Ml,migros
migros-08059619,0.0,,863.41,Starbucks Chilled Classics Caramel Macchiato 220 Ml,migros
migros-08058909,0.0,,113.33,Doğanay Acılı Şalgam Suyu Acılı 300 Ml,migros
migros-08110038,0.0,,200.0,Burn Enerji İçeceği Kutu 500 ML,migros
migros-08059622,0.0,,320.0,Nescafe Xpress Vanilya 250 Ml,migros
migros-08059623,0.0,,863.41,Starbucks Chilled Classics Coffee Latte 220 Ml,migros
migros-08059624,0.0,,320.0,Nescafé Xpress Black Roast Soğuk Kahve 250ml ,migros
migros-08059929,0.0,,150.98,Pfanner Yeşil Elma Suyu 2 Lt,migros
migros-08059933,0.0,,150.98,Pfanner B+C+E Orman Meyveli 2 Lt,migros
migros-08059947,0.0,,158.48,Pfanner Portakal Nektarı  2 L,migros
migros-08059948,0.0,,150.98,Pfanner Morning Boost Karışık Meyveli İçecek 2 L,migros
migros-08059951,0.0,,150.98,Pfanner Vitamin & Magnezyum Katkılı Karışık İçecek 2 L,migros
migros-08060009,0.0,,27.97,"Erikli Su 1,5 L",migros
migros-08059514,0.0,,166.67,Fuse Tea Şeftali Aromalı Soğuk Çay Kutu 330 ML,migros
migros-08060045,0.0,,128.79,Pürsu Elite Doğal Kaynak Suyu Cam Şişe 330 Ml,migros
migros-08059620,0.0,,320.0,Nescafe Xpress Original 250 Ml,migros
migros-08054634,0.0,,262.0,Cappy Vişne Nektarı Cam Şişe 250 Ml,migros
migros-08058967,0.0,,49.5,Doğanay Şekersiz Limonata 1 L,migros
migros-08059112,0.0,,95.95,Tamek Vişne Nektarı 1 L,migros
migros-08059114,0.0,,75.0,Tamek Kayısı Nektarı 1 Lt,migros
migros-08059115,0.0,,75.0,Tamek Karışık Meyve Nektarı 1 Lt,migros
migros-08059116,0.0,,81.25,Tamek Şeftali Nektarı 200 Ml,migros
migros-08059118,0.0,,81.25,Tamek Karışık Meyve Nektar 200 Ml,migros
migros-08059120,0.0,,115.0,Tamek %100 Şeftali-elma Suyu 1 Lt,migros
migros-08059121,0.0,,115.0,Tamek %100 Karışık Meyve Suyu 1 Lt,migros
migros-08059442,0.0,,140.4,Lipton Ice Tea Şekersiz Şeftali Aromalı Soğuk Çay Kutu 6 x 330 Ml,migros
migros-08059506,0.0,,53.33,"Fuse Tea Şeftali Aromalı Soğuk Çay Pet 1,5 L",migros
migros-08059507,0.0,,53.33,"Fuse Tea Limon Aromalı Soğuk Çay Pet 1,5 L",migros
migros-08059546,0.0,,140.4,Lipton Ice Tea Şeftali 6 x 330 Ml,migros
migros-08059511,0.0,,70.0,Fuse Tea Limon Soğuk Çay Pet 1 L,migros
migros-08059512,0.0,,70.0,Fuse Tea Mango Ananas Soğuk Çay Pet 1 L,migros
migros-08059513,0.0,,70.0,Fuse Tea Karpuz Soğuk Çay Pet 1 L,migros
migros-08054980,0.0,,380.0,Dimes Sıkma Portakal Suyu 250 Ml,migros
migros-08059516,0.0,,166.67,Fuse Tea Limon Aromalı Soğuk Çay Kutu 330 ML,migros
migros-08059518,0.0,,166.67,Fuse Tea Karpuz Aromalı Soğuk Çay Kutu 330 ML,migros
migros-08059519,0.0,,159.09,Fuse Tea Şeftali Aromalı Soğuk Çay Kutu 6x330 ML,migros
migros-08059521,0.0,,159.09,Fuse Tea Mango Ananas Aromalı Soğuk Çay Kutu 6x330 ML,migros
migros-08059522,0.0,,159.09,Fuse Tea Karpuz Aromalı Soğuk Çay Kutu 6x330 ML,migros
migros-08059525,0.0,,76.0,Didi Limon Soğuk Çay 500 Ml,migros
migros-08059527,0.0,,76.0,Didi Bergamot Soğuk Çay 500 Ml,migros
migros-08059545,0.0,,140.4,Lipton Ice Tea Limon Aromalı Soğuk Çay Kutu 6 x 330 Ml,migros
migros-08059510,0.0,,70.0,Fuse Tea Şeftali Soğuk Çay Pet 1 L,migros
migros-08050611,0.0,,46.67,Lipton Ice Tea Ahududu 1.5 L,migros
migros-08050618,0.0,,159.09,Fuse Tea Kavun ve Çilek 6 x 330 Ml,migros
migros-08050620,0.0,,66.5,Lipton Ice Tea Orman Meyveli 1 L,migros
migros-08050621,0.0,,66.5,Lipton Ice Tea Hibiscus Ahududu 1 L,migros
migros-08050625,0.0,,300.0,Nescafe Xpress Şekersiz Latte 3 x 250 Ml,migros
migros-08050626,0.0,,181.82,Laimonfresh Lime Lemon Berry 330 Ml,migros
migros-08050627,0.0,,300.0,Nescafe Xpress Black 3 x 250 Ml,migros
migros-08050628,0.0,,300.0,Nescafe Xpress Americano 3 x 250 Ml,migros
migros-08050630,0.0,,203.6,Lol Vanilya Aromalı Gazlı İçecek 250 Ml,migros
migros-08050631,0.0,,203.6,Lol Çilek Aromalı Gazlı Içecek 250 Ml,migros
migros-08050632,0.0,,69.5,Lavi Yaban Mersini ve Mandalina Meyveli İçecek 1 L,migros
migros-08054081,0.0,,328.79,M Life Organik Elma Suyu 330 Ml,migros
migros-08050639,0.0,,70.0,Sprite Cool Lemon Mint Limon & Nane Aromalı Gazoz 1 L,migros
migros-08050656,0.0,,343.8,Oddly.Zip %100 Portakal Suyu Cam 250 Ml,migros
migros-08050657,0.0,,343.8,Oddly.Zip %100 Nar ve Yaban Mersin Suyu Cam 250 Ml,migros
migros-08050554,0.0,,42.5,Lipton Ice Tea Tropical Meyve Aromalı İçecek 2 L,migros
migros-08050664,0.0,,1575.0,Elite Organic Focus Shot 60 Ml,migros
migros-08050665,0.0,,1575.0,Elite Organic Hydration Shot 60 Ml,migros
migros-08050666,0.0,,1575.0,Elite Organic Powerbank Shot 60 Ml,migros
migros-08050667,0.0,,1575.0,Elite Organic Defence Shot 60 Ml,migros
migros-08050668,0.0,,1575.0,Elite Organic Beauty Shot 60 Ml,migros
migros-08050669,0.0,,1575.0,Elite Organic 1-Daily Shot 60 Ml,migros
migros-08050670,0.0,,1575.0,Elite Organic Skinny Shot 60 Ml,migros
migros-08050671,0.0,,1575.0,Elite Organic Hangover Shot 60 Ml,migros
migros-08050637,0.0,,181.82,Laimonfresh Lime Lemon Mango 330 Ml,migros
migros-08050497,0.0,,225.0,Nescafe Xpress Latte 1 L,migros
migros-08050540,0.0,,62.5,Migros %100 Elma Şeftali Suyu 1 L,migros
migros-08050541,0.0,,62.5,Migros %100 Karışık Meyve Suyu 1 L,migros
migros-08050544,0.0,,97.5,Sizzle-Pop Summer Champ Şeftali Elma Ananas 200 Ml,migros
migros-08050545,0.0,,97.5,Sizzle-Pop Dancing Friends Ananas Mango Yaban Mersini 200 Ml,migros
migros-08050546,0.0,,66.5,Lipton Ice Tea Raspberry 1 L,migros
migros-08050551,0.0,,159.6,Oddly Şeftali Rooıbos Soğuk Çay 250 Ml,migros
migros-08050552,0.0,,80.0,Cappy Ananaslı İçecek 1 L Tetra,migros
migros-08050553,0.0,,45.75,Tamek Saray Şerbeti 1L,migros
migros-08050433,0.0,,219.8,Lavi %100 Böğürtlen - Elma Suyu Cam Şişe 250 Ml,migros
migros-08050555,0.0,,340.0,Exotic Portakal Muz Bal 750 Ml,migros
migros-08050558,0.0,,157.58,Lipton Ice Tea Raspberry 330 Ml,migros
migros-08050482,0.0,,1110.56,Organuca 3'lü Immunity Shot 3 x 60 Ml,migros
migros-08050561,0.0,,599.8,The Whirl Laktozsuz Şekersiz Latte 250 Ml,migros
migros-08050563,0.0,,599.8,The Whirl Cold Brew 250 Ml,migros
migros-08050566,0.0,,599.8,The Whirl Salted Caramel 250 Ml,migros
migros-08050568,0.0,,279.6,Gümüşsu Kuşburnu Suyu 250 Ml,migros
migros-08050570,0.0,,279.6,Gümüşsu Aronya Suyu 250 Ml,migros
migros-08050572,0.0,,198.0,Obsesso Creamy Vanilya 250 Ml,migros
migros-08050573,0.0,,198.0,Obsesso Creamy Antep Fıstığı 250 Ml,migros
migros-08050582,0.0,,62.5,Migros Şeftali Nektarı 200 Ml,migros
migros-08050585,0.0,,199.73,Ice Break Toffee Nut Latte 375 Ml,migros
migros-08050594,0.0,,399.8,Loco Snap Green One Salatalık Üzüm Zencefil 250 Ml,migros
migros-08050595,0.0,,399.8,Loco Snap Dark Green One Kuzu Kulağı Lime Yuzu 250 Ml,migros
migros-08050599,0.0,,399.8,Loco Snap Orange One Passion Fruit Ananas 250 Ml,migros
migros-08050560,0.0,,599.8,The Whirl White Chocolate Mocha 250 Ml,migros
migros-08050818,0.0,,93.18,Didi Şeftali Aromalı Soğuk Çay 330 Ml,migros
migros-08050819,0.0,,93.18,Didi Limon Aromalı Soğuk Çay 330 Ml,migros
migros-08050820,0.0,,93.18,Didi Bergamot Aromalı Soğuk Çay 330 Ml,migros
migros-08050853,0.0,,31.0,"Didi Limonlu Soğuk Çay 2,5 L",migros
migros-08050854,0.0,,31.0,"Didi Şeftali Aromalı Soğuk Çay 2,5 L",migros
migros-08050855,0.0,,31.0,"Didi Bergamot Aromalı Soğuk Çay 2,5 L",migros
migros-08050857,0.0,,114.0,Didi Şeftali Aromalı Soğuk Çay 250 Ml,migros
migros-08050858,0.0,,114.0,Didi Limon Aromalı Soğuk Çay 250 Ml,migros
migros-08050859,0.0,,114.0,Didi Çilek Aromalı Soğuk Çay 250 Ml,migros
migros-08050860,0.0,,35.67,"Didi Şeftali Aromalı Soğuk Çay 1,5 L",migros
migros-08050861,0.0,,35.67,"Didi Limon Aromalı Soğuk Çay 1,5 L",migros
migros-08050678,0.0,,495.0,Elite Organic Sıkma Portakal Suyu 200 Ml,migros
migros-08050709,0.0,,80.0,Dimes Orman Meyveli Aromalı İçecek 1 L,migros
migros-08050864,0.0,,45.5,Didi Limon Aromalı Soğuk Çay 1 L Pet Şişe,migros
migros-08050865,0.0,,45.5,Didi Bergamot Aromalı Soğuk Çay 1 L Pet Şişe,migros
migros-08050940,0.0,,80.0,Dimes Karpuz ve Çilekli İçecek 1 L,migros
migros-08052542,0.0,,53.33,"Fuse Tea Karpuz Aromalı Soğuk Çay Pet 1,5 L",migros
migros-08053253,0.0,,300.0,Obsesso Mocha Soğuk Kahve 250 Ml,migros
migros-08053254,0.0,,300.0,Obsesso Latte Soğuk Kahve 250 Ml,migros
migros-08053257,0.0,,300.0,Obsesso Caramel Macchiato Soğuk Kahve 250 Ml,migros
migros-08053428,0.0,,261.25,Tamek Kayısı Nektari Kahverengi Şişe 200 Ml,migros
migros-08053429,0.0,,261.25,Tamek Şeftali Nektarı Kahverengi Şişe 200 Ml,migros
migros-08053430,0.0,,261.25,Tamek Vişne Nektari Kahverengi Şişe 200 Ml,migros
migros-08054080,0.0,,328.79,M Life Organik Vişne Suyu 330 Ml,migros
migros-08050862,0.0,,35.67,"Didi Bergamot Aromalı Soğuk Çay 1,5 L",migros
migros-08050686,0.0,,360.61,Ünallar Hüryemez Elmasından Yapılan Eğşi Suyu 330 Ml,migros
migros-08050698,0.0,,80.0,Dimes Tropikal Meyveler İçecek 1 L,migros
migros-08050704,0.0,,228.43,Elite Organic %100 Portakal Suyu 700 Ml,migros
migros-08050705,0.0,,228.43,Elite Organic % 100 Mango Suyu 700 Ml,migros
migros-08050706,0.0,,333.33,Sparco Original Kahveli Gazlı İçecek 240 Ml,migros
migros-08050707,0.0,,228.43,Elite Organic % 100 Organik Nar Suyu 700 Ml,migros
migros-08050610,0.0,,46.67,Lipton Ice Tea Şeftali 1.5 L,migros
migros-08050736,0.0,,89.95,Herby Ice Tea Karpuz Çilek 1 L,migros
migros-08050737,0.0,,89.95,Herby Ice Tea Armut Şeftali 1L,migros
migros-08050738,0.0,,46.67,Lipton Ice Tea Karpuz Aromalı İçecek 1.5 L,migros
migros-08050739,0.0,,39.5,Doğanay Limonata Pet 2 L,migros
migros-08050742,0.0,,49.95,Kızılay Limonata Şekersiz 1 L,migros
migros-08050805,0.0,,280.0,Nescafe Xpress Pear Cookie Crush 250 Ml,migros
migros-08050763,0.0,,31.15,Balaban İçecek Limonata 3.05 L,migros
migros-08050771,0.0,,359.6,Migros Ekstra Soğuk Demleme Yeşil Sebzeli Yeşil Çaylı Karışık İçecek 250 Ml,migros
migros-08050785,0.0,,249.75,Pupple Bubble Tea Karpuz Nane Aromalı 400 Ml,migros
migros-08050786,0.0,,69.9,Oddly Bergamot Limon Aromalı Soğuk Çay 1 L,migros
migros-08050787,0.0,,299.8,Züber Greyfurt & Mango Meyve Aromalı Çaylı İçecek 250 Ml,migros
migros-08050790,0.0,,66.5,Lipton Ice Tea Portakal & Mango Pet 1 L,migros
migros-08050791,0.0,,157.58,Lipton Ice Tea Portakal & Mango 330 Ml,migros
migros-08050792,0.0,,46.67,Lipton Limon 1.5 L,migros
migros-08050793,0.0,,160.0,Monster Energy Ultra Peachy Keen 500 Ml,migros
migros-08050662,0.0,,239.6,Oddly.Zip Limonlu Çilekli İçecek Cam 250 Ml,migros
migros-08050797,0.0,,69.9,Oddly Hibiscus Böğürtlen Aromalı Soğuk Çay 1 L,migros
migros-08050799,0.0,,274.29,Oddly Zip %100 Nar ve Yaban Mersini Suyu 700 Ml,migros
migros-08050748,0.0,,157.58,Lipton Ice Tea Karpuz Aromalı İçecek 330 Ml,migros
migros-10402795,0.0,,1135.0,Trakya Çiftliği Keçi Peyniri 1000 G,migros
migros-10402893,0.0,,783.9,Akpınar Tam Yağlı Taze Otlu Peynir Kg,migros
migros-10402934,0.0,,1100.0,Trakya Çiftliği Sade Gouda Yarım Yağlı Taze Peynir Kg,migros
migros-10403061,0.0,,619.0,Cihanser Hellim Peyniri Kg,migros
migros-10403063,0.0,,1199.6,Bahçıvan Suda Top Mozzarella 125 G,migros
migros-10403071,0.0,,875.0,Ünal Çeçil Peyniri Kg,migros
migros-10403080,0.0,,874.0,Trakya Çiftliği Ricotta 350 G,migros
migros-10403081,0.0,,1185.71,Trakya Çiftliği Mascarpone 350 G,migros
migros-10403111,0.0,,875.0,Ünal Örgü Peyniri Kg,migros
migros-10403112,0.0,,325.95,Ünal Taze  Lor Peyniri Kg,migros
migros-10400047,0.0,,1149.75,Bahçıvan Rende Peynir 200 G,migros
migros-08093808,0.0,,371.67,Adalılar Tanem Tuzlu Sarı Leblebi 180 G,migros
migros-10403155,0.0,,1299.5,Muratbey Tel Peyniri 200 G,migros
migros-10403168,0.0,,975.0,Ünal Çiftliği Manyas Peyniri Kg (Eski Kelle),migros
migros-10403169,0.0,,975.0,Ünal Çiftliği Manyas Peyniri Az Tuzlu Kg,migros
migros-10403211,0.0,,1199.5,Muratbey Anadolu Lezzetleri 200 G,migros
migros-10403215,0.0,,469.83,Tahsildaroğlu Kahvaltılık Lor 300 G,migros
migros-10403224,0.0,,437.95,Akpınar Taze Beyaz Peynir Kg,migros
migros-10403241,0.0,,2241.25,Baltalı %100 Keçi Büş Peynir 200 G,migros
migros-10403254,0.0,,930.0,Muratbey Tel Peyniri Kg,migros
migros-10403317,0.0,,799.0,Muratbey Burgu Peynir Kg,migros
migros-10403328,0.0,,1884.75,Lente Gouda Sade 200 G,migros
migros-10403329,0.0,,1884.75,Lente Gouda Kimyonlu 200 G,migros
migros-10403330,0.0,,3184.75,Lente Parmesan Peyniri 200 G,migros
migros-10403145,0.0,,965.0,Taciroğlu Kaşkaval Peyniri Kg,migros
migros-10400034,0.0,,1564.5,Trakya Çiftliği Sade Gouda Yarım Yağlı Taze Peynir 200 G,migros
migros-10400035,0.0,,1363.04,Trakya Çiftliği Edam Yarım Yağlı Taze Peyniri 230 G,migros
migros-10400036,0.0,,1374.5,Güngör Ersoylar İsli Saçaklı Peynir 200 G,migros
migros-10400039,0.0,,1425.0,Trakya Çiftliği Sade Füme Yarım Yağlı Taze Peynir 220 G,migros
migros-10302010,0.0,,747.5,La Vache Qui Rit Üçgen Peynir 32'li 400 G,migros
migros-10400048,0.0,,61.95,Enka Kahvaltı Seti,migros
migros-10400049,0.0,,674.75,Gürata Kolot Peyniri 400 G,migros
migros-10400061,0.0,,633.33,La Vache Qui Rit Sürülebilir Lor Peyniri 150 G,migros
migros-10400076,0.0,,525.14,Anadolumdan Bolu Keş Peyniri 175 G,migros
migros-10400077,0.0,,1309.75,Anadolumdan Manyas Kelle Peyniri 200 G,migros
migros-10400079,0.0,,2000.0,Anadolumdan Boğatepe Gravyer Peyniri 200 G,migros
migros-10400151,0.0,,527.9,Kahvaltı Dünyası Kase Eritme Telli Peynir 500 G,migros
migros-10401646,0.0,,1774.5,Trakya Çiftliği Yarım Yağlı Taze Eritme Parmesan Peyniri 200G,migros
migros-10400159,0.0,,2599.33,Frico Tam Yağlı Taze Sade Füme Eritme Peyniri 150G,migros
migros-10400161,0.0,,2599.33,Frico Tam Yağlı Biberli Taze Füme Eritme Peynir 150G,migros
migros-10400173,0.0,,275.8,Muratbey Yarım Yağlı Taze Lor Peyniri 500 G,migros
migros-10400207,0.0,,1254.09,President Cheddar Marble Peyniri 220 G,migros
migros-10400208,0.0,,1572.5,Ariste 1 Dilim Tam Yağlı Çörekotlu Sepet Peyniri 40 G,migros
migros-10400211,0.0,,1093.89,Taciroğlu Tam Yağlı Taze Çeçil Peyniri 180 G,migros
migros-10400901,0.0,,1690.0,Bergen Kars Gravyer Peyniri Kg,migros
migros-10302093,0.0,,644.17,Pınar Beyaz 180 G,migros
migros-10401060,0.0,,516.0,Migros Hellim Peyniri 250 G,migros
migros-10401510,0.0,,2749.0,Trakya Çiftliği Mavi Damarlı Yarım Yağlı Rokfor Peyniri 100 G,migros
migros-10401546,0.0,,2146.22,Trakya Çiftliği Mavi Damarlı Yarım Yağlı Rokfor Peyniri 225 G,migros
migros-10401600,0.0,,2198.75,Trakya Çiftliği Parmesanlı Hazır Yemek Ürünü 80 G,migros
migros-10400152,0.0,,615.6,Kahvaltı Dünyası Tullumi Tam Yağlı Sürmene Peyniri 250 G,migros
migros-10404058,0.0,,1459.5,Migros Ekstra Tam Yağlı Olgunlaştırılmış Gravyer Peyniri 200 G,migros
migros-10404081,0.0,,1449.5,Migros Ekstra Gouda Olgunlaştırılmış Tam Yağlı Peynir 200 G,migros
migros-10404400,0.0,,705.0,Primavera & Alcatra Chedddar Rozbif Kuru Et Emmental,migros
migros-10404401,0.0,,447.95,Primavera & Alcatra B.füme Peynir & Kekikli Füme Et,migros
migros-10404402,0.0,,438.9,Primavera & Alcatra İsli Çerkez Peyniri & Kuru Füme,migros
migros-10404403,0.0,,2559.71,Primavera & Alcatra B. Gouda & Sade Rozbif 175 G,migros
migros-10406015,0.0,,2509.5,CİBUS Grana Padano Peyniri 200 G,migros
migros-10403365,0.0,,2355.56,Blue Heaven Danish Blue Cheese 225 G,migros
migros-10406069,0.0,,789.95,Bahçıvan Lezzetli Peynir Topları Kg,migros
migros-10406700,0.0,,2119.6,Ariste Peynir Tabağı 250 G,migros
migros-10406704,0.0,,1808.64,Trakya Çiftliği Gouda Truff Yarım Yağlı Taze Peynir 220 G,migros
migros-10406705,0.0,,1989.5,Trakya Çiftliği Pesto Soslu Yarım Yağlı Taze Peynir 200G,migros
migros-10403343,0.0,,3071.6,Kaserei Champignon Brie Petit Peyniri 125 G,migros
migros-10406715,0.0,,2249.5,Lente Cheese Olgunlaştırılmış Yarım Yağlı Peynir Tozu 100 G,migros
migros-10406769,0.0,,1897.5,Kerrygold Tam Yağlı Olgunlaştırılmış Cheddar 200 G,migros
migros-10406814,0.0,,1149.75,Bahçıvan Örgü Peyniri 200 G,migros
migros-10406815,0.0,,1149.75,Bahçıvan Çeçil Peyniri 200 G,migros
migros-10406842,0.0,,249.9,Torku Yarım Yağlı Taze Lor Peyniri 500 G,migros
migros-10406854,0.0,,915.0,Altınkılıç Tam Yağlı Otlu Beyaz Peynir Kg,migros
migros-10406860,0.0,,514.55,Sek Protein Quark 165 G,migros
migros-10406864,0.0,,3087.2,Latteria Soresina Grana Padano Parmesan Peynir 125 G,migros
migros-10409094,0.0,,2749.0,Blue Heaven Danish Blue Cheese 100G,migros
migros-10409095,0.0,,2550.0,Grana Padano Toz Parmesan 100G,migros
migros-10403981,0.0,,399.33,Ekici Ricotta 150 G,migros
migros-10409124,0.0,,471.07,Sek Quark Yaban Mersini 140 G,migros
migros-10406706,0.0,,1989.5,Trakya Çiftliği Gouda Jalapeno Yarım Yağlı Taze Peynir 200 G,migros
migros-10403344,0.0,,3004.0,Kaserei Champignon Camembert Petit 125 G,migros
migros-10401011,0.0,,959.6,Koop Süt Hellim Peyniri 250 G,migros
migros-10403370,0.0,,1199.5,Muratbey Burgu Peyniri 200 G,migros
migros-10403375,0.0,,3300.0,Vega Mancha Manchego 200 G,migros
migros-10403385,0.0,,599.0,Lente İsli Çerkez Peyniri Cevizli Kg,migros
migros-10403392,0.0,,262.71,Tahsildaroğlu Torba Lor Peyniri 350 G,migros
migros-10403865,0.0,,1899.5,Ariste Yarım Yağlı Olgunlaşmış Gravyer Peynir 200 G,migros
migros-10403866,0.0,,3708.57,Philadelphia Yarım Yağlı Sürülebilir Füme Somonlu Taze Peynir 175 G,migros
migros-10403868,0.0,,1110.56,Tahsildaroğlu Tam Yağlı Rende Mozzarella Peyniri 180 G,migros
migros-10403874,0.0,,749.38,Uluova Tam Yağlı Taze Ricotta 160 G,migros
migros-10403882,0.0,,833.17,Bahçıvan Tam Yağlı Taze Kaşar Peyniri 600 G,migros
migros-10403885,0.0,,2221.67,Bahçıvan Grana Padano Peyniri 180 G,migros
migros-10404030,0.0,,579.0,Akpınar Tam Yağlı Taze Tel Peynir Kg,migros
migros-10403891,0.0,,630.0,Migros Ekstra Tam Yağlı Taze Çeçil Peyniri 250 G,migros
migros-10403894,0.0,,850.0,Boğatepe Tam Yağlı Taze Kolot Peyniri 400 G,migros
migros-10403972,0.0,,3248.75,Zanetti Formaggio Toz Grana Padano 80 G,migros
migros-10403973,0.0,,649.5,Sancak Tam Yağlı Ricotta Peyniri 200 G,migros
migros-10403118,0.0,,191.95,Kervan Kaşar Loru Kg,migros
migros-10403982,0.0,,522.5,Orijin Biberli Ekşimik (Balkan) 220 G,migros
migros-10403983,0.0,,821.67,İçim Mini Top Peynir 180 G,migros
migros-10403990,0.0,,2199.33,Ariste Peynir Dilimleri 150 G,migros
migros-10403993,0.0,,2799.6,Casari Brie Peyniri Teneke Kutu 125 G,migros
migros-10403995,0.0,,553.33,Kiri Labne Tam Yağlı Taze Peynir 3 x 150 G,migros
migros-10404010,0.0,,3100.0,Zanetti Rendelenmiş Grana Padano Peyniri 50 G,migros
migros-10404012,0.0,,3475.0,Zanetti Rendelenmiş Parmigiano Reggiano Peyniri 40 G,migros
migros-10403890,0.0,,630.0,Migros Ekstra Tam Yağlı Taze Dil Peyniri 250 G,migros
migros-10200010,0.0,,929.0,Şavak Tam Yağlı Tulum Peyniri Kg,migros
migros-10108789,0.0,,1049.75,Muratbey Kaşkaval Peyniri 400 G,migros
migros-10200029,0.0,,959.8,Sancak Tam Yağlı Olgunlaştırılmış İzmir Tulum Peyniri 250 G,migros
migros-10200030,0.0,,799.95,Sancak Tam Yağlı Olgunlaştırılmış Bergama Tulum Peyniri Kg,migros
migros-10200031,0.0,,1779.6,Ariste Tam Yağlı Olgunlaştırılmış Çörekotlu Tulum Peyniri 250 G,migros
migros-10201003,0.0,,1711.6,Taciroğlu Tulum Peyniri 250 G,migros
migros-10202010,0.0,,699.9,Kırıtaklar İzmir Tulumu Kg,migros
migros-10202058,0.0,,799.0,İpek Çiftliği Bergama Tulumu Kg,migros
migros-10202065,0.0,,1199.71,Tahsildaroğlu İzmir Tulum Peyniri 350 G,migros
migros-10202076,0.0,,1483.0,Ariste İzmir Tulum Peyniri 300G,migros
migros-10207369,0.0,,1253.0,Altınkılıç Gold Tam Yağlı Olgunlaştırılmış Tulum Peyniri 300 G,migros
migros-10400033,0.0,,1185.71,Trakya Çiftliği Maasdam Yarım Yağlı Taze Peyniri 350 G,migros
migros-10207387,0.0,,1463.6,Ariste Dilim Dilim Tulum Peyniri 250 G,migros
migros-10207388,0.0,,879.6,Migros Ekstra Tam Yağlı Olgunlaştırılmış İzmir Tulum Peyniri 250 G,migros
migros-10207389,0.0,,1100.0,Tahsildaroğlu Bergama Tulum Peyniri 250 G,migros
migros-10209183,0.0,,1223.8,Ariste Tam Yağlı Tulum Peyniri 250 G,migros
migros-10209187,0.0,,1263.6,Altınkılıç Gurme Tulum Peyniri 250 G,migros
migros-10109101,0.0,,816.25,İçim Dilimli Tost Peyniri 200 G,migros
migros-10250727,0.0,,776.67,La Vache Qui Rit Üçgen Peynir 24'lü 300 G,migros
migros-10250728,0.0,,648.15,Karper Sade 6'lı 108 G,migros
migros-10250738,0.0,,785.0,La Vache Qui Rit Üçgen Peynir 16'lı 200 G,migros
migros-10250743,0.0,,749.0,Torku Üçgen Peynir 100 G,migros
migros-10300013,0.0,,499.72,Torku  Labne 180 G,migros
migros-10300014,0.0,,499.72,Torku Krempare Tam Yağlı Sürülebilir Taze Peynir 180 G,migros
migros-10207385,0.0,,609.67,Migros Yarım Yağlı Olgunlaştırılmış Tulum Peynir 300 G,migros
migros-10108907,0.0,,2499.5,Ariste Dilimli Trakya Eski Kaşar 200 G,migros
migros-10109071,0.0,,949.75,Hasmandıra Laktozsuz Göbek Kaşar 400 G,migros
migros-10109079,0.0,,796.56,Yörsan Susurluk Tam Yağlı Dilim Eritme Peyniri 320 G,migros
migros-10109080,0.0,,805.95,Bahçıvan Taze Kaşar Peyniri Kg,migros
migros-10109091,0.0,,742.57,Bahçıvan Tam Yağlı Taze Kaşar Peyniri 350 G,migros
migros-10109092,0.0,,1166.0,Uluova Yarım Yağlı Dil Peyniri 150 G,migros
migros-10109094,0.0,,929.8,Uluova Tam Yağlı Taze Kaşar Peyniri 500 G,migros
migros-10109095,0.0,,1166.0,Uluova Yarım Yağlı Çeçil Peyniri 150 G,migros
migros-10109097,0.0,,850.0,Boğatepe Tam Yağlı Kekikli Göbek Kaşar 400 G,migros
migros-10109098,0.0,,933.33,Boğatepe Tam Yağlı Eski Kaşar Peyniri 300 G,migros
migros-10109100,0.0,,850.0,Boğatepe Tam Yağlı Taze Blok Kaşar Peyniri 600 G,migros
migros-10102228,0.0,,924.75,Tahsildaroğlu Taze Kaşar Peyniri 400 G,migros
migros-10150010,0.0,,1039.75,Anadolumdan Van Otlu Peyniri 200 G,migros
migros-10109103,0.0,,850.0,Boğatepe  Tam Yağlı Çörek Otlu Taze Kaşar Peyniri 400 G,migros
migros-10109106,0.0,,569.86,Migros Ekstra Tam Yağlı Taze Kaşar Peyniri 700 G,migros
migros-10109108,0.0,,850.0,Boğatepe Tam Yağlı Taze Göbek Kaşarı 400 G,migros
migros-10109111,0.0,,562.9,Migros Ekstra Tam Yağlı Taze Kaşar Peyniri Kg,migros
migros-10109112,0.0,,592.25,Migros Ekstra Tam Yağlı Taze Kaşar Peyniri 400 G,migros
migros-10109116,0.0,,700.0,Migros Ekstra Tam Yağlı Dilimli Taze Kaşar Peyniri 225 G,migros
migros-10109273,0.0,,874.5,President Rende Mozzarella Peyniri 200 G,migros
migros-10109274,0.0,,597.5,President Mozzarella Peyniri 600 G,migros
migros-10109673,0.0,,715.0,Tire Süt Kooperatifi Tam Yağlı Taze Kaşar Peyniri 600 G,migros
migros-10109814,0.0,,689.88,President Kaşar Peyniri 400G,migros
migros-10109823,0.0,,1684.75,Tahsildaroğlu 2 Dilim Eski Kaşar Peyniri 200 G,migros
migros-10109862,0.0,,1119.8,Altınkılıç Gurme Eski Kaşar 250 G,migros
migros-10109102,0.0,,850.0,Boğatepe Tam Yağlı Fesleğenli Göbek Kaşarı 400 G,migros
migros-10302023,0.0,,849.5,İçim Burger Dilimli Peynir 200 G,migros
migros-10302031,0.0,,387.38,Torku Labne 400 G,migros
migros-10302034,0.0,,566.67,Sek Taze Peynir Sade 150 G,migros
migros-10302035,0.0,,566.67,Sek Taze Peynir Zeytinli Kekikli 150 G,migros
migros-10302040,0.0,,490.0,La Vache Qui Rit Krem Peynir 500 G,migros
migros-10302045,0.0,,414.63,İçim Labne 3 x 180 G,migros
migros-10302070,0.0,,635.71,La Vache Qui Rit Sade Krem Peynir 140G,migros
migros-10302071,0.0,,588.89,La Vache Qui Rit Krem Peynir 270G,migros
migros-10302073,0.0,,793.33,Kiri Tam Yağlı Taze Peynir 150 G,migros
migros-10302080,0.0,,597.0,Pınar Beyaz 350 G,migros
migros-10302082,0.0,,512.78,Pınar Labne 3x180 G,migros
migros-10302085,0.0,,571.3,President Cheddarlı Krem Peynir 270 G,migros
migros-10300016,0.0,,1024.31,La Vache Qui Rit Burger Dilimli Peynir 288 G,migros
migros-10302088,0.0,,663.33,Kiri Tam Yağlı Taze Peynir 300 G,migros
migros-10300082,0.0,,626.67,Kiri Labne Tam Yağlı Taze Peynir 150 G,migros
migros-10302095,0.0,,579.5,İçim Yarım Yağlı Üçgen Peynir 100 G,migros
migros-10302098,0.0,,566.11,Pınar Labne 180 G,migros
migros-10302103,0.0,,790.0,La Vache Qui Rit Üçgen Peynir 8'li 100 G,migros
migros-10302110,0.0,,299.75,Migros Tam Yağlı Taze Labne Peynir 200 G,migros
migros-10302111,0.0,,339.75,Migros Tam Yağlı Taze Sürülebilir Peynir 200G,migros
migros-10302116,0.0,,452.78,İçim Rahat Laktozsuz Labne 180G,migros
migros-10302124,0.0,,441.25,Migros Üçgen Peynir 120G,migros
migros-10350019,0.0,,712.19,Pınar Labne 8X20 G,migros
migros-10350036,0.0,,414.75,Pınar Labne 400 G,migros
migros-10350254,0.0,,1237.5,Baltalı %100 Keçi Labne Peynir 200 G,migros
migros-10302086,0.0,,1873.71,Philadelphia Milka Çikolatalı Krem Peynir 175 G,migros
migros-10300023,0.0,,1139.75,Bahçıvan Burger Peyniri Dilimli 200 G,migros
migros-10300027,0.0,,1027.78,La Vache Qui Rit Cheddarlı Burger Dilimli Peynir 180 G,migros
migros-10300032,0.0,,443.89,İçim Zeytinli Kekikli Labne 180 G,migros
migros-10300063,0.0,,443.89,İçim Labne 180 G,migros
migros-10300064,0.0,,633.06,Pınar Organik Labne Peyniri 180 G,migros
migros-10300066,0.0,,566.11,Pınar Labne Sarımsak ve Frenk Soğanlı 180G,migros
migros-10300067,0.0,,566.11,Pınar Labne Laktozsuz 180 G,migros
migros-10300081,0.0,,530.0,Kiri Labne Tam Yağlı Taze Peynir 300 G,migros
migros-10200015,0.0,,2259.75,Anadolumdan Kargı Tulum Peyniri 200 G,migros
migros-10300085,0.0,,377.22,Ülker Sürmix Peynirli Çikolatalı Sürme 180 G,migros
migros-10300087,0.0,,443.89,İçim Pesto Soslu Labne 180 G,migros
migros-10300112,0.0,,428.33,İçim Krem Peynir 300 G,migros
migros-10302018,0.0,,391.88,İçim Labne Peynir 400 G,migros
migros-10301572,0.0,,443.89,Bahçıvan Labne Peyniri 180 G,migros
migros-10301573,0.0,,443.89,Bahçıvan Labne Peynir Laktozsuz 180 G,migros
migros-10301575,0.0,,407.04,Bahçıvan Yarım Yağlı Sade Krem Peynir 270 G,migros
migros-10301576,0.0,,719.6,Ariste Yarım Yağlı Krem Peynir 250 G,migros
migros-10301583,0.0,,410.93,Teksüt Krem Peynir 270 G,migros
migros-10301585,0.0,,793.33,Kiri Kekikli Tam Yağlı Taze Peynır 150 G,migros
migros-10301589,0.0,,377.22,Ülker Sürmix Peynirli Zeytin Ezmeli Sürme 180 G,migros
migros-10301591,0.0,,3000.0,Zanetti Tam Yağlı Taze Krem Peyniri 150 G,migros
migros-10301592,0.0,,721.67,Milgo Taze Laktozsuz Sürülebilir Peynir 180 G,migros
migros-10301593,0.0,,721.67,Milgo Taze Sade Sürülebilir Peynir 180 G,migros
migros-10301599,0.0,,407.22,Bahçıvan Labne Peyniri Fırsat Paketi 3 x 180 G,migros
migros-10250009,0.0,,531.67,Karper Üçgen Peynir 24'lü 300 G,migros
migros-10301568,0.0,,642.5,Akpınar Gurme Tam Yağlı Krem Peynir 140 G,migros
migros-11015055,0.0,,179.9,Pınar Protein Yer Fıstığı & Muz Aromalı Süt 500 ml,migros
migros-11015056,0.0,,179.9,Pınar Protein Kahveli Süt 500 ml,migros
migros-11015404,0.0,,125.0,Sek Yoğurtluk Pastörize Günlük Süt 1 L,migros
migros-11015405,0.0,,109.0,Sek Pastörize Günlük Şişe Süt 1 L,migros
migros-11015551,0.0,,250.0,Alpro Bitter Çikolata Badem İçeceği 1 L,migros
migros-11015552,0.0,,225.0,Alpro Yulaf & Badem İçeceği 1 L,migros
migros-11015554,0.0,,250.0,Alpro Vanilya Badem İçeceği 1 L,migros
migros-11015683,0.0,,242.27,Sek Protein Kakaolu Süt 330 Ml,migros
migros-11015684,0.0,,242.27,Sek Protein Hindistan Cevizi Aromalı Süt 330 Ml,migros
migros-11015685,0.0,,227.27,Sek Kahveli Sütlü İçecek Latte 330 Ml,migros
migros-11015687,0.0,,227.27,Sek Karamel Macchiato 330 Ml,migros
migros-10409125,0.0,,471.07,Sek Quark Sade 140 G,migros
migros-11014074,0.0,,125.0,Pınar Kido Muzlu Süt 180 Ml,migros
migros-11017445,0.0,,738.91,Dulce De Leche Süt Karameli 230 G,migros
migros-11018028,0.0,,178.95,Fomilk Badem 1 L,migros
migros-11018038,0.0,,175.0,Fomilk Badem Şekersiz 1 L,migros
migros-11018882,0.0,,107.5,İçim Pastörize Şişe Süt 1 L,migros
migros-11018883,0.0,,299.6,Alpro Bademli İçecek 250 Ml,migros
migros-11018885,0.0,,225.0,Alpro Hindistan Cevizi İçeceği 1 L,migros
migros-11018886,0.0,,225.0,Alpro Yulaf İçeceği 1 L,migros
migros-11018900,0.0,,235.0,Elta Ada Organik Pastörize Jersey Sütü 1 L,migros
migros-11018982,0.0,,104.95,İçim Çikolatalı Pastörize Süt Pet 1 L,migros
migros-11018983,0.0,,82.5,İçim Çocuk Devam Sütü 1 L,migros
migros-11018985,0.0,,102.9,İçim Çilekli Pastörize Süt 1 L,migros
migros-11017077,0.0,,272.95,Baltalı %100 Keçi Sütü Uht 1 L,migros
migros-11013025,0.0,,69.5,İçim Süt 1 L,migros
migros-11013027,0.0,,123.75,İçim Süt 200 Ml,migros
migros-11013029,0.0,,109.17,İçim Sade Süt 6X200 Ml,migros
migros-11013996,0.0,,157.5,Pınar Denge Laktozsuz Süt 200 ml,migros
migros-11014072,0.0,,125.0,Pınar Kido Kakaolu Süt 180 Ml,migros
migros-11014073,0.0,,125.0,Pınar Kido Çilekli Süt 180 Ml,migros
migros-11010297,0.0,,199.73,Ice Break Şekersiz Latte 375 Ml,migros
migros-11014100,0.0,,173.61,Danone Disney Kakaolu Süt 180 Ml,migros
migros-11014105,0.0,,173.61,Danone Disney Muzlu Süt 180 Ml,migros
migros-11014110,0.0,,173.61,Danone Disney Çilekli Süt 180 Ml,migros
migros-11014115,0.0,,152.31,Danone Disney Kakaolu Süt 6x180 Ml,migros
migros-11014116,0.0,,135.8,Danone Disney Kakaolu Süt 9 x 180 Ml,migros
migros-11015052,0.0,,179.9,Pınar Protein Çilekli Süt 500 ml,migros
migros-11014120,0.0,,152.31,Danone Disney Muzlu Süt 6x180 Ml,migros
migros-11014139,0.0,,173.61,Danone Doğal Süt 180 Ml,migros
migros-11014140,0.0,,152.31,Danone Doğal Süt 6x180 Ml,migros
migros-11014300,0.0,,202.78,Nestle Nesquik Kakaolu Süt 180 Ml,migros
migros-11014301,0.0,,198.61,Nesquik Muz Aromalı Süt 180 Ml,migros
migros-11014302,0.0,,198.61,Nesquik Çilek Aromalı Süt 180 Ml,migros
migros-11014322,0.0,,163.84,Nesquik Kakaolu Süt 6x180 Ml,migros
migros-11014567,0.0,,59.75,İçim Yarım Yağlı Süt 1 L,migros
migros-11014568,0.0,,88.5,İçim Organik Süt 1 L,migros
migros-11011521,0.0,,78.75,Migros %3 Yağlı UHT İçme Sütü 200 Ml,migros
migros-11015050,0.0,,179.9,Pınar Protein Kakaolu Süt 500 Ml,migros
migros-11015051,0.0,,179.9,Pınar Protein Vanilya Aromalı Süt 500 ml,migros
migros-11014119,0.0,,152.31,Danone Disney Çilekli Süt 6 x 180 Ml,migros
migros-11550045,0.0,,324.75,İçim Şef Peynirli Kremalı Yemek Sosu 200 Ml,migros
migros-11550049,0.0,,178.0,İçim Kefir Aronya Karadut 250 Ml,migros
migros-11550050,0.0,,178.0,İçim Kefir Çilek 250 Ml,migros
migros-11550051,0.0,,178.0,İçim Kefir Sade 250 Ml,migros
migros-11550052,0.0,,178.0,İçim Kefir Orman Meyveli 250 Ml,migros
migros-11550053,0.0,,178.0,İçim Kefir Şeftalili Ananas 250 Ml,migros
migros-11550057,0.0,,129.95,Sek Ekşi Maya Ayran Şişe 1L,migros
migros-11550059,0.0,,79.95,"Yörsan Susurluk Ayran %2,3 Yağlı 1 L",migros
migros-11550060,0.0,,109.25,"Yörsan Susurluk Ayran %2,3 Yağlı 265 Ml",migros
migros-11019188,0.0,,193.39,Dimes Çikolatalı Milkshake 310 Ml,migros
migros-11550100,0.0,,69.5,Eker Ayran 1 L,migros
migros-11550470,0.0,,59.5,Sütaş Pratik Şişe Ayran 1 L,migros
migros-11019001,0.0,,99.95,Pınar Organik Süt 1 L,migros
migros-11550853,0.0,,115.0,Altınkılıç Kefirim Orman Meyveli 1 L,migros
migros-11550860,0.0,,220.0,Altınkılıç Laktozsuz Kefir Ananas ve Portakal 250 Ml,migros
migros-11550862,0.0,,147.5,Eker Yeşil Çaylı Elmalı Detoks Kefir 1 L,migros
migros-11550863,0.0,,179.9,Uluova Kefir Chia Tohumlu 1 L,migros
migros-11550872,0.0,,99.75,Arslan Karamaya Ayran 200 Ml,migros
migros-11550878,0.0,,103.51,Sek Acılı Ayran 285 Ml,migros
migros-11550888,0.0,,197.5,Sana Bitkisel Yağlı Kremsos 200 Ml,migros
migros-11550890,0.0,,109.5,Altınkılıç Karamaya Ekşi Ayran 1 L,migros
migros-11550899,0.0,,89.95,Ömer Matlı Süt Çiftlik Tam Yağlı Ekşi Maya Ayran 1 L,migros
migros-11550900,0.0,,121.5,Altınkılıç Kefir 1 L,migros
migros-11550904,0.0,,199.8,Altınkılıç Çilekli Kefirix 250 Ml,migros
migros-11550907,0.0,,199.8,Altınkılıç Kefirix Orman Meyveli 250 Ml,migros
migros-11550473,0.0,,52.5,Sütaş Pratik Şişe Ayran 2 L,migros
migros-11019007,0.0,,225.0,Alpro Hindistan Cevizi Badem İçeceği 1 L,migros
migros-11019008,0.0,,225.0,Alpro Hindistan Cevizi İçeceği Şekersiz 1 L,migros
migros-11019090,0.0,,115.0,Sek Laktozsuz Pastörize Günlük Süt 1 L,migros
migros-11014774,0.0,,600.0,Bactolac Sıvı Formda Probiyotik 1 L,migros
migros-11019190,0.0,,250.0,Alpro Barista Bademli İçecek 1 L,migros
migros-11019215,0.0,,225.0,Alpro Şekersiz Yulaf İçeceği 1 L,migros
migros-11019219,0.0,,99.95,Milupa Çocuk Devam Sütü 1 L,migros
migros-11019239,0.0,,250.0,Alpro Barista Yulaflı İçecek 1 L,migros
migros-11019550,0.0,,99.95,Sek Yeni Nesil Pastörize Günlük Süt 1 L,migros
migros-11019551,0.0,,119.9,Sek Yeni Nesil Pastörize Günlük Süt 500 Ml,migros
migros-11019557,0.0,,175.0,Sek Çikolatalı Pastörize Süt 200 Ml,migros
migros-11019559,0.0,,175.0,Sek Çilekli Pastörize Süt 200 Ml,migros
migros-11550044,0.0,,187.35,Arslan Karamaya Ayran 245 Ml,migros
migros-11019904,0.0,,75.0,Torku Uht Süt 1 L,migros
migros-11019905,0.0,,76.24,Torku Süt 4 x 1 L,migros
migros-11019912,0.0,,109.0,Torku Çiftçi Sütü Günlük 1 L,migros
migros-11019913,0.0,,115.0,Sek Çiftlik Tam Yağlı Pastörize Günlük Süt 1 L,migros
migros-11019914,0.0,,179.95,Nilky Yulaflı İçecek 1L,migros
migros-11019915,0.0,,179.95,Nilky Bademli Şekersiz İçecek 1L,migros
migros-11017080,0.0,,279.0,Baltalı % 100 Pastörize Keçi Sütü 1L,migros
migros-11019917,0.0,,179.95,Nilky Hindistan Cevizli İçecek 1 L,migros
migros-11019978,0.0,,64.9,İçim Light Süt 1 L,migros
migros-11019980,0.0,,175.0,Milupa Çocuk Devam Sütü İçime Hazır 200 Ml 1 Yaş+,migros
migros-11550031,0.0,,332.5,Sek % 18 Yağlı Krema 200 Ml,migros
migros-11550040,0.0,,332.5,İçim Şef Mantarlı Kremalı Yemek Sosu 200 Ml,migros
migros-11019903,0.0,,117.55,Torku Kakaolu Süt 6X180 Ml,migros
migros-10409220,0.0,,1299.75,Casari Cheddar Peyniri 200G,migros
migros-10409224,0.0,,1079.8,Ariste Hanımeli Sade Sepet Peyniri 250 G,migros
migros-10409276,0.0,,999.71,Laz Kızı Kolot Peyniri 350 G,migros
migros-10409098,0.0,,3686.33,Frico Dilimli Gouda Peyniri 150 G,migros
migros-11010010,0.0,,79.95,Pınar Süt 1 L,migros
migros-11010020,0.0,,107.9,Pınar Süt 500 Ml,migros
migros-11010030,0.0,,140.0,Pınar Süt 200 Ml,migros
migros-11010048,0.0,,179.75,Pınar Çocuk Devam Sütü 200 Ml,migros
migros-11010060,0.0,,114.0,Pınar Denge Laktozsuz Süt 500 ml,migros
migros-11010066,0.0,,79.5,İçim Rahat Laktozsuz Süt 1 L,migros
migros-11010080,0.0,,182.5,Pınar Organik Süt 200 Ml,migros
migros-11012783,0.0,,134.75,İçim Çocuk Devam Sütü 200 Ml,migros
migros-11010151,0.0,,99.9,Torku Uht Süt 500 Ml,migros
migros-11010160,0.0,,193.39,Dimes Antep Fıstıklı Milkshake 310 Ml,migros
migros-11010167,0.0,,62.75,Migros Yarım Yağlı Laktozsuz Uht Süt 1 L,migros
migros-11010168,0.0,,82.5,Danone Uht Laktozsuz İçme Sütü 1 L,migros
migros-11010171,0.0,,738.91,Dulce De Leche Hindistan Cevizli Süt Karameli 230 G,migros
migros-11010173,0.0,,175.0,Fomilk Hindistan Cevizi Şekersiz 1L,migros
migros-11010195,0.0,,227.27,Sek Laktozsuz Latte 330 Ml,migros
migros-10409163,0.0,,1259.6,Laz Kızı Mıhlama Kuymak Paketi 250 G,migros
migros-11010198,0.0,,76.5,"Pınar Süt %2,5 Yağlı 1 L",migros
migros-11010203,0.0,,239.6,İçim Probiyotik Ahududu & Hibiskus 250 Ml,migros
migros-11010205,0.0,,239.6,İçim Probiyotik Kara Mürver & Yaban Mersini 250 Ml,migros
migros-11010206,0.0,,239.6,İçim Probiyotik İçecek Sade 250 Ml,migros
migros-11010089,0.0,,87.5,Pınar Denge Laktozsuz Süt 1 L,migros
migros-10409126,0.0,,471.07,Sek Quark Çilek 140 G,migros
migros-10409127,0.0,,471.07,Sek Quark Ananas 140 G,migros
migros-10409128,0.0,,471.07,Sek Quark Kayısı-kinoa 140 G,migros
migros-10409129,0.0,,471.07,Sek Quark İncir-ceviz 140 G,migros
migros-10409132,0.0,,1777.56,Ariste Peynir Tabağı 450 G,migros
migros-10409135,0.0,,1254.09,President Gouda Peyniri 220 G,migros
migros-10409143,0.0,,1100.0,Ünal Çiftliği Tam Yağlı Olgun.Mihaliç Peyniri 350 G,migros
migros-10409146,0.0,,949.9,Hasmandıra Göğermiş Peynir Kg,migros
migros-10409152,0.0,,1054.09,Koop Tuzu Azaltılmış Hellim Peynir 220 G,migros
migros-10409153,0.0,,1142.5,Muratbey Misto Peynir 200 G,migros
migros-10409154,0.0,,3335.2,Philadelphia Tam Yağlı Taze Peynir 125 G,migros
migros-10409158,0.0,,1500.0,Trakya Çiftliği Camembertli Krem Peynir 200 G,migros
migros-10409201,0.0,,2599.33,Frico Tam Yağlı Taze Maasdam Peyniri 150 G,migros
migros-10406020,0.0,,518.9,Güneydoğu Yarım Yağlı Örgü Peyniri Kg,migros
migros-10409164,0.0,,1155.11,Bahçıvan Hellim Peyniri 225 G,migros
migros-10409168,0.0,,1500.0,Trakya Çiftliği Parmesanlı Krem Peynir 200 G,migros
migros-10409189,0.0,,539.8,Kahvaltı Dünyası Kolot Peyniri 500G,migros
migros-10409191,0.0,,639.6,Kahvaltı Dünyası Kase Tam Yağlı Telli Peynir 250 G,migros
migros-10409194,0.0,,1079.8,Ariste Hanımeli Çörekotlu Sepet Peyniri 250 G,migros
migros-10409195,0.0,,710.67,Meriç Hellim Peyniri 225 G,migros
migros-10409196,0.0,,4826.33,Landana Taze Fesleğenli (Kırmızı) Gouda Peyniri 150 G,migros
migros-10409197,0.0,,4826.33,Landana Taze Fesleğenli (Yeşil) Gouda Peyniri 150 G,migros
migros-10409198,0.0,,2599.33,Frico Tam Yağlı Taze Sade Gouda Peyniri 150 G,migros
migros-10409199,0.0,,2599.33,Frico Yarım Yağlı Taze Sade Edam Peyniri 150 G,migros
migros-10409200,0.0,,2599.33,Frico Tam Yağlı Taze Kimyonlu Gouda Peyniri 150 G,migros
migros-10409162,0.0,,2144.75,Philadelphia Tam Yağlı Taze Süzme Peynir 200 G,migros
migros-11010196,0.0,,227.27,Sek White Chocolate Mocha 330 Ml,migros
migros-11010300,0.0,,189.0,Fomilk Yulaf Barista Bitkisel Bazlı Yulaflı İçecek 1 L,migros
migros-11010301,0.0,,145.0,Sek Hazır Dondurma Karışımı 1 L,migros
migros-11010303,0.0,,115.0,Pınar Yüksek Proteinli Laktozsuz  %0.3 Yağlı UHT Süt 1 L,migros
migros-11010408,0.0,,96.95,Pınar Çocuk Devam Sütü 1 Lt,migros
migros-11010464,0.0,,266.33,Tazelen Whey Proteinli Muzlu İçecek 300 Ml,migros
migros-11010475,0.0,,193.39,Dimes Kola Aromalı Vanilyalı Milkshake 310 Ml,migros
migros-11010476,0.0,,228.07,Sek Latte Bardak 285 Ml,migros
migros-11010477,0.0,,89.95,Sek Yüksek Proteinli Süt 1 L,migros
migros-11010478,0.0,,266.33,Tazelen Whey Proteinli Çilekli İçecek 300 Ml,migros
migros-11010479,0.0,,266.33,Tazelen Whey Proteinli Kahveli İçecek 300 Ml,migros
migros-11010702,0.0,,65.95,Pınar Süt %1 Yağlı 1 L,migros
migros-11010208,0.0,,189.0,Sütaş Latte 1 L,migros
migros-11011012,0.0,,225.0,Alpro Bademli İçecek 1 L,migros
migros-11011501,0.0,,43.25,Migros Yarım Yağlı Uht Süt 1 L,migros
migros-11011520,0.0,,52.75,Migros %3 Yağlı Uht Süt 1 L,migros
migros-11010255,0.0,,175.26,Sek Çilekli Milkshake Bardak 285 Ml,migros
migros-11011541,0.0,,52.75,Migros %3 Yağlı Uht Süt 1 L,migros
migros-11012000,0.0,,68.95,Sek Süt 1 L,migros
migros-11012010,0.0,,99.9,Sek Süt 500 Ml,migros
migros-11012020,0.0,,112.5,Sek Süt 200 Ml,migros
migros-11012081,0.0,,175.8,Sek Probiyotik İçecek Sade Kefir 250ml,migros
migros-11012083,0.0,,175.8,Sek Probiyotik Çilekli Kefir 250ml,migros
migros-11012084,0.0,,175.8,Sek Probiyotik Ananaslı Kefir 250ml,migros
migros-11012260,0.0,,165.9,Orvital Organik Yağlı  Pastorize Süt 1 L,migros
migros-11010836,0.0,,175.0,Fomilk Hindistan Cevizi 1 L,migros
migros-11010220,0.0,,187.25,İçim Fit Protein Vanilyalı Laktozsuz Süt 400 Ml,migros
migros-11010222,0.0,,187.25,İçim Fit Protein Çilekli Laktozsuz Süt 400 Ml,migros
migros-11010223,0.0,,187.25,İçim Fit Protein Kakaolu Laktozsuz Süt 400 Ml,migros
migros-11010232,0.0,,56.95,Yörsan Yarım Yağlı Uht Süt 1L,migros
migros-11010239,0.0,,116.11,İçim İçimino Çikolatalı Süt 180 Ml,migros
migros-11010240,0.0,,119.44,İçim İçimino Çilekli Süt 180 Ml,migros
migros-11010241,0.0,,119.44,İçim İçimino Muzlu Süt 180 Ml,migros
migros-11010242,0.0,,107.36,İçim İçimino Çikolatalı Süt 6X180 Ml,migros
migros-11010243,0.0,,107.36,İçim İçimino Çilekli Süt 6X180ml,migros
migros-11010250,0.0,,89.9,"İçim 0,5 Yağlı Yüksek Proteinli Uht İçme Sütü 1 L",migros
migros-10409287,0.0,,135.8,Onur Yağsız Lor Peyniri 500 G,migros
migros-11010256,0.0,,74.95,Sek Laktozsuz Süt 1 L,migros
migros-11010296,0.0,,35.95,Migros Yağsız Uht İçme Sütü 1 L,migros
migros-11010263,0.0,,239.0,Pınar Protein Pro+ Süt 500 Ml,migros
migros-11010267,0.0,,79.5,Torku Laktozsuz Süt 1 L,migros
migros-11010272,0.0,,189.0,Fomilk Bitkisel Bazlı Hindistan Cevizli Matchalı İçecek 1 L,migros
migros-11010274,0.0,,66.95,Yörsan %3 Yağlı Uht Süt 1 L,migros
migros-11010275,0.0,,199.73,Ice Break Vanilyalı Latte 375 Ml,migros
migros-11010276,0.0,,199.73,Ice Break Mocha 375 Ml,migros
migros-11010277,0.0,,199.73,Ice Break Latte 375 Ml,migros
migros-11010278,0.0,,229.95,Oatly Barista Yulaflı İçecek 1 L,migros
migros-11010281,0.0,,179.95,Nilky Şekersiz Hindistan Cevizli İçecek 1 L,migros
migros-11010286,0.0,,189.0,Fomilk Bitkisel Bazlı Yulaflı Matchalı İçecek 1 L,migros
migros-11010288,0.0,,189.0,Fomilk Badem Barista Bitkisel Bazlı Bademli İçecek 1 L,migros
migros-11010289,0.0,,189.0,Fomilk Bitkisel Bazlı Hindistan Cevizli Barista 1 L,migros
migros-11010262,0.0,,59.5,Migros % 3 Yağlı Pastörize İçme Sütü 1L,migros
migros-09024236,0.0,,538.27,Calve Köri Sos 260 G,migros
migros-09024270,0.0,,231.09,Burcu Mısır (Cam) 320 G,migros
migros-09024277,0.0,,1681.76,Tada Glutensiz Peynirli Dereotlu Mini Kraker 85 G,migros
migros-09024332,0.0,,377.26,Kühne Halka Dilimli Burger Turşusu 530 G,migros
migros-09024335,0.0,,302.44,Tat Ketçap Tatlı 390 G,migros
migros-09024336,0.0,,302.44,Tat Acılı Ketçap 390 G,migros
migros-09024348,0.0,,371.29,Kühne Napoliten Makarna Sosu 350 G,migros
migros-09024150,0.0,,295.23,Calve Acılı Ketçap 430 G,migros
migros-09024352,0.0,,18.75,Migros Beyaz Sirke 2000ml,migros
migros-09024356,0.0,,219.31,Tukaş Basilico Makarna Sosu 360 G,migros
migros-09024381,0.0,,918.7,Calve Taneli Hardal 345G,migros
migros-10108901,0.0,,839.9,Bahçıvan Dilimli Tost Peyniri 500 G,migros
migros-09024399,0.0,,331.25,Nutmaster Sütlü Fındık Kreması 400 G,migros
migros-09025331,0.0,,718.07,Crying Thaiger Sriracha Sos 440Ml,migros
migros-09025342,0.0,,153.77,Fide Közlenmiş Patlıcan 650 G,migros
migros-09025344,0.0,,571.31,Pınar Ketçap 420 G + Mayonez %50 Daha Az Yağlı 350 G,migros
migros-09025346,0.0,,556.5,Pınar Mayonez Kavanoz 300 G,migros
migros-09025367,0.0,,899.5,Kühne Sarımsaklı Jalapeno Acı Sos 100 Ml,migros
migros-09025371,0.0,,132.64,Burcu Ketçap Tatlı 550 G,migros
migros-09025372,0.0,,215.11,Burcu Mayonez 460 G,migros
migros-09030007,0.0,,177.87,Migros Közlenmiş Biber 680 G,migros
migros-09030033,0.0,,299.75,Superfresh Mısır 200 G,migros
migros-09030045,0.0,,96.94,Aysan 2 No Salatalık Turşusu 670 G,migros
migros-09024212,0.0,,422.08,Migros Şeker İlavesiz Vişne Reçeli 360 G,migros
migros-09024394,0.0,,89.95,Kühne Karbonatlı Beyaz Sirke 1000 Ml,migros
migros-09024148,0.0,,295.23,Calve Ketçap 430 G,migros
migros-09011356,0.0,,231.39,Tamek Acı Biber Salçası 540 G,migros
migros-09024157,0.0,,316.27,Tukaş Hardal 335 G,migros
migros-09024167,0.0,,543.68,Hellmanns Barbekü Sos 285 G,migros
migros-09024170,0.0,,2452.11,Hellmanns Acı Sos 95 Ml,migros
migros-09024183,0.0,,221.23,Calve Ketçap 610 G,migros
migros-09024184,0.0,,221.23,Calve Acılı Ketçap 610 G,migros
migros-09024185,0.0,,379.54,Calve Mayonez Tam Kıvamında Efsane Lezzet 540 G,migros
migros-09024188,0.0,,946.55,Yenigün Şeker İlavesiz Portakal Kabuğu Reçeli 290 G,migros
migros-09024189,0.0,,946.55,Yenigün Şeker İlavesiz Limon Kabuğu Reçeli 290 G,migros
migros-09024194,0.0,,399.8,Tat Barbekü Sos 250 G,migros
migros-09024201,0.0,,586.85,Pınar Mayonez Cam 460 G,migros
migros-09024233,0.0,,833.12,Heinz Thai Sweet Chilli Sauce 240 G,migros
migros-09024204,0.0,,386.76,Nut Master Şeker İlavesiz Yer Fıstığı Ezmesi 340 G,migros
migros-09024206,0.0,,999.88,Lotus Biscoff Biscuit Spread 400 G,migros
migros-09024209,0.0,,422.08,Migros Şeker İlavesiz Çilek Reçeli 360 G,migros
migros-09024210,0.0,,422.08,Migros Şeker İlavesiz Karadut Reçeli 360 G,migros
migros-09020039,0.0,,735.87,Heinz Ketçap 375 G + Mayonez 330 G İkili Set,migros
migros-09024214,0.0,,490.29,S.S.745 Sayılı Kozan Bal Kooperatif Süzme Çiçek Balı 850 G,migros
migros-09024219,0.0,,578.45,Heinz Mayonez Light 420 G,migros
migros-09024224,0.0,,1036.25,Koska Fındık Püreli Tahin Pekmez Karışımı 40 G,migros
migros-09024225,0.0,,541.67,Koska Pekmez Mix 300 G,migros
migros-09024227,0.0,,522.92,Kooparatif Balı Süzme Çiçek Balı 325 G,migros
migros-09024228,0.0,,691.23,Heinz Acılı Mayonez 405 G,migros
migros-09024229,0.0,,699.88,Heinz Sarımsaklı Mayonez 400 G,migros
migros-09024203,0.0,,434.72,Nut Master %100 Yerfıstığı Ezmesi 360 G,migros
migros-09032560,0.0,,124.94,Tamek Haşlanmış Barbunya 800 G,migros
migros-09032570,0.0,,109.94,Tamek Haşlanmış Fasulye 800 G,migros
migros-09033760,0.0,,261.12,Tat Közlenmiş Biber 670 G,migros
migros-09033763,0.0,,226.4,Tukaş Közlenmiş Biber 680 G,migros
migros-09030057,0.0,,199.85,Aysan Jalapeno Turşusu 340 G,migros
migros-09035471,0.0,,220.51,Melis Közlenmiş Biber 680 G,migros
migros-09035495,0.0,,137.24,Tamek Bezelye 670 G ( Cam ),migros
migros-09035525,0.0,,298.43,Kühne Salatalık Turşusu Türk Tipi 670 G,migros
migros-09035526,0.0,,294.04,Kühne Türk Tipi Karışık Turşu 680 G,migros
migros-09035553,0.0,,514.14,Kühne Türk Tipi Kornişon Turşu 350 G,migros
migros-09035559,0.0,,588.09,Kühne Cüccü Kornişon Turşusu 340 G,migros
migros-09035580,0.0,,644.17,Melis Sarımsak Turşusu 180 Gr.,migros
migros-09030081,0.0,,214.56,Tukaş Mısır 340 G,migros
migros-09035597,0.0,,257.28,Berrak Az Tuzlu Kornişon Turşu 680 G,migros
migros-09035621,0.0,,499.88,Heinz Mısır Konservesi 400 G,migros
migros-09035635,0.0,,371.57,Kühne Az Tuzlu Kornişon Turşu 670 G,migros
migros-09035734,0.0,,364.56,Melis Közlenmiş Dilmli Jalapeno Biber Turşusu 340G,migros
migros-09035737,0.0,,257.84,Ülker Çokokrem 950 G,migros
migros-09035738,0.0,,289.88,Ülker Çokokrem 400 G,migros
migros-09035739,0.0,,415.31,Ülker Çokokrem Cam 650 G,migros
migros-09030131,0.0,,166.58,Burcu Organik Haşlanmış Fasulye 600 G,migros
migros-09035750,0.0,,335.75,Kühne Türk Tipi Kornişon Turşu 670 G,migros
migros-09035755,0.0,,638.83,Tukaş Enginar Kalbi Cam 385 G,migros
migros-09035756,0.0,,178.96,Tukaş Mayonez 335 G,migros
migros-09035761,0.0,,192.23,Tukaş Közlenmiş Patlıcan 650 G,migros
migros-09035594,0.0,,553.69,Kühne Biberiye Turşusu 325 G,migros
migros-09030087,0.0,,158.68,Migros Mısır Konservesi 340 G,migros
migros-09030090,0.0,,226.32,Berrak Taneli Mısır 340 G,migros
migros-09030092,0.0,,298.16,Burcu Organik Bezelye Konservesi 570 G,migros
migros-09030095,0.0,,415.0,Kühne Közlenmiş Biber 530 G,migros
migros-09030112,0.0,,202.11,Tukaş Mısır 3 x 150 G,migros
migros-09030113,0.0,,109.29,Tamek Domates Püresi 210 G,migros
migros-09030115,0.0,,286.95,Turşucu Hakan Kornişon Turşusu 1 Kg,migros
migros-09030119,0.0,,199.95,Turşucu Hakan Karışık Turşu 1 Kg,migros
migros-09030120,0.0,,384.52,Kühne Közlenmiş Patlıcan 520 G,migros
migros-09030121,0.0,,384.52,Kühne Közlenmiş Patlıcan Salatası 520 G,migros
migros-09030122,0.0,,583.33,Tilda Fesleğenli Domates Sosu 300 G,migros
migros-09030124,0.0,,140.2,Migros Közlenmiş Patlıcan 510 G,migros
migros-09032550,0.0,,109.94,Tamek Haşlanmış Nohut 800 G,migros
migros-09030127,0.0,,1338.09,Sera Deniz Börülcesi 340 G,migros
migros-09024349,0.0,,371.29,Kühne Basilico Makarna Sosu 350 G,migros
migros-09030135,0.0,,894.47,Melis Karamelize Soğan 190 G,migros
migros-09030136,0.0,,389.95,Turşucu Hakan Bamya Turşusu 1 Kg,migros
migros-09030137,0.0,,274.95,Turşucu Hakan Kıl Biber Turşusu 1 Kg,migros
migros-09030139,0.0,,352.95,Turşucu Hakan Trozi Turşusu 1 Kg,migros
migros-09030140,0.0,,142.38,Tamek Doğranmış Domates 400 G,migros
migros-09030141,0.0,,261.79,Tukaş Haşlanmış Meksika Fasulyesi 420 G,migros
migros-09030143,0.0,,119.22,Burcu Bezelye Konservesi 830 G,migros
migros-09030525,0.0,,183.75,Tukaş Bezelye 680 G (Cam),migros
migros-09032530,0.0,,124.94,Tukaş Haşlanmış Fasulye 800 G,migros
migros-09032535,0.0,,124.94,Tukaş Haşlanmış Nohut 800 G,migros
migros-09030125,0.0,,610.0,Tilda Kırmızı Biber Havuç Sosu 300 G,migros
migros-08113109,0.0,,70.0,Black Bruin 1 Litre,migros
migros-08113111,0.0,,53.33,"Fuse Tea Mango Ananas Aromalı Soğuk Çay Pet 1,5 L",migros
migros-08113113,0.0,,120.0,Black Bruin Enerji İçeceği 500 Ml,migros
migros-08113120,0.0,,280.0,Burn Gold Spark Enerji İçeceği Kutu 250 ML,migros
migros-08113136,0.0,,160.0,Monster Mango Loco Enerji İçeceği Kutu 500 ML,migros
migros-08113143,0.0,,160.0,Monster Enerji İçeceği Kutu 500 ML,migros
migros-08113151,0.0,,160.0,Monster Ultra Şekersiz Enerji İçeceği Kutu 500 ML,migros
migros-08900008,0.0,,449.5,Elite Detox  Skinny 200 Ml,migros
migros-08900009,0.0,,459.5,Elite Detox  Defence 200 Ml,migros
migros-08900011,0.0,,449.5,Elite Detox  Super Hero (Chia) 200 Ml,migros
migros-08900039,0.0,,264.22,Elite Organic Yeşil Smoothie 946 Ml,migros
migros-09024122,0.0,,852.37,Pastavilla Pesto Makarna Sosu 190 G,migros
migros-08900068,0.0,,759.8,Starbucks Frappuccino Vanilla Aromalı 250 Ml,migros
migros-08900069,0.0,,55.58,Kızılay Erzincan Doğal Maden Suyu 6 x 200 Ml,migros
migros-08110304,0.0,,265.5,Red Bull Sugarfree Pink Edition Ahududu 4 x 250 Ml,migros
migros-09010009,0.0,,98.73,Tat Domates Salçası 830 G,migros
migros-09010020,0.0,,154.86,Tat Domates Salçası Cam 710 G,migros
migros-09010025,0.0,,194.31,Tat Domates Salçası 360 G,migros
migros-09010045,0.0,,122.83,Öncü Domates Salçası Teneke 830 G,migros
migros-09010048,0.0,,242.79,Öncü Biber Salçası Acı Cam 700 G,migros
migros-09010049,0.0,,242.79,Öncü Biber Salçası Tatlı Cam 700 G,migros
migros-09010091,0.0,,188.83,Öncü Domates & Biber Karışık Salça 900 G,migros
migros-09010101,0.0,,136.94,Tukaş Domates Salçası 1650 G,migros
migros-09010116,0.0,,242.79,Tukaş Biber Salçası 700 G Cam,migros
migros-08900040,0.0,,264.22,Elite Organic Turuncu Smoothie 946 Ml,migros
migros-08110040,0.0,,280.0,Burn Enerji İçeceği Kutu 250 ML,migros
migros-08110045,0.0,,260.0,Burn Enerji İçeceği Kutu 4x250 ML,migros
migros-08110049,0.0,,283.8,Red Bull Enerji İçeceği Yaban Mersini 250 Ml,migros
migros-08110061,0.0,,160.0,Monster Watermelon Enerji İçeceği Kutu 500 ML,migros
migros-08110062,0.0,,160.0,Monster Pipeline Punch Enerji İçeceği Kutu 500 ML,migros
migros-08110068,0.0,,283.8,"Red Bull Red Edition Enerji İçeceği, Karpuz, 250 ml",migros
migros-08110213,0.0,,160.0,Black Bruin Enerji İçeceği 250 Ml,migros
migros-08110218,0.0,,160.0,Monster Energy Ultra Tropical 500 Ml,migros
migros-08030128,0.0,,57.0,Lipton Ice Tea Sparkling Tropikal Pet 1 L,migros
migros-08110305,0.0,,140.0,Monster Energy Green Kutu 4 x 500 Ml,migros
migros-08110306,0.0,,140.0,Monster Energy Ultra Kutu 4 x 500 Ml,migros
migros-08110307,0.0,,283.8,Red Bull Yellow Edition Sudachi Misket Limon Aromalı 250 Ml,migros
migros-08113063,0.0,,283.8,Red Bull Enerji İçeceği Hindistan Cevizi ve Açai 250 Ml,migros
migros-08110312,0.0,,263.93,Red Bull Red Edition Enerji 3 x  250 Ml,migros
migros-08110313,0.0,,263.93,Red Bull The White Edition Enerji 3 x 250 Ml,migros
migros-08110314,0.0,,263.93,Red Bull Blue Edition 3 x 250 Ml,migros
migros-08110315,0.0,,263.93,Red Bull Peach Edition Enerji 3 x 250 Ml,migros
migros-08110316,0.0,,239.6,Red Bull Zero Sıfır Şeker 250 Ml,migros
migros-08110317,0.0,,283.8,Red Bull Lilac Edition Sugarfree 250 Ml,migros
migros-08110320,0.0,,140.0,Gorilla Energy Mango Coconut 500 Ml,migros
migros-08110321,0.0,,140.0,Gorilla Energy Drink Khabib Edition 500 Ml,migros
migros-08110322,0.0,,283.8,Red Bull Peach Edition Enerji İçeceği 250 Ml,migros
migros-08110326,0.0,,140.0,Gorilla Energy Drink Pomegranate Raspberry 500 Ml,migros
migros-08110327,0.0,,140.0,Gorilla Energy Drink Ultimate 500 Ml,migros
migros-08110029,0.0,,239.6,Red Bull Enerji İçeceği Şekersiz 250 Ml,migros
migros-08110311,0.0,,160.0,Monster Aussie Lemonade Enerji İçeceği 500 Ml,migros
migros-09011371,0.0,,112.44,Tat Soyulmuş Domates 800 G,migros
migros-09011374,0.0,,162.03,Öncü Domates Salçası 370 G,migros
migros-09011375,0.0,,94.62,Tukaş Domates Püresi 4 x 700 G,migros
migros-09012034,0.0,,105.04,Tat Domates Rendesi 685 G,migros
migros-09012035,0.0,,154.75,Tat Domates Püresi 200 G,migros
migros-09012510,0.0,,174.88,Tat Doğranmış Domates 400 G,migros
migros-09012610,0.0,,174.88,Demko Doğranmış Domates 400 G,migros
migros-09013000,0.0,,699.75,Tat Kurutulmuş Domates 200 G,migros
migros-09020010,0.0,,508.11,Calve İkili Set Ketçap 610 G + Mayonez 540 G,migros
migros-09020034,0.0,,489.59,Calve Ranch Sos 245 G,migros
migros-09020035,0.0,,571.22,Calve Acı Peri Peri Sos 245 G,migros
migros-09010311,0.0,,171.36,Öncü Domates Salçası Cam 700 G,migros
migros-09010124,0.0,,224.92,Burcu Organik Domates Salçası 600 G,migros
migros-09020050,0.0,,493.38,Hellmann's Mayonez 385 G,migros
migros-09020062,0.0,,699.75,Aıko Tatlı Ekşi Sos 200 Ml,migros
migros-09020065,0.0,,422.0,Heinz Ranch Sos 225 G,migros
migros-09020066,0.0,,354.53,Heinz Acılı Ketçap 375 G,migros
migros-09020067,0.0,,710.26,Tamek Lifli Pesto Sos 190 G,migros
migros-09020072,0.0,,84.5,Migros Ketçap 1000 G,migros
migros-09020074,0.0,,666.46,Calve Cheetos Peynir Aromalı Sos 240 G,migros
migros-09020077,0.0,,406.09,Chef Seasons Trüf Mantarlı Hardallı & Harissa Sos 320 G,migros
migros-09020090,0.0,,499.79,Calve Acı Ranch Sos 240 G,migros
migros-09024090,0.0,,763.17,Suree Sweet Chilli Sauce 300 Ml,migros
migros-09024093,0.0,,520.32,Heinz Cam Ketçap 342 G,migros
migros-09024117,0.0,,494.74,Heinz Organik Ketçap 580 G,migros
migros-09020049,0.0,,286.85,Hellmann's Ketçap 460 G,migros
migros-09010276,0.0,,126.45,Tukaş Domates Salçası 830 G,migros
migros-09010279,0.0,,165.64,Tukaş Domates Salçası 700 G,migros
migros-09010290,0.0,,111.99,Tamek Domates Salçası 830 G,migros
migros-09010295,0.0,,147.07,Tamek Domates Salçası 700 G Cam,migros
migros-09010310,0.0,,267.77,Tat Köy Domates Salçası 560 G,migros
migros-08110328,0.0,,44.95,Hot Line Enerji İçeceği 1 L,migros
migros-09011006,0.0,,236.27,Tat Tatlı Biber Salçası Cam 550 G,migros
migros-09011009,0.0,,236.27,Tat Acı Biber Salçası Cam 550 G,migros
migros-09011020,0.0,,139.93,Migros Tatlı Biber Salçası 700 G,migros
migros-09011021,0.0,,139.93,Migros Acı Biber Salçası 700 G,migros
migros-09011025,0.0,,272.64,Tat Köy Tatlı Biber Salçası 550 G,migros
migros-09011077,0.0,,141.58,Burcu Domates Salça 600 Gr,migros
migros-09011368,0.0,,127.24,Tukaş Tatlı Biber Salçası Cam Pet 1650 G,migros
migros-09011334,0.0,,392.68,Deli Chef Kurutulmuş Domates 280 G,migros
migros-09011336,0.0,,114.21,Migros Domates Salçası 700 G Cam,migros
migros-09011337,0.0,,68.5,Migros Domates Püresi 700 G,migros
migros-09011348,0.0,,109.42,Burcu İtalyan San Marzano Tipi Rende Domates 685 G,migros
migros-09011351,0.0,,174.88,Burcu Menemen Harcı 400 G,migros
migros-09011352,0.0,,264.56,Deli Chef Közlenmiş Domatesli Menemen Harcı 340 G,migros
migros-09011354,0.0,,171.29,Tukaş Domates Salçası Cam 350 G,migros
migros-09011355,0.0,,145.91,Burcu Organik Rendelenmiş Domates 685 G,migros
migros-09010003,0.0,,235.0,Tat Domates Salçası 170 G,migros
migros-09011359,0.0,,231.39,Tamek Tatlı Biber Salçası 540 G,migros
migros-09011360,0.0,,202.57,Öncü Domates & Biber Karışık Salça 370 G,migros
migros-09011361,0.0,,192.79,Öncü Domates & Biber Karışık Salça 700 G,migros
migros-09011332,0.0,,83.07,Migros Domates Salçası 830 G,migros
migros-10019118,0.0,,1266.67,Doğruluk Ezine Olgunlaştırılmş Tam Yağlı Beyaz Peynir 525G,migros
migros-10019126,0.0,,944.22,Taciroğlu 3 Dilimli Tam Yağlı Olgunlaştırılmış İnek Peyniri 450 G,migros
migros-10019127,0.0,,1233.11,Taciroğlu Koyun-Keçi-İnek Peyniri 3 Dilimli 450 G,migros
migros-10019128,0.0,,405.44,Torku Tam Yağlı Taze Beyaz Peynir 900 G,migros
migros-10019130,0.0,,1233.11,Taciroğlu 3 Dilimli Keçi - Koyun - İnek Peyniri 450 G,migros
migros-10019149,0.0,,499.83,Migros İnek Peyniri 600G,migros
migros-10019150,0.0,,536.5,Migros Dilimli İnek Peyniri 600 G,migros
migros-10019151,0.0,,407.44,Sek Tam Yağlı Beyaz Peynir 800 G,migros
migros-10017274,0.0,,314.9,Yeşil Kozan Tam Yağlı Beyaz Peynir Kg,migros
migros-10019206,0.0,,671.9,Gökçebayır İnek Peyniri Kg,migros
migros-10019207,0.0,,449.9,Bahçıvan Tam Yağlı Probiyotik Süzme Beyaz Peynir 500 G,migros
migros-09035802,0.0,,69.97,Ferfresh Beyaz Sirke 2 L,migros
migros-10019224,0.0,,449.9,Bahçıvan Yarım Yağlı Laktozsuz Süzme Peynir 500G,migros
migros-10019231,0.0,,389.9,Pınar Yüksek Proteinli Süzme Peynir 500 G,migros
migros-10019232,0.0,,866.56,Tahsildaroğlu Dilimli Klasik İnek Beyaz Peynir 450 G,migros
migros-10019233,0.0,,779.9,Tahsildaroğlu Klasik İnek Beyaz Peyniri 500 G,migros
migros-10019235,0.0,,739.9,Tahsidaroğlu Klasik İnek Beyaz Peynir 1000 G,migros
migros-10019236,0.0,,1294.44,Tahsildaroğlu Gurme Ezine Peyniri 450 G,migros
migros-10019237,0.0,,1099.8,Tahsildaroğlu Ezine Peyniri 500 G (%45 Koyun %40 Keçi %15 İnek),migros
migros-10019238,0.0,,1099.8,Tahsildaroğlu Ezine Peyniri 500 G (%45 Keçi %40 Koyun %15 İnek),migros
migros-10019241,0.0,,1222.0,Tahsildaroğlu Ezine Peyniri 450 G (%45 Koyun %40 Keçi %15 İnek),migros
migros-10019246,0.0,,1294.44,Tahsildaroğlu Gurme Ezine Beyaz Peynir Gold 450 G,migros
migros-10019255,0.0,,628.29,Migros Keçi-Koyun-İnek Peyniri 350 G,migros
migros-10019259,0.0,,783.33,Tahsildaroğlu Olgunlaştırılmış Klasik İnek Beyaz Peyniri 300 G,migros
migros-10019216,0.0,,1572.5,Ariste 1 Dilim Tam Yağlı İzmir Tulum Peyniri 40 G,migros
migros-10017222,0.0,,341.9,Ekici Lokum Kıvamında Tam Yağlı Beyaz Peynir 1000 G,migros
migros-10017270,0.0,,966.5,Ariste İnek Peyniri 600 G,migros
migros-10010108,0.0,,1019.83,Hasmandıra Klasik İnek Peyniri 300 G,migros
migros-10017279,0.0,,1108.33,Doğruluk Truva Keçi Koyun İnek Peyniri 600 G,migros
migros-10017284,0.0,,799.9,Ariste Klasik İnek Peyniri Kg,migros
migros-10017285,0.0,,345.9,İçim Süzme Peynir 500 G,migros
migros-10018013,0.0,,2379.8,Madalı Keçi Beyaz Peynir 250 G,migros
migros-10018015,0.0,,2790.0,Madalı Keçi Sade Tulum Peyniri 250 G,migros
migros-10018019,0.0,,2790.0,Madalı Keçi Kese Peyniri 250 G,migros
migros-10018022,0.0,,2539.6,Madalı Keçi Sade Çerkes Peyniri 250 G,migros
migros-10019030,0.0,,865.0,Doğruluk Klasik İnek Peyniri 600 G,migros
migros-10019031,0.0,,1251.29,Doğruluk Truva Keçi Koyun İnek Peyniri 350 G,migros
migros-10019115,0.0,,1266.67,Doğruluk Tam Yağlı (%90 Keçi) Beyaz Peynir 525 G,migros
migros-10019038,0.0,,549.0,Edirne Yardımcı Tam Yağlı Beyaz Peynir Kg,migros
migros-10019048,0.0,,359.6,İçim Süzme Peynir 250 G,migros
migros-10019052,0.0,,389.9,Pınar Süzme Peynir 500 G,migros
migros-10019056,0.0,,251.9,Migros Süzme Peynir 500 G,migros
migros-10019064,0.0,,1099.6,Ariste Dilimli Beyaz Peynir 250 G,migros
migros-10013751,0.0,,328.5,Sütaş Light Beyaz Peynir 700 G,migros
migros-10019073,0.0,,797.8,Altınkılıç Tam Yağlı Olgunlaştırılmış İnek Peyniri 500 G,migros
migros-10019074,0.0,,375.0,Torku Süzme Peynir 450 G,migros
migros-10019078,0.0,,1258.0,Ariste 1 Dilim Peynir 50 G,migros
migros-10019090,0.0,,659.9,P.E. 810 Klasik İnek Beyaz Peyniri Kg,migros
migros-10019105,0.0,,693.0,Ulussan Yarım Yağlı Olgunlaştırılmış İzmir Tulum Peyniri 300 G,migros
migros-10019109,0.0,,1150.0,Altınkılıç Tam Yağlı Tulum Peynir Kg,migros
migros-10019032,0.0,,628.29,Migros Koyun-Keçi-İnek Peyniri 350 G,migros
migros-10101786,0.0,,999.8,Muratbey Tam Yağlı Taze Kaşar 500 G,migros
migros-10101787,0.0,,1083.0,Muratbey Tam Yağlı Taze Kaşar Peyniri 300 G,migros
migros-10101938,0.0,,799.83,Torku Tam Yağlı Taze Kaşar Peyniri 600 G,migros
migros-10101984,0.0,,1105.0,Hasmandıra Eski Kaşar Kg,migros
migros-10101987,0.0,,1149.75,Bahçıvan Mozzarella Peyniri Rende 200 G,migros
migros-10019260,0.0,,1479.6,Ariste Kars Eski Kaşar Peyniri 250 G,migros
migros-10102680,0.0,,1013.11,Bahçıvan Tam Yağlı Taze Dilimli Tost Peyniri 225 G,migros
migros-10102689,0.0,,1057.56,Bahçıvan Yarım Yağlı Laktozsuz Dilimli Tost Peyniri 225 G,migros
migros-10103129,0.0,,674.88,İçim Kaşar Peyniri 400 G,migros
migros-10103467,0.0,,658.33,Ekici Tam Yağlı Taze Kaşar Peyniri 600 G,migros
migros-10103651,0.0,,419.9,Tahsildaroğlu Eski Kaşar Peyniri 350 (İnek Sütü),migros
migros-10103652,0.0,,833.17,Tahsildaroğlu Taze Kaşar Peyniri 600 G,migros
migros-10019067,0.0,,1759.6,Ariste Tulum Peyniri 250 G,migros
migros-10104408,0.0,,774.75,Sek Kaşar Peyniri 200 G,migros
migros-10107080,0.0,,469.8,Onsüt Tam Yağlı Tost Peyniri 500 G,migros
migros-10108020,0.0,,1095.0,Peysan Dil Peyniri Kg,migros
migros-10108050,0.0,,1149.75,Bahçıvan Dil Peyniri 200 G,migros
migros-10108647,0.0,,608.43,İçim Taze Kaşar Peyniri 700 G,migros
migros-10108658,0.0,,1685.0,Doğruluk Olgunlaştırılmış Tam Yağlı Eski Kasar Peyniri Kg,migros
migros-10108664,0.0,,1495.0,Altınkılıç Trakya Lüks Eski Kaşar Kg,migros
migros-10108788,0.0,,1049.75,Muratbey Çerkez Peyniri 400 G,migros
migros-10100128,0.0,,842.86,Torku Kaşar Peyniri Tam Yağlı 350 G,migros
migros-10108851,0.0,,2259.67,Baltalı %100 Keçi Kaşar Peyniri 300 G,migros
migros-10108888,0.0,,549.0,Onur Dilimli Tost Peyniri Kg,migros
migros-10108893,0.0,,999.5,Tahsildaroğlu Dilimli Kaşar Peyniri 200 G,migros
migros-10104371,0.0,,489.8,Onsüt Dilimli Tam Yağlı Taze Tost Peyniri 500 G,migros
migros-10019261,0.0,,332.22,Teksüt Beyaz Peynir 900 G,migros
migros-10019264,0.0,,715.0,Migros Koyun Keçi İnek Peyniri 600 G,migros
migros-10019265,0.0,,715.0,Migros Keçi Koyun İnek Peyniri 600 G,migros
migros-10019270,0.0,,279.95,Migros Beyaz Peynir 1 Kg,migros
migros-10100026,0.0,,837.25,Gürata Eski Kaşar 400 G,migros
migros-10100027,0.0,,999.5,Tahsildaroğlu Taze Tam Yağlı Dil Peyniri 200 G,migros
migros-10100028,0.0,,1110.56,Tahsildaroğlu Taze Tam Yağlı Örgü Peyniri 180 G,migros
migros-10100029,0.0,,1110.56,Tahsildaroğlu Taze Tam Yağlı Çeçil Peyniri 180 G,migros
migros-10100031,0.0,,548.33,Bahçıvan Tost Peyniri 600 G,migros
migros-10100037,0.0,,1714.75,Anadolumdan Malkara Eski Kaşar Peyniri 200 G,migros
migros-10100080,0.0,,1836.0,Doğruluk Olgunlaştırılmış Tam Yağlı Eski Kaşar Peyniri 250 G,migros
migros-10100081,0.0,,687.25,Gürata Tam Yağlı Taze Kaşar Peyniri 400 G,migros
migros-10101661,0.0,,549.86,Kahvaltı Dünyası Kaşar Peyniri 700G,migros
migros-10100100,0.0,,629.0,Bergen Anadolu Eski Kaşar Peyniri Kg,migros
migros-10100123,0.0,,465.57,Onsüt Tam Yağlı Taze Kaşar Peyniri 700 G,migros
migros-10019205,0.0,,991.9,Bergaz Ezine Peyniri Kg,migros
migros-10101004,0.0,,919.9,Hasmandıra Kelle Kaşar Kg,migros
migros-10101064,0.0,,998.9,Muratbey Tam Yağlı Taze Kaşar Peyniri  Kg,migros
migros-10101152,0.0,,957.38,Hasmandıra Kelle Kaşar 400G,migros
migros-10101153,0.0,,957.38,Hasmandıra Göbek Kaşar 400G,migros
migros-10101155,0.0,,1019.75,Tahsildaroğlu Pul Biberli Biberiyeli Taze Kaşar 200G,migros
migros-10101156,0.0,,999.5,Tahsildaroğlu Dilimli Dağ Kekikli Taze Kaşar 200 G,migros
migros-10101190,0.0,,522.22,Onsüt Tam Yağlı Taze Kaşar Peyniri 225 G,migros
migros-10101354,0.0,,633.17,President Kaşar Peyniri 600 G,migros
migros-10101423,0.0,,740.0,Migros Eski Kaşar Peyniri 350G,migros
migros-10100097,0.0,,749.75,Yörsan Tam Yağlı Kaşar Peyniri 400 G,migros
migros-09035740,0.0,,442.71,Ülker Çokokrem Cam 350 G,migros
migros-09092115,0.0,,599.6,Tatlan Çanakkale Bombası Antep Fıstıklı Helva 250 G,migros
migros-09100086,0.0,,649.88,Bonatelli Organik Vegan Tam Buğday Çubuk 400 G,migros
migros-09100087,0.0,,649.88,Bonatelli Organik Zerdeçallı Çubuk Makarna 400 G,migros
migros-09100123,0.0,,158.25,Burcu Organik Haşlanmış Nohut 600 G,migros
migros-09100128,0.0,,83.14,Burcu Domates Rendesi 685 G,migros
migros-09101442,0.0,,681.67,Harvest & More Beyaz Kuşkonmaz Konservesi 330 G,migros
migros-09101444,0.0,,580.0,Tilda Arrabbiata Sos 300 G,migros
migros-09101446,0.0,,52.44,Migros Haşlanmış Nohut Konservesi Yerli Mahsul 800 G,migros
migros-09101447,0.0,,52.44,Migros Haşlanmış Kuru Fasulye Konservesi Yerli Mahsul 800 G,migros
migros-09101451,0.0,,640.0,Tilda Közlenmiş Patlıcanlı Kapya Biber Sosu 300 G,migros
migros-09101453,0.0,,376.32,Melis Kırmızı Soğan Turşusu 340 G,migros
migros-10017209,0.0,,411.9,Ekici Beyaz Peynir Kg,migros
migros-09101457,0.0,,124.88,Duru Haşlanmış Börülce 400 G,migros
migros-09101458,0.0,,166.57,Tat Haşlanmış Nohut 540 G,migros
migros-09101459,0.0,,124.88,Duru Haşlanmış Nohut 400 G,migros
migros-09040008,0.0,,289.29,De&Co Mısır Koçanı 425 G,migros
migros-09101462,0.0,,162.38,Duru Haşlanmış Kırmızı Fasulye 400 G,migros
migros-09101466,0.0,,799.75,Burcu Kimchi 200 G,migros
migros-09101469,0.0,,166.57,Tat Haşlanmış Fasulye 540 G,migros
migros-09101473,0.0,,396.99,Fersan Samandağ Biberi Turşusu 680 G,migros
migros-09101484,0.0,,352.79,Aysan Sarımsak Turşusu 340 G,migros
migros-09102031,0.0,,238.5,Sera Çağla Turşusu 700 G,migros
migros-09102032,0.0,,378.5,Sera Erik Turşusu 700 G,migros
migros-09102049,0.0,,389.9,Fersan Detox Doğal Sirke Analı Elma Sirkesi 500 Ml,migros
migros-09101456,0.0,,124.88,Duru Haşlanmış Fasulye 400 G,migros
migros-09035814,0.0,,1030.15,Fersan %100 Nar Ekşisi 330 G,migros
migros-09035868,0.0,,187.38,Demko Soyulmuş Domates 400 G,migros
migros-09035878,0.0,,212.38,Yayla Haşlanmış Meksika Fasulyesi 400 G,migros
migros-09035880,0.0,,166.63,Tat Domates Salçası 1500 G,migros
migros-09035881,0.0,,69.28,Migros Bezelye Konservesi 830 G,migros
migros-09035899,0.0,,366.33,Yayla Haşlanmış Suyu Süzülmüş Maş Fasulyesi 150 G,migros
migros-09035900,0.0,,151.58,Superfresh Mısır 3x200 G,migros
migros-09035901,0.0,,366.33,Yayla Haşlanmış Suyu Süzülmüş Nohut 150 G,migros
migros-09035902,0.0,,499.67,Yayla Haşlanmış Suyu Süzülmüş Meksika Fasulyesi 150G,migros
migros-09040002,0.0,,939.24,De&Co Beyaz Kuşkonmaz Konservesi 330 G,migros
migros-09033765,0.0,,249.9,Tat Közlenmiş Patlıcan 520 G,migros
migros-09040014,0.0,,262.38,De&Co Fasulye Filizi 400 G,migros
migros-09062208,0.0,,389.9,Fersan Detox Doğal Sirke Analı Üzüm Sirkesi 500 Ml,migros
migros-09060019,0.0,,526.56,Aiko Sriracha Sos 450 Ml,migros
migros-09060033,0.0,,406.15,Knorr Kemik İlik Suyuna Kelle Paça Çorbası 480 Ml,migros
migros-09060034,0.0,,520.73,Knorr Kemik İlik Suyuna Beyran Çorbası 480 Ml,migros
migros-09060488,0.0,,333.23,Knorr Kemik İlik Suyuna İşkembe Çorbası 480 Ml,migros
migros-09060497,0.0,,412.83,Heinz Cheddar Sos 230 G,migros
migros-09062160,0.0,,413.62,Calve Barbekü Sos 290 G,migros
migros-09062188,0.0,,1344.55,Koska Fındık Püreli Tahin Pekmez & Grissini 55 G,migros
migros-09062190,0.0,,1031.7,Jif Simply Yer Fıstığı Ezmesi 440 G,migros
migros-09062191,0.0,,762.38,Koska Pekmez 400 G + Tahin 300 G Ikili Set,migros
migros-09062193,0.0,,2072.83,Balparmak Kekik Balı 460 G,migros
migros-09062194,0.0,,2249.89,Balparmak Lavanta Balı 460 G,migros
migros-09062203,0.0,,499.79,Calve Cheddar Sos 240 G,migros
migros-09043121,0.0,,294.04,Kühne Pancar Turşusu 680 G,migros
migros-10010755,0.0,,1097.14,H.Ö.444 Olgunlaştrılmış Tam Yağlı Kuru Domatesli Beyaz Peynir 350 G,migros
migros-10010758,0.0,,1097.14,H.Ö.444 Olgunlaştırılmış Tam Yağlı Ezine Beyaz Peynir 350 G,migros
migros-10010764,0.0,,399.0,Migros Tam Yağlı Olgunlaşmış İnek Beyaz Peyniri Kg,migros
migros-10010776,0.0,,642.74,Bahçıvan Light Laktozsuz Dilimli Beyaz Peynir 420 G,migros
migros-10010781,0.0,,759.75,Bahçıvan Serpme Beyaz Peynir 200 G,migros
migros-10010786,0.0,,645.0,Migros Tam Yağlı Olgunlaştırılmış Bergama Tulum Peyniri Kg,migros
migros-10010792,0.0,,1253.17,Altınkılıç Gold Tam Yağlı Olgunlaştırılmış Otlu Peynir 300 G,migros
migros-10010803,0.0,,1082.38,Altınkılıç Gold Serisi Olgunlaştırılmış Tam Yağlı İnek Peynir 400 G,migros
migros-10010805,0.0,,533.2,Tahsildaroğlu Laktozsuz Tam Yağlı Taze Beyaz Peynir 750 G,migros
migros-10010837,0.0,,724.88,Sek Proteinli Beyaz Peynir 400 G,migros
migros-10012360,0.0,,1325.43,Tahsildaroğlu Ezine Peyniri 350 G (%45 Koyun %40 Keçi %15 İnek),migros
migros-10013111,0.0,,409.9,Bahçıvan Süzme Peynir 500 G,migros
migros-09102050,0.0,,699.86,Fiskobirlik Nuga Sütlü Fındık Kreması 350 G,migros
migros-10016000,0.0,,344.9,İçim Tam Yağlı Beyaz Peynir 1000 G,migros
migros-10016002,0.0,,395.9,İçim Tam Yağlı Beyaz Peynir 500 G,migros
migros-10017020,0.0,,589.9,Tahsildaroğlu Klasik İnek Peyniri Kg,migros
migros-10017049,0.0,,849.0,Doğruluk Beyaz Peynir (%90 Keçi %5 Koyun %5 İnek),migros
migros-10017099,0.0,,629.9,Akpınar Tam Yağlı Olgunlaştırılmış Laktozsuz Beyaz Peynir Kg,migros
migros-10017124,0.0,,939.9,Tahsildaroğlu Peynir Kg (%45 Keçi %40 Koyun %15 İnek),migros
migros-10017125,0.0,,939.9,Tahsildaroğlu Peynir Kg (%45 Koyun %40 Keçi %15 İnek),migros
migros-10017145,0.0,,630.83,Bahçıvan Dilimli Beyaz Peynir 420 G,migros
migros-10017159,0.0,,765.0,Ünal Lüks Klasik İnek Peyniri Kg,migros
migros-10017189,0.0,,389.0,Akpınar Beyaz Peynir Kg,migros
migros-10017205,0.0,,380.0,Sütaş Süzme Peynir 250 G,migros
migros-10017208,0.0,,1836.86,Baltalı %100 Keçi Peyniri 350 G,migros
migros-09102115,0.0,,3029.75,By İzzet Antep Fıstık Ezmesi 200 G,migros
migros-09102076,0.0,,495.0,Elite Organik Sıkma Elma Portakal Havuç Suyu 200 Ml,migros
migros-09102097,0.0,,439.5,M Life Glutensiz Ekmek 200 G,migros
migros-09102109,0.0,,590.9,Heinz Hardal 445 G,migros
migros-09102112,0.0,,419.6,Tatlan Çanakkale Bombası Vişneli Helva 250 G,migros
migros-09102113,0.0,,419.6,Tatlan Çanakkale Bombası Çilekli Helva 250 G,migros
migros-09102114,0.0,,419.6,Tatlan Çanakkale Bombası Hurmalı Helva 250 G,migros
migros-09062258,0.0,,434.57,Tat Sos Acı Sos 230 G,migros
migros-09102116,0.0,,1600.0,Antebella  Antep Fıstığı Kreması 200 G,migros
migros-09102118,0.0,,206.27,Tat Mısır 3 x 210 G,migros
migros-09112126,0.0,,127.07,Yayla Haşlanmış Nohut 700 G,migros
migros-09112127,0.0,,127.07,Yayla Haşlanmış Fasulye 700 G,migros
migros-09112129,0.0,,114.21,Yayla Haşlanmış Bezelye 700 G,migros
migros-10010752,0.0,,1097.14,H.Ö.444 Olgunlaştırılmış Tam Yağlı Beyaz Peynir 350 G,migros
migros-09112153,0.0,,329.71,Elite Organik Smoothie Tropic Breeze 414 Ml,migros
migros-09112155,0.0,,329.71,Elite Organik Smoothie Well Greens 414 Ml,migros
migros-09112156,0.0,,329.71,Elite Organik Smoothie Merry Berry 414 Ml,migros
migros-09112186,0.0,,399.86,Pastavilla Veggi Glutensiz Makarna 350 G,migros
migros-09112189,0.0,,167.38,Yayla Haşlanmış Maş Fasulyesi 400 G,migros
migros-10010010,0.0,,865.0,Doğruluk Ezine Tam Yağlı Olgunlaştırılmış Peynir,migros
migros-10010042,0.0,,579.5,Muratbey Kaymaklı Tam Yağlı Taze Peynir 200 G,migros
migros-10010051,0.0,,922.22,Ünal Dilimli Klasik Beyaz Peynir 450 G,migros
migros-10010092,0.0,,849.8,Taciroğlu Tam Yağlı Olgunlaştırılmış İnek Peyniri 500 G,migros
migros-09101461,0.0,,146.99,Aysan Kiraz Biber Turşusu 680 G,migros
migros-10010135,0.0,,335.5,İçim Yumuşak Süzme Peynir 500 G,migros
migros-10010154,0.0,,380.67,Yörsan Tam Yağlı Taze Beyaz Peynir 750 G,migros
migros-09112147,0.0,,771.8,Schar Pan Multigrano Glutensiz Ekmek 250 G,migros
migros-07010998,0.0,,375.0,Saklıköy Çikolata ve Sütlü Kremalı 100 G,migros
migros-07010425,0.0,,265.15,Eti Nero Kakaolu Bisküvi 3 x 110 G,migros
migros-07011050,0.0,,159.89,Ülker Pötibör Bisküvi 450 G,migros
migros-07011052,0.0,,155.44,Ülker Pötibör Bisküvi Kakaolu 450 G,migros
migros-07011055,0.0,,234.88,Ülker Bebe Bisküvisi 400 G,migros
migros-07011099,0.0,,180.0,Ülker Pötibör Bisküvi Çifte Kavrulmuş 175 G,migros
migros-07011100,0.0,,180.0,Ülker Pötibör Bisküvi 175 G,migros
migros-07011101,0.0,,261.05,Ülker Bebe Bisküvisi 172 G,migros
migros-07011102,0.0,,243.29,Ülker Hanımeller Fındıklı Rulo 82 G,migros
migros-07011110,0.0,,171.14,Ülker Pötibör Bisküvi Kakaolu 175 G,migros
migros-07011113,0.0,,265.0,Biskrem Kakaolu 100 G,migros
migros-08030008,0.0,,193.27,Beyoğlu Portakal Limon Meyveli Doğal Zengin Mineralli İçecek 6 x 250 Ml,migros
migros-07011122,0.0,,243.29,Hanımeller Çokodamla Rulo 82 G,migros
migros-07011126,0.0,,273.21,İkram Kremalı Bisküvi Fındıklı 84 G,migros
migros-07011168,0.0,,762.5,Biscolata Stix Sütlü 40 G,migros
migros-07011171,0.0,,859.72,Biscolata Stix Hindistan Cevizli 36 G,migros
migros-07011172,0.0,,910.29,Biscolata Stix Pirinç Patlaklı 34 G,migros
migros-07010708,0.0,,239.67,Biskrem Büyük Boy Rulo 150 G,migros
migros-07011188,0.0,,371.62,Ülker Halley Mini Karadutlu Sandviç Bisküvi 74 G,migros
migros-07011189,0.0,,406.57,Ülker Halley Karadutlu Sandviç Bisküvi 236 G,migros
migros-07011199,0.0,,214.69,Ülker Taç Kraker 3'lü Paket 228 G,migros
migros-07011314,0.0,,241.8,Torku Klasik Fındık Kremalı Bisküvi 61 G,migros
migros-07011315,0.0,,231.56,Torku Fındık Kremalı Bisküvi 4'lü Ekonomik Paket 244 G,migros
migros-07011316,0.0,,231.56,Torku Sade Kremalı Bisküvi 4'lü Ekonomik Paket 244 G,migros
migros-07011120,0.0,,195.31,Haylayf Bisküvi 64 G,migros
migros-07010517,0.0,,322.34,Eti Burçak Tuzlu Zeytinli Bisküvi 3 x 91 G,migros
migros-07010518,0.0,,322.34,Eti Burçak Tuzlu Çörek Otlu Bisküvi 3 x 91 G,migros
migros-07010519,0.0,,329.67,Eti Burçak Tuzlu Zeytinli Bisküvi 91 G,migros
migros-07010520,0.0,,329.67,Eti Burçak Tuzlu Çörek Otlu Bisküvi 91 G,migros
migros-07010601,0.0,,325.0,Eti Balık Kraker 40 G,migros
migros-07010602,0.0,,210.53,Eti Pizza Kraker 38 G,migros
migros-07010612,0.0,,228.0,Eti Crax Peynirli Çubuk Kraker 175 G,migros
migros-07010613,0.0,,228.0,Eti Crax Baharatlı Çubuk Kraker 175 G,migros
migros-07010621,0.0,,200.66,Eti Pizza Kraker 76 G,migros
migros-07010633,0.0,,297.62,Eti Tutku Torba Kakao Kremalı Mozaik Bisküvi 210 G,migros
migros-07010634,0.0,,143.69,Ülker Pötibör Bisküvi 800 G,migros
migros-07010310,0.0,,712.5,Ülker Kat Kat Tat Baklava 28 G,migros
migros-07010983,0.0,,347.22,Eti Puf Kakaolu Bisküvi 18 G,migros
migros-07010765,0.0,,256.25,Eti Crax Peynirli Çubuk Kraker 80 G,migros
migros-07010769,0.0,,300.0,Eti Crax Patlamış Mısırlı 50 G,migros
migros-07010798,0.0,,500.0,Eti Crax Patlayan Lezzet Chili Lime Çubuk Kraker 50 G,migros
migros-07010803,0.0,,219.15,Eti Cin Lokmalık 3'lü 342 G,migros
migros-07010804,0.0,,227.63,Eti Cin Lokmalık 114 G,migros
migros-07010912,0.0,,215.08,Eti Cin Portakallı Bisküvi 325 G,migros
migros-07010936,0.0,,249.5,Eti Burçak Hindistan Cevizli Kremalı Yulaflı Bisküvi 100 G,migros
migros-07010950,0.0,,355.56,Eti Form Bisküvi Kepekli 45 G,migros
migros-07010956,0.0,,878.0,Eti Form Bitter Çikolata Kaplı Lifli Bisküvi 50 G,migros
migros-07010979,0.0,,255.0,Eti Tutku Kakao Kremalı Mozaik Bisküvi 100 G,migros
migros-07010980,0.0,,390.62,Eti Puf Hindistan Cevizli Bisküvi 16 G,migros
migros-07010982,0.0,,319.44,Eti Puf Renkli Bisküvi 18 G,migros
migros-07010758,0.0,,256.25,Eti Crax Baharatlı Çubuk Kraker 80 G,migros
migros-07012428,0.0,,392.7,Ülker Hanımeller Sütlü Çikolatalı Kurabiye 89 G,migros
migros-07012432,0.0,,318.98,Eti Puf Renkli Granül Kaplamalı Marshmallow Bisküvi 216 G,migros
migros-07012433,0.0,,2326.36,The Good Wild Glütensiz Tohum Kraker 55 G,migros
migros-07012434,0.0,,2180.91,The Good Wild Humus Kraker 55 G,migros
migros-07012435,0.0,,2180.91,The Good Wild Glütensiz Acılı Mercimek Kraker 55 G,migros
migros-07012436,0.0,,541.25,Greta Közlenmiş Kırmızı Biberli Kraker 4 x 30 G,migros
migros-07012443,0.0,,396.67,Migros Tarçınlı Zencefilli Kurabiye 300 G,migros
migros-07012445,0.0,,500.0,Ülker Çizi Peynir Kaplamalı & Baharatlı Pretzel Kraker 70 G,migros
migros-07012452,0.0,,408.33,Ülker Altınbaşak Yoğurtlu & Mevsim Yeşillikli Tahıl Cipsi 120 G,migros
migros-07012468,0.0,,440.0,Ülker Altınbaşak Tahıl Cipsi Taco Aromalı & Kinoalı Çerez 50 G,migros
migros-07012473,0.0,,372.16,Torku Karamelce Kremalı Bisküvi 176 G,migros
migros-07011466,0.0,,1596.67,Wasa Baharatlı ve Krem Peynirli Sandviç (French Herbs Sadwich) 30 G,migros
migros-07012489,0.0,,225.0,Eti Crax Sade Çubuk Kraker 80 G,migros
migros-07012496,0.0,,571.43,Lay's Fırından Hasat Yoğurt & Meyve Yeşillik Kraker 70 G,migros
migros-07012053,0.0,,500.0,Crax Patlayan Lezzet Acı Baharatlı Çubuk 50 G,migros
migros-07012498,0.0,,175.0,Migros Fındıklı Bisküvi 100 G,migros
migros-07012499,0.0,,175.0,Migros Sütlü Kakaolu Damlalı Bisküvi 100 G,migros
migros-07012510,0.0,,2122.5,Schar Quinotti Glutensiz Kinoalı Mini Kraker 40 G,migros
migros-07012512,0.0,,866.0,Merba Chocolate Cookies 150 G,migros
migros-07012514,0.0,,594.59,Albeni Kurabiyem Ekstra 185 G,migros
migros-07012515,0.0,,212.38,Ülker Bebe Sütlü Bisküvi 800 G,migros
migros-07012518,0.0,,742.29,Merba Soft Cranberry Cookies 175 G,migros
migros-07012519,0.0,,742.29,Merba Nougatelli Cookies 175 G,migros
migros-07012536,0.0,,895.86,Sydney Kakao Krema Dolgulu Süt Çikolatalı Kaplamalı Bisküvi 145 G,migros
migros-07012480,0.0,,404.29,Ülker Halley Sütlü Çikolatalı Marshmallow Sandviç Bisküvi 210 G,migros
migros-07011468,0.0,,1294.59,Wasa Kırmızı Biberli ve Krem Peynirli Sandviç (Paprika Sandwich) 37 G,migros
migros-07011470,0.0,,1596.67,Wasa Krem Peynirli Sandviç (Mild Cheese Sandwich) 30 G,migros
migros-07011473,0.0,,450.0,Eti Form Hurma İncir ve Çiyalı Tam Buğday Unlu Bisküvi 50 G,migros
migros-07011700,0.0,,364.63,Biscolata Starz Sütlü Çikolata Kaplamalı Bisküvi 82 G,migros
migros-07011701,0.0,,364.63,Biscolata Starz Bitter Çikolata Kakaolu Bisküvi 82 G,migros
migros-07011717,0.0,,250.0,Ülker Susamlı Çubuk Kraker 70 G,migros
migros-07011975,0.0,,326.09,Ülker Altınbaşak Light Yulaflı 46 G,migros
migros-07011976,0.0,,310.87,Ülker Altınbaşak Light Yulaflı 5'li 230 G,migros
migros-07011049,0.0,,155.44,Ülker Pötibör Bisküvi Çifte Kavrulmuş 450 G,migros
migros-07012055,0.0,,500.0,Eti Crax Patlayan Lezzet Peynirli Soğanlı Çubuk Kraker 50 G,migros
migros-07012127,0.0,,379.11,Eti Burçak Fındık Ezmeli Proteinli Bisküvi 158 G,migros
migros-07012354,0.0,,261.79,Ülker Pötibör Çokokrem Kremalı Sandviç 229 G,migros
migros-07012424,0.0,,346.04,Ülker Probis Şeker İlavesiz Midi Boy 101 G,migros
migros-07012360,0.0,,500.0,Ülker Çizi Çıtır Peynir & Soğan 50 G,migros
migros-07012361,0.0,,344.83,Eti Burçak Tuzlu Peynirli Bisküvi 87 G,migros
migros-07012362,0.0,,400.0,Eti Form Kepekli Domatesli 5'li 200 G,migros
migros-07012366,0.0,,500.0,Ülker Çizi Çıtır Peynir & Biftek 50 G,migros
migros-07012367,0.0,,500.0,Ülker Çizi Çıtır Tulum Peyniri & Köz Biber 50 G,migros
migros-07012369,0.0,,239.36,Torku Miniki Turtacık Portakal Jöleli Bisküvi 94 G,migros
migros-07012372,0.0,,139.34,Migros Kremalı Sandviç Bisküvi 61 G,migros
migros-07012380,0.0,,1374.75,Massimo Çikolata Parçacıklı Kurabiye 200 G,migros
migros-07012384,0.0,,264.06,Migros Mısır ve Pirinç Patlağı 64 G,migros
migros-07012386,0.0,,279.69,Migros Taco Aromalı Mısır ve Pirinç Patlağı 64 G,migros
migros-07012390,0.0,,444.44,Eti Tutku Tart 45 G,migros
migros-07011179,0.0,,229.88,Eti Burçak Sütlü Kremalı Yulaflı Bisküvi 4 x 100 G,migros
migros-07012356,0.0,,533.93,Eti Benimo Kombo Stick 56 G,migros
migros-06070362,0.0,,279.9,Bağdat Etsiz Çiğ Köfte Seti 500 G,migros
migros-06070363,0.0,,1586.0,Melis Crispy Jalapeno 75 G,migros
migros-06070364,0.0,,349.75,Tirmata Panko 200 G,migros
migros-06070365,0.0,,724.75,Aiko Panko Japon Usulü Çıtır Ekmek Kırıntısı 200 G,migros
migros-06070366,0.0,,882.5,Vitleaf Vegan Köftelik Toz Karışım 60 G,migros
migros-06071301,0.0,,666.11,Bağdat Köfte Harcı 90 G,migros
migros-06071302,0.0,,1623.75,Bağdat Zeytin Harcı (Sosu) 40 G,migros
migros-06035133,0.0,,89.95,Ferfresh Beyaz Sirke 1 L,migros
migros-06071412,0.0,,755.0,Knorr Çıtır Pane Harcı 90 G,migros
migros-06071413,0.0,,755.0,Knorr Şinitzel Pane Harcı 90 g,migros
migros-06072019,0.0,,922.31,Bağdat Tavuk Harcı 65 G,migros
migros-07010500,0.0,,1747.5,Moms Glutensiz Yaban Mersinli & Yemiş Granola 40 G,migros
migros-06072064,0.0,,52.95,Bağdat Çıtır Pane Harcı,migros
migros-06072151,0.0,,1142.14,Knorr Beşamel Sos 70 G,migros
migros-06072157,0.0,,670.0,Bizim Mutfak Köfte Harcı 2'Li Paket 85 G,migros
migros-07010022,0.0,,206.85,Eti Cicibebe Bisküvi 1 Kg,migros
migros-07010023,0.0,,239.88,Eti Cicibebe Bisküvi 800 G,migros
migros-07010026,0.0,,194.33,Eti Finger Bisküvi 900 G,migros
migros-07010049,0.0,,182.25,Eti Etibör Çifte Kavrulmuş Bisküvi 400 G,migros
migros-07010050,0.0,,182.25,Eti Petit Beurre Bisküvi 400 G,migros
migros-07010051,0.0,,242.38,Eti Cicibebe Bisküvi 400 G,migros
migros-07010055,0.0,,197.03,Eti Petit Beurre Kakaolu Bisküvi 370 G,migros
migros-07010058,0.0,,197.7,Eti Burçak Sultani Üzümlü Kepekli Bisküvi 3 x 123 G,migros
migros-06070027,0.0,,1998.53,Knorr Fırında Tavuk Çeşnisi Baharat&Sarımsak 34 G,migros
migros-06072023,0.0,,999.29,Bağdat Çiğ Köfte Harcı 70 G,migros
migros-06035128,0.0,,42.6,Migros Üzüm Sirkesi 750 Ml,migros
migros-06030073,0.0,,375.9,Kemal Kükrer Yudumluk Dört Hırsız Sirkesi 500 Ml,migros
migros-06035158,0.0,,80.95,Kühne Beyaz Sirke  1 L,migros
migros-06041611,0.0,,951.8,Kühne Tuzu Azaltılmış Soya Sosu 250 Ml,migros
migros-06050004,0.0,,264.48,Knorr Tavuk Suyu Cam 480 Ml,migros
migros-06050017,0.0,,466.25,Bizim Mutfak Serbest Gezen Tavuk Bulyon 12 x 10 G,migros
migros-06050019,0.0,,370.62,Bizim Mutfak Serbest Gezen  Tavuk Bulyon 24 x 10 G,migros
migros-06050020,0.0,,370.62,Bizim Mutfak Yerli Besi Et Bulyon 24 x 10 G,migros
migros-06050036,0.0,,416.46,Knorr Et Aromalı Bulyon 24 Adet 240 G,migros
migros-06050037,0.0,,512.5,Knorr Et Aromalı Bulyon 12 Adet 120 G,migros
migros-06051301,0.0,,332.5,Knorr Tavuk Suyu Bulyon 6’lı 60 G,migros
migros-06051309,0.0,,416.46,Knorr Tavuk Suyu Bulyon 24’lü 240 G,migros
migros-06070361,0.0,,279.9,Bağdat Etli Çiğ Köfte Seti 500 G,migros
migros-06070003,0.0,,1189.5,Melis Çıtır Soğan 100 G,migros
migros-06070004,0.0,,647.16,Bizim Mutfak Çıtır Pane Harcı 88 G,migros
migros-06070025,0.0,,299.8,Bağdat Sebzeli Çeşni 250 G,migros
migros-06070026,0.0,,2343.1,Knorr Fırında Tavuk Çeşnisi Mangal Lezzeti 29 G,migros
migros-06031323,0.0,,239.9,Kühne Üzüm Sirkesi Pet 500 Ml,migros
migros-06070028,0.0,,2191.94,Knorr Fırında Tavuk Çeşnisi Acılı Baharatlı 31 G,migros
migros-06070029,0.0,,2343.1,Knorr Fırında Tavuk Çeşnisi Kekikli Fesleğenli Susamlı 29 G,migros
migros-06070031,0.0,,724.58,Knorr 5 Dakikada Etsiz Çiğ Köfte Seti 120 G,migros
migros-06070033,0.0,,441.25,Bağdat Kolay Etsiz Çiğ Köfte 120 G,migros
migros-06070040,0.0,,567.43,Knorr Yemek Kiti Kore Usülü Tavuklu Pilav 370 G,migros
migros-06070352,0.0,,349.75,Tirmata Köftelik Ekmek Kırıntısı 200 G,migros
migros-06070359,0.0,,999.75,Vegeta Sebzeli Çeşni Klasik 200 G,migros
migros-06051317,0.0,,512.5,Knorr Tavuk Suyu Bulyon 12 Adet 120 G,migros
migros-07010295,0.0,,966.33,Mom's Glutensiz Müsli 300 G,migros
migros-07010297,0.0,,966.33,Mom's Glutensiz Elmalı Tarçınlı Granola 300 G,migros
migros-07010305,0.0,,869.41,Eti Pronot Portakallı Kurabiye 85 G,migros
migros-07010306,0.0,,869.41,Eti Pronot Kakaolu Glutensiz  Kurabiye 85 G,migros
migros-07010100,0.0,,187.5,Eti Petit Beurre Bisküvi 200 G,migros
migros-07010311,0.0,,259.07,Eti Petit Beurre Kakao Kremalı 270 G,migros
migros-07010317,0.0,,244.26,Eti Kremalı Fındıklı 61 G,migros
migros-07010318,0.0,,244.26,Eti Kremalı Muzlu Bisküvi 61 G,migros
migros-07010319,0.0,,244.26,Eti Kremalı Bisküvi 61 G,migros
migros-07010333,0.0,,372.16,Torku Premio XL Özel Süt Kremalı Bisküvi 176 G,migros
migros-07010344,0.0,,282.34,Ülker Biskrem Extra Cookie 184 G,migros
migros-07010101,0.0,,319.48,Eti Cicibebe Bisküvi 172 G,migros
migros-07010353,0.0,,827.22,Onefis Sade Çikolata Parçalı Cookie 180 G,migros
migros-07010356,0.0,,1191.74,McVitie's Chocolate Caramel Round 109 G,migros
migros-07010358,0.0,,498.0,Eti Burçak Şekeri Meyvelerden 50 G,migros
migros-07010359,0.0,,361.54,Eti Ketçaplı Kırmızı Balık Kraker 65 G,migros
migros-07010360,0.0,,276.0,Eti Cin Portakallı 25 G,migros
migros-07010365,0.0,,326.67,Ülker Probis Atıştırmalık 3'lü 225 G,migros
migros-07010393,0.0,,412.5,Eti Puf Gold Tuzlu Karamel Dolgulu 20 G,migros
migros-07010394,0.0,,468.36,Çizmeci Time Mimosa Karamelize Bisküvi 128 G,migros
migros-07010211,0.0,,266.67,Ülker Susamlı Çubuk Kraker 45 G,migros
migros-07010426,0.0,,271.82,Eti Nero Kakaolu Bisküvi 110 G,migros
migros-07010436,0.0,,244.26,Ülker Kremalı Rondo Muzlu Bisküvi 61 G,migros
migros-07010498,0.0,,1747.5,Moms Glutensiz Kakao-Fındık Granola 40 G,migros
migros-07010345,0.0,,291.01,"Ülker Hanımeller Frambuaz Soslu Kurabiye 94,5 G",migros
migros-07010103,0.0,,199.6,Eti Burçak Yulaflı Bisküvi 125 G,migros
migros-07010107,0.0,,212.0,Eti Kakaolu Bisküvi 125 G,migros
migros-07010109,0.0,,202.85,Eti Burçak Sultani Üzümlü Kepekli Bisküvi 123 G,migros
migros-07010112,0.0,,190.46,Eti Burçak Tam Buğday Unlu Bisküvi 131 G,migros
migros-07010113,0.0,,249.5,Eti Burçak Sütlü Kremalı Yulaflı Bisküvi 100 G,migros
migros-07010173,0.0,,541.25,Greta Zeytin Kekikli 120 G,migros
migros-07010178,0.0,,378.28,Eti Burçak Kurabi Kakaolu 198 G,migros
migros-07010182,0.0,,381.12,Torku Tam Çikolatam Bisküvi 249 G,migros
migros-07010195,0.0,,176.24,Eti Burçak Yulaflı Bisküvi 3 x 155 G,migros
migros-07010196,0.0,,387.5,Ülker Altınbaşak Çörekotlu ve Kinoalı Kraker 40 G,migros
migros-07010200,0.0,,249.5,Eti Burçak Limonlu Kremalı Yulaflı Bisküvi 100 G,migros
migros-07010201,0.0,,250.0,Eti Crax Çubuk Kraker 40 G,migros
migros-07010280,0.0,,366.0,Eti Burçak Bademli Kurabi Lokmalık 150 G,migros
migros-07010210,0.0,,175.0,Ülker Tuzlu Çubuk Kraker 80 G,migros
migros-06071410,0.0,,828.66,Knorr Köfte Harcı 82 G,migros
migros-07010212,0.0,,299.33,Ülker Hanımeller Frambuaz Soslu Kurabiye 150 G,migros
migros-07010214,0.0,,333.33,Ülker Altınbaşak Çörekotlu Kinoalı Labneli Kraker 60 G,migros
migros-07010217,0.0,,246.91,Ülker Hanımeller Mahlepli Tuzlu Kurabiye 81 G,migros
migros-07010222,0.0,,375.0,Saklıköy Frambuazlı Beyaz Çikolatalı Bisküvi 100 G,migros
migros-07010231,0.0,,599.2,Biscolata Mood Caramel Macchiato 125 G,migros
migros-07010237,0.0,,440.0,Ülker Altınbaşak Tahıl Cipsi 50 G,migros
migros-07010269,0.0,,500.0,McVitie's Cracker Crisps Sweet Chilli 110 G,migros
migros-07010270,0.0,,500.0,McVitie's Cracker Crisps Sour Cream & Chive  110 G,migros
migros-07010271,0.0,,500.0,McVitie's Cracker Crisps Smoky Barbecue  110 G,migros
migros-07010275,0.0,,173.62,Eti Petit Beurre Bisküvi 800 G,migros
migros-07010209,0.0,,187.5,Ülker Tuzlu Çubuk Kraker 40 G,migros
migros-07030231,0.0,,2194.1,"Milka Bonibon 3'lü Paket 72,9 G",migros
migros-07030242,0.0,,1113.57,Eti Keyfince Rulo Gofret Parçacıklı Bol Sütlü Çikolata 70 G,migros
migros-07030337,0.0,,1614.62,Ülker Antep Fıstıklı Beyaz Kare Çikolata 65 G,migros
migros-07030372,0.0,,1785.0,Nestle Damak Antep Fıstıklı Sütlü Çikolata 70 G,migros
migros-07019958,0.0,,190.46,Torku Tam Buğdaylı Bisküvi 131 G,migros
migros-07030471,0.0,,2949.0,Toblerone Fruit & Nut 100 G,migros
migros-07030574,0.0,,4876.47,Jovia Organıc %85 Cocoa Dark Çikolata 85 G,migros
migros-07030583,0.0,,1687.01,Kahve Dünyası Tambol Antep Fıstıklı Sütlü Çikolata 77 G,migros
migros-07030588,0.0,,4735.29,Jovıa Organıc Sea Salt Caramel Mılk Çikolata 85 G,migros
migros-07030599,0.0,,4735.29,Jovıa Organıc Extra Creamy Mılk Çikolata 85 G,migros
migros-07030604,0.0,,1491.67,Kahve Dünyası Kahveli Çikolata Kaplamalı Draje 60 G,migros
migros-07012539,0.0,,250.0,Ülker Biskrem Kakaolu Rulo 5 x 100 G,migros
migros-07030606,0.0,,1665.0,Kahve Dünyası Sütlü Çikolatalı Badem Draje 60 G,migros
migros-07030607,0.0,,1831.67,Kahve Dünyası Sütlü Çikolatalı Fındık Draje 60 G,migros
migros-07030608,0.0,,1441.67,Kahve Dünyası Bitter Çikolatalı Portakal Draje 60 G,migros
migros-07030614,0.0,,1738.59,Milka Oreo Sandwich Çilekli 92 G,migros
migros-07030618,0.0,,1248.33,Tadelle Fındıklı Bol Sütlü Tablet Çikolata 60 G,migros
migros-07030619,0.0,,1815.0,Tadelle Antep Fıstıklı Bol Sütlü Tablet Çikolata 60 G,migros
migros-07030624,0.0,,1830.0,Tadelle Antep Fıstıklı Bol Sütlü Çikolata 30 G,migros
migros-07030626,0.0,,1263.33,Tadelle Fındıklı Bol Sütlü Çikolata 30 G,migros
migros-07028834,0.0,,1374.75,Coppenrath Tereyağlı Bisküvi 200 G,migros
migros-07030629,0.0,,1181.67,Tadelle Bol Sütlü Çikolata 60 G,migros
migros-07030744,0.0,,666.33,Migros Bitter Çikolata & Şeker Kaplı Badem Draje 150 G,migros
migros-07030766,0.0,,1325.0,Nestle Classic Corn Flakes Kare 60 G,migros
migros-07030605,0.0,,2165.0,Kahve Dünyası Sütlü Çikolatalı Antep Fıstıklı Draje 60 G,migros
migros-07020055,0.0,,1332.67,Lotus Biscoff Sandwich Biscoff Vanilla 150 G,migros
migros-07020061,0.0,,1470.0,Oreo Duble Vanilya Aromalı Dolgulu Kakaolu Bisküvi 170 G,migros
migros-07020064,0.0,,1332.67,Lotus Biscoff Sandwich Biscoff Chocolate 150 G,migros
migros-07020112,0.0,,940.0,Gullon Kinoa Ve Chia Tohumlu Mini Kraker 250 G,migros
migros-07020113,0.0,,614.0,Gullon Mini Balık Kraker 350 G,migros
migros-07020115,0.0,,2230.0,Danvita Peynirli Kraker 130 G,migros
migros-07020117,0.0,,2230.0,Danvita Kırmızı Pancarlı Kraker 130 G,migros
migros-07020129,0.0,,599.33,McVitie's Digestive Sütlü Çikolata Kaplı Bisküvi 150 G,migros
migros-07020130,0.0,,732.67,McVitie's Digestive Zero Bitter Çikolata Kaplı Bisküvi 150 G,migros
migros-07020131,0.0,,300.0,McVitie's Digestive Original  Bisküvi 133 G,migros
migros-07020132,0.0,,375.19,McVitie's Digestive Zero Sugar Original Bisküvi 133 G,migros
migros-07020140,0.0,,2230.0,Danvita Peynirli Domatesli & Fesleğenli Kraker 130 G,migros
migros-07030133,0.0,,1875.0,Tadelle Şeker İlavesiz Sütlü Çikolata 20 G,migros
migros-07028832,0.0,,1959.6,La Mere Poulard Bitter Çikolatalı Bisküvi 125 G,migros
migros-07019626,0.0,,364.58,Ülker Krispi Tırtıklı Baharatlı 48 G,migros
migros-07028836,0.0,,1100.0,Oreo Choco 95 G,migros
migros-07028837,0.0,,1100.0,Oreo Classic 95 G,migros
migros-07028838,0.0,,1181.58,Oreo Classic 38 G,migros
migros-07028856,0.0,,1100.0,Oreo Strawberry 95 G,migros
migros-07028857,0.0,,1096.05,Oreo Choco 228 G,migros
migros-07028858,0.0,,1096.05,Oreo Strawberry 228 G,migros
migros-07028859,0.0,,1096.05,Oreo Classic 228 G,migros
migros-07029489,0.0,,1828.86,Oreo Beyaz Çikolata Kaplı Bisküvi 246 G,migros
migros-07029700,0.0,,619.8,Heinz Barbekü Sos 250 G,migros
migros-07030041,0.0,,853.64,Ülker Caramio Çikolata 55 G,migros
migros-07028786,0.0,,833.06,Belgian Butters Waffle Crisps 180 G,migros
migros-07031246,0.0,,5062.5,Jovia Organik Sütlü Çikolata Kids 40 G,migros
migros-07030628,0.0,,1196.67,Tadelle Bol Sütlü Çikolata 30 G,migros
migros-07031253,0.0,,1095.0,Kahve Dünyası Tambol Fındık Dolgulu Sütlü Çikola 100 G,migros
migros-07031269,0.0,,1999.0,Eti Fıstıkişi Antep Fıstıklı 50 G,migros
migros-07031271,0.0,,1940.0,Migros Beyoğlu Çikolatası Bütün Antep Fıstıklı Sütlü 25 G,migros
migros-07031285,0.0,,641.67,Migros Sütlü Tablet Çikolata 60 G,migros
migros-07031291,0.0,,2592.86,Mentos 2 Saat Clean Breath Orman Meyvesi Aromalı Şeker 21 G,migros
migros-07031293,0.0,,1196.67,Chupa Chups Skull Çilek & Limon Aromalı Lolipop 15 G,migros
migros-07031315,0.0,,241.8,Torku Klasik Sade Kremalı Bisküvi 61 G,migros
migros-07031316,0.0,,1519.2,Gol Sütlü Çikolata Kaplı Fındık Draje 125 G,migros
migros-07031319,0.0,,728.57,Eti Browni Intense Antep Fıstıklı 35 G,migros
migros-07030768,0.0,,1931.67,Nestle Damak Baklava 30 G,migros
migros-07031363,0.0,,2253.69,Godiva Kadayıf & Antep Fıstıklı Tablet Çikolata 122 G,migros
migros-07031367,0.0,,1083.68,Beyoğlu Matchiko Matcha Strawberry Çikolata 95 G,migros
migros-07031368,0.0,,1947.4,Ülker Çikolata Dolu Dolu Antep Fıstıklı 77 G,migros
migros-07031370,0.0,,1071.43,Ülker Çıtır Kadayıflı Antep Fıstıklı Sütlü Çikolata 35 G,migros
migros-07031371,0.0,,1499.38,Ülker Çikolata Dolu Dolu Bademli 80 G,migros
migros-07030996,0.0,,1165.83,Torku Bitter Çikolata 60 G,migros
migros-07031376,0.0,,1248.33,Migros Sütlü Çikolata Kaplı Fındık Draje 60 G,migros
migros-07031377,0.0,,915.0,Migros Beyaz Çikolata Kaplı Damla Sakız Aromalı Badem Draje 60 G,migros
migros-07031382,0.0,,865.0,Migros Sütlü Çikolata Kaplı Kuru Üzümlü Draje 60 G,migros
migros-07031384,0.0,,1071.43,Ülker Çikolata İstanbul Fındıklı & Çıtır Kadayıflı 35 G,migros
migros-07031385,0.0,,1182.26,Ülker Çikolata İstanbul Fındıklı & Çıtır Kadayıflı 93 G,migros
migros-07031393,0.0,,1168.18,Kahve Dünyası Tambol Bol Sütlü Çikolata 77 G,migros
migros-07031335,0.0,,1349.17,Migros Sütlü Çikolata Kaplı Portakal Kabuğu Şekerlemeli Draje 60 G,migros
migros-07030828,0.0,,450.0,Ülker Çokomel Dev Muzlu 22 G,migros
migros-07030829,0.0,,450.0,Ülker Çokomel Dev Sade 22 G,migros
migros-07030844,0.0,,433.79,Luppo Çilekli Sandviç Kek 182 G,migros
migros-07030852,0.0,,1698.0,Kahve Dünyası Frutibon Yaban Mersini 50 G,migros
migros-07030853,0.0,,1898.0,Kahve Dünyası Frutibon Bitter Çikolata Kaplı Çilekli 50 G,migros
migros-07030854,0.0,,1099.0,Kahve Dünyası Bonte Sütlü Sade 50 G,migros
migros-07030892,0.0,,1300.0,Migros Beyoğlu Bütün Fındıklı Sütlü Çikolata 30 G,migros
migros-07030895,0.0,,1375.81,Ülker Çikolata Kadayıflı Dubai Lezzeti 93 G,migros
migros-07030906,0.0,,1606.52,Melodi Büyük Para Çikolata 23 G,migros
migros-07030916,0.0,,1849.5,Patiswiss Antep Fıstık ve Kadayıf Dolgulu Sütlü Çikolata 100 G,migros
migros-07030995,0.0,,1165.83,Torku Sütlü Çikolata 60 G,migros
migros-07030408,0.0,,1900.0,Glories Vişneli %70 Kakao Vegan Çikolata 100 G,migros
migros-07031243,0.0,,658.33,Migros Bitter Tablet Çikolata 60 G,migros
migros-07030999,0.0,,1099.5,Beyoğlu Sütlü Dubai Çikolatası 200 G,migros
migros-07031001,0.0,,2808.33,Elit Fındıklı Şeker İlavesiz Prebiyotik Bitter Çikolata 60 G,migros
migros-07031002,0.0,,2808.33,Elit Fındıklı Şeker İlavesiz Prebiyotik Sütlü Çikolata 60 G,migros
migros-07031009,0.0,,1208.33,Torku Çikolata Fındıklı 60 G,migros
migros-07031053,0.0,,637.23,Ülker Stars Cookie Fındıklı Sütlü Çikolata 47 G,migros
migros-07031075,0.0,,1749.0,Bolçi Fıstıklı Kadayıf Dubai Sütlü Çikolata 100 G,migros
migros-07031162,0.0,,919.6,Datçam Badem Şekeri 250 G,migros
migros-07031209,0.0,,1915.83,Godiva Tuzlu Karamelli Sütlü Çikolata Kare 60 G,migros
migros-07031214,0.0,,659.5,Migros Chocomori Kakao Krema Dolgulu Bitter Çikolata 100 G,migros
migros-07031216,0.0,,650.0,Migros Chocomori Çilekli Yoğurt Sütlü Çikolata 100 G,migros
migros-07031225,0.0,,809.09,Torku Çokofest Karamel Dolgulu Sütlü Çikolata 55 G,migros
migros-07031241,0.0,,891.67,Migros Fındıklı Sütlü Tablet Çikolata 60 G,migros
migros-07030998,0.0,,1141.43,Beyoğlu Dubai Çikolata 35 G,migros
migros-07012712,0.0,,1998.0,Kind Of Balanced Glutensiz Yulaf Unlu Tarçınlı Mini Kurabiye 50 G,migros
migros-07012715,0.0,,2122.5,Schar Nigotti Glutensiz Çörek Otlu Mini Kraker 40 G,migros
migros-07012716,0.0,,342.86,Ülker Çizi Bigbang Krem Peynir Aromalı Biberli Kraker 70 G,migros
migros-07012717,0.0,,317.27,Eti Bumbo Portakal Aromalı Kakaolu Bisküvi 110 G,migros
migros-07012719,0.0,,1998.0,Kind Of Balanced Glutensiz Kestane Unlu Çikolatalı Mini Kurabiye 50 G,migros
migros-07012728,0.0,,572.52,Mcvitie's Hobnobs Sütlü Çikolatalı Bisküvi 262 G,migros
migros-07012729,0.0,,572.52,Mcvitie'S Hobnobs Bitter Çikolatalı Yulaflı Bisküvi 262 G,migros
migros-07013099,0.0,,412.5,Eti Form Domatesli Zeytinli ve Kekikli Bisküvi 40 G,migros
migros-07013736,0.0,,268.88,Torku Tam Kremalım Sütlü Kremalı Bisküvi 249 G,migros
migros-07013737,0.0,,268.88,Torku Tam Kremalım Kakao Kremalı Bisküvi 249 G,migros
migros-07013747,0.0,,518.83,Ülker Coco Star Atıştırmalık 154 G,migros
migros-07019962,0.0,,236.74,Saklıköy Sütlü Kremalı Bisküvi 3 x 88 G,migros
migros-07013796,0.0,,429.08,Luppo Sandviç Kek 8'li Paket 184 G,migros
migros-07013797,0.0,,429.08,Luppo Sandviç Kek Kakaolu 8'li Paket 184 G,migros
migros-07013834,0.0,,379.52,Torku Tam Çikolatam Bisküvi 83 G,migros
migros-07013837,0.0,,193.33,Torku Tam Yulaflı Bisküvi 375 G,migros
migros-07013838,0.0,,184.48,Torku Tam Buğdaylı Bisküvi 393 G,migros
migros-07013840,0.0,,257.74,Ülker İkram Fndıklı 3 X 84 G,migros
migros-07015173,0.0,,249.5,Eti Burçak Kakao Kremalı Bisküvi 100 G,migros
migros-07015252,0.0,,599.2,Biscolata Mood Bitter 125 G,migros
migros-07015253,0.0,,911.27,Fiorella Sütlü Çikolatalı Bisküvi 102 G,migros
migros-07016115,0.0,,830.56,Ozmo Burger 36 G,migros
migros-07017001,0.0,,332.0,Ülker Probis Kakaolu ve Muzlu Proteinli Bisküvi 75 G,migros
migros-07017002,0.0,,367.5,Ülker Altınbaşak Çörek Otlu & Kinoalı Kraker 5 x 40 G,migros
migros-07012555,0.0,,2186.25,Züber Yulaflı Tarçınlı ve Zencefilli Kurabiye 80 G,migros
migros-07012547,0.0,,768.46,Söke Hello Cookie Macadamia Fındıklı Çikolatalı 130 G,migros
migros-07012548,0.0,,1864.0,Greta Kuru Üzümlü Meyveli Kraker 4'lü 37.5 G,migros
migros-07012551,0.0,,415.48,Eti Benimo Kombo Cookie 84 G,migros
migros-07012553,0.0,,349.17,Migros Ekstra Karamelli Bisküvi 120 G,migros
migros-07012554,0.0,,1110.56,Migros Ekstra Tereyağlı Kurabiye 180 G,migros
migros-07012401,0.0,,80.0,Migros Petibör Bisküvi 1000 G,migros
migros-07012565,0.0,,2180.91,The Good Wild Mercipop Baharat Karışımlı Kraker 55 G,migros
migros-07012566,0.0,,2180.91,The Good Wild Baharatlı Kraker 55 G,migros
migros-07012567,0.0,,2326.36,The Good Wild Lokmalık Galeta 55 G,migros
migros-07012569,0.0,,466.0,Greta Kuru Üzümlü Portakallı Meyve Kraker 4 x  37.5 G,migros
migros-07012574,0.0,,1199.0,Bind Petit Beurre Frambuazlı Summer 100 G,migros
migros-07012577,0.0,,397.73,Ülker Halley Mini Granüllü 88 G,migros
migros-07012708,0.0,,361.45,Eti Burçak Yer Fıstığı Ezmesi Kremalı Protein Bisküvi 83 G,migros
migros-07012581,0.0,,400.0,Ülker Çizi Bigbang Mısır Parçacıklı Peynirli Taco Çubuk 50 G,migros
migros-07012582,0.0,,400.0,Ülker Çizi Bigbang Mısır Parçacıklı Rench & Cheddar Çubuk 50 G,migros
migros-07012584,0.0,,159.2,Migros Yulaflı Bisküvi 125 G,migros
migros-07012585,0.0,,151.91,Migros Tam Buğday Unlu Bisküvi 131 G,migros
migros-07012587,0.0,,139.34,Migros Fındık Kremalı Sanviç Bisküvi 61 G,migros
migros-07012588,0.0,,543.64,Luppo Sandvıiç Kek Mini Kakao 55 G,migros
migros-07012589,0.0,,543.64,Luppo Sandviç Kek Mini Sade 55 G,migros
migros-07012590,0.0,,749.0,Migros Sütlü Çikolata Kaplamalı Bisküvi 100 G,migros
migros-07012497,0.0,,571.43,Lay's Fırından Hasat Peynirli & Kırmızı Biberli Kraker 70 G,migros
migros-07012593,0.0,,462.96,Ülker Hanımeller Çikolatalı Portakallı Tart Kurabiye 108 G,migros
migros-07012594,0.0,,292.55,Ülker Hanımeller Limon Soslu Kurabiye 94 G,migros
migros-07012596,0.0,,2186.25,Züber Yulaflı ve Kakaolu Kurabiye 80 G,migros
migros-07012580,0.0,,428.57,Ülker Çizi Bigbang Yer Fıstığı Dolgulu Mini Kraker 70 G,migros
migros-07018729,0.0,,1339.74,Lotus Biscoff Karamelli Bisküvi 156 G,migros
migros-07018872,0.0,,541.25,Greta Mevsim Yeşilliği Çeşnili Kraker 4'lü 120 G,migros
migros-07019122,0.0,,244.26,Ülker Kremalı Sandviç Bisküvi 61 G,migros
migros-07019123,0.0,,231.56,Ülker Kremalı Sandviç Bisküvi 4'lü 244 G,migros
migros-07019125,0.0,,231.45,Ülker Kremalı Sandviç Bisküvi 8'li 488 G,migros
migros-07019191,0.0,,350.0,Eti Burçak Bitter Çikolatalı Yulaflı Bisküvi 114 G,migros
migros-07019596,0.0,,412.5,Eti Puf Kırmızı Meyve Dolgulu Bisküvi 20 G,migros
migros-07019625,0.0,,364.58,Ülker Krispi Tırtıklı Acılı Kraker 48 G,migros
migros-07017084,0.0,,245.12,Ülker Çiziviç Peynirli Kremalı Sandviç Kraker 82 G,migros
migros-07019690,0.0,,662.5,Ozmo Hoppo Çikolatalı Krema Dolgulu Bisküvi 40 G,migros
migros-07019694,0.0,,599.2,Biscolata Mood Bardak 125 G,migros
migros-07019695,0.0,,587.78,Ozmo Hoppo Bardak 90 G,migros
migros-07017073,0.0,,335.71,Eti Mini Mısırlı Balık Kraker 70 G,migros
migros-07019715,0.0,,548.61,Ülker Albeni Atıştırmalık Çikolatalı 72 G,migros
migros-07019726,0.0,,244.75,Ülker Biskrem Kakaolu 200 G,migros
migros-07019731,0.0,,286.21,Saklıköy Çikolata Kremalı Bisküvi 87 G,migros
migros-07019732,0.0,,272.15,Ülker Çiziviç Peynirli Sandviç Kraker 246 G,migros
migros-07019737,0.0,,514.71,Albeni Kurabiyem 170 G,migros
migros-07019789,0.0,,311.23,Eti Tutku Bold Kakao Kremalı Mozaik Bisküvi 138 G,migros
migros-07019795,0.0,,418.94,Ülker Halley Mini 3'lü Paket 198 G,migros
migros-07019889,0.0,,348.26,Dore Sade Kremalı Çikolata Bisküvi 86 G,migros
migros-07019919,0.0,,249.0,Saklıköy Sütlü Kremalı Yulaflı Bisküvi 100 G,migros
migros-07019931,0.0,,350.0,Eti Burçak Sütlü Çikolatalı Bisküvi 114 G,migros
migros-07019957,0.0,,199.6,Torku Tam Yulaflı Bisküvi 125 G,migros
migros-07018210,0.0,,441.67,Ülker Halley Süper 30 G,migros
migros-07019708,0.0,,246.3,Çokoprens Atıştırmalık 81 G,migros
migros-07017082,0.0,,242.86,Ülker Çizi Peynirli Kraker 70 G,migros
migros-07017083,0.0,,226.79,Ülker Çizi Peynirli Kraker 4'lü 280 G,migros
migros-07012592,0.0,,299.33,Ülker Hanımeller Limon Soslu Kurabiye Poşet 150 G,migros
migros-07017111,0.0,,378.28,Eti Burçak Kurabi Yulaflı Fındıklı Kurabiye 198 G,migros
migros-07017117,0.0,,366.67,Eti Form Tam Çavdarlı Ekşi Mayalı Kepekli Bisküvi 45 G,migros
migros-07017151,0.0,,267.86,Eti Susamlı Çubuk Kraker 56 G,migros
migros-07017152,0.0,,249.17,Eti Susamlı Çubuk Kraker 120 G,migros
migros-07017758,0.0,,299.33,Eti Tutku Kakao Kremalı Mozaik Bisküvi 150 G,migros
migros-07017788,0.0,,223.68,Ülker Taç Kraker 76 G,migros
migros-07017799,0.0,,436.25,Eti Benimo Lokmalık Çikolatalı Bisküvi 80 G,migros
migros-07017878,0.0,,457.5,McVitie's Karamelli Bisküvi 120 G,migros
migros-07017995,0.0,,266.33,Ülker Hanımeller Asorti Karışık Tatlı Kurabiye 150 G,migros
migros-07018391,0.0,,1294.59,Wasa Sandwich Cheese & Chives 37 G,migros
migros-07017997,0.0,,266.67,Ülker Hanımeller Karışık Tuzlu Kurabiye 150 G,migros
migros-07017998,0.0,,282.34,Ülker Biskrem Extra Kakaolu Krema Dolgulu Bisküvi 184 G,migros
migros-07018051,0.0,,1832.5,Nestle 1927 Ekstra Sütlü Kare Çikolata 60 G,migros
migros-07018052,0.0,,1832.5,Nestle 1927 %82 Kakaolu Bitter Kare Çikolata 60 G,migros
migros-07018183,0.0,,449.79,Eti Benimo Çikolata Kaplamalı Hindistan Cevizli Bisküvi 3'lü 240 G,migros
migros-07013767,0.0,,268.75,Eti Balık Kraker 160 G,migros
migros-07018220,0.0,,265.0,Çokoprens 30 G,migros
migros-07018221,0.0,,216.33,Ülker Çokoprens 10'lu Paket 300 G,migros
migros-07018225,0.0,,285.54,Ülker Probis 10'lu 280 G,migros
migros-07018350,0.0,,1750.0,Anna's Portakallı Bisküvi 150 G,migros
migros-07018351,0.0,,1666.33,Anna's Zencefilli Bisküvi 150 G,migros
migros-07018352,0.0,,1750.0,Anna's Cappuccino Bisküvi 150 G,migros
migros-07017996,0.0,,266.33,Ülker Hanımeller Çokodamla Kakaolu Damla Bisküvi 150 G,migros
migros-05120021,0.0,,69.9,Çavdarlı Ekmek Adet,migros
migros-05120024,0.0,,59.9,Tam Buğday Unlu Ekmek Adet,migros
migros-05120026,0.0,,89.9,Karışık Tahıllı Ekmek,migros
migros-05120036,0.0,,89.9,Alman Ekmeği Adet,migros
migros-05120039,0.0,,199.8,Ekşi Mayalı Ekmek Adet 500 G,migros
migros-05120071,0.0,,89.9,Tost Ekmeği Adet,migros
migros-05120076,0.0,,199.9,Tahıllı Tost Ekmeği,migros
migros-05120084,0.0,,99.9,Minik Sandviç Ekmeği 6'lı,migros
migros-05120316,0.0,,229.9,Yufka Kg,migros
migros-05990001,0.0,,899.75,Eti Lifalif Elmalı Hurmalı Granola 200G,migros
migros-05099214,0.0,,386.08,Nestle Gold Corn Flakes Tam Tahıl Mısır Gevreği 650 G,migros
migros-06035126,0.0,,42.6,Migros Elma Sirkesi 750 Ml,migros
migros-06010044,0.0,,2635.45,Bağdat Öğütülmş Karabiber Tuzluklu Cam 55 G,migros
migros-06010045,0.0,,1070.71,Bağdat Köri 70 G,migros
migros-06010046,0.0,,1249.17,Bağdat Zencefil Toz 60 G,migros
migros-06010047,0.0,,1999.17,Bağdat Karabiber Tane 60 G,migros
migros-06010050,0.0,,2082.29,Bağdat Kimyon Tuzluklu Cam 48 G,migros
migros-06010054,0.0,,1427.14,Bağdat Biberiye 35 G,migros
migros-06010056,0.0,,1124.38,Bağdat Cajun Baharatı 80 G,migros
migros-06010061,0.0,,2367.11,Bağdat Toz Soğan Tuzluklu 38 G,migros
migros-06010062,0.0,,3075.0,Bağdat Tane Kişniş Tuzluklu 26 G,migros
migros-06010066,0.0,,713.81,Bağdat Limon Tuzu 105 G,migros
migros-06010067,0.0,,1070.71,Bağdat Zerdeçal Toz 70 G,migros
migros-06010072,0.0,,2197.5,Dünya Hayat Defne Yaprağı 20 G,migros
migros-06010041,0.0,,1780.91,Bağdat Zerdeçal Tuzluklu Cam 55 G,migros
migros-05099205,0.0,,397.0,Eti Lifalif Yer Fıstıklı ve Hurmalı Müsli 350 g,migros
migros-05099209,0.0,,356.0,Migros Granola Yulaflı Ballı Ve Keten Tohumlu 250G,migros
migros-05099210,0.0,,356.0,Migros Granola Yulaflı Kakaolu 250 G,migros
migros-05099213,0.0,,755.33,Nestle Gold Honey Flakes Ballı Mısır Gevreği 225 G,migros
migros-05098147,0.0,,433.22,Kellogg's Coco Pops Kakaolu Mısır ve Buğday Gevreği 450 G,migros
migros-05099216,0.0,,612.5,Nestle Gold Corn Flakes Tam Tahıl Mısır Gevreği 200 G,migros
migros-05099223,0.0,,299.95,Kellogg's Coco Pops Çikolatalı Mısır ve Buğday Gevreği 1 Kg,migros
migros-05099224,0.0,,899.75,Lifalif Granola Kuruyemişli 200 G,migros
migros-05099225,0.0,,679.8,Eti Lifalif İnce Öğütülmüş Müsli Hibiskuslu 250 g,migros
migros-05099237,0.0,,666.33,Richland Cookie Rings Kakaolu Tahıl Halkaları 150 G,migros
migros-05099238,0.0,,1199.75,Fropie Badem&Vanilya Probiyotik Granola 200 G,migros
migros-05099239,0.0,,1199.75,Fropie Yer Fıstıklı&Çikolatalı Probiyotik Granola 200 G,migros
migros-05120018,0.0,,59.9,Kepekli Baget Ekmek,migros
migros-05099266,0.0,,495.73,Nesfit Kırmızı Meyveli Gevrek 480 G,migros
migros-05099287,0.0,,594.88,Nesfit Karışık Meyveli 400G,migros
migros-05099292,0.0,,679.8,Eti Lifalif Kakaolu İnce Öğütülmüş Müsli 250 G,migros
migros-05099294,0.0,,515.0,Richland Granola Yulaflı ve Kakaolu 330 G,migros
migros-05099296,0.0,,831.67,Kellogg's Granola Beyaz Çikolata Parçacıklı & Antep Fıstıklı 60 G,migros
migros-05099298,0.0,,819.83,Kellogg's Special Gurme Tam Buğday & Pirinç Gevreği 300 G,migros
migros-05120000,0.0,,20.0,Sofra Ekmek Adet,migros
migros-05099117,0.0,,645.0,Nestle Nesquik Harfler Kakaolu Buğday ve Mısır Gevreği 310 G,migros
migros-05120004,0.0,,59.9,Susamlı Ekmek Adet,migros
migros-05120012,0.0,,79.8,Tuz İlave Edilmemiş Ekmek 250 G,migros
migros-05120013,0.0,,59.9,Kepekli Ekmek Adet,migros
migros-05120015,0.0,,59.9,Baget Ekmek Sade,migros
migros-05099243,0.0,,799.67,Kellogg's Granola Beyaz Çikolatalı Antep Fıstıklı 300 G,migros
migros-06010261,0.0,,922.31,Bağdat Soğan Toz 65 G,migros
migros-06010263,0.0,,780.0,Migros Karabiber 75 G,migros
migros-06010267,0.0,,999.29,Bağdat Sarımsak Toz 70 G,migros
migros-06010268,0.0,,546.0,Migros Kimyon 75 G,migros
migros-06011204,0.0,,1099.38,Bağdat Pul Biber 80 G,migros
migros-06011205,0.0,,1199.33,Bağdat Toz Acı Biber 75 G,migros
migros-06011206,0.0,,1199.33,Bağdat Tatlı Biber 75 G,migros
migros-06010075,0.0,,1659.0,Knorr Zencefil 50 G,migros
migros-06011208,0.0,,732.67,Bağdat Susam 75 G,migros
migros-06011209,0.0,,1066.0,Bağdat Çörek Otu 75 G,migros
migros-06011210,0.0,,1249.38,Bağdat Sumak 80 G,migros
migros-06010073,0.0,,2079.0,Dünya Hayat Çubuk Tarçın 50 G,migros
migros-06011213,0.0,,2373.75,Bağdat Yeni Bahar 40 G,migros
migros-06011214,0.0,,1299.0,Bağdat Hindistan Cevizi 50 G,migros
migros-06011215,0.0,,1665.0,Bağdat Nane 30 G,migros
migros-06011216,0.0,,3398.0,Bağdat Kekik 25 G,migros
migros-06011218,0.0,,1665.56,Bağdat Kabuk Tarçın 45 G,migros
migros-06011219,0.0,,5491.67,Bağdat Defne Yaprağı 6 G,migros
migros-06011220,0.0,,3663.33,Bağdat Karanfil 15 G,migros
migros-06011222,0.0,,5831.67,Bağdat Mahlep 30 G,migros
migros-06011230,0.0,,8693.48,Bağdat Dolmalık Fıstık 23 G,migros
migros-06011231,0.0,,1998.75,Bağdat Kuş Üzümü 40 G,migros
migros-06011270,0.0,,999.69,Bağdat Hindistan Cevizi Eko 160 G,migros
migros-06010196,0.0,,1230.0,Knorr Baharat Serisi Köri 65 G,migros
migros-06011212,0.0,,1287.78,Bağdat Tarçın 45 G,migros
migros-06010074,0.0,,1149.17,Knorr Zerdeçal 60 G,migros
migros-05120002,0.0,,59.9,Papatya Ekmek Adet Küçük,migros
migros-06010076,0.0,,1306.92,Knorr Baharat Serisi Tatlı Toz Kırmızı Biber 65 G,migros
migros-06010077,0.0,,1498.75,Knorr Baharat Serisi Tarçın 40 G,migros
migros-06010079,0.0,,1570.71,Knorr Baharat Serisi Sumak 70 G,migros
migros-06010080,0.0,,1306.92,Knorr Baharat Serisi Pul Biber 65 G,migros
migros-06010081,0.0,,1838.0,Knorr Baharat Serisi Kuru Nane 25 G,migros
migros-06010082,0.0,,1353.08,Knorr Baharat Serisi Kimyon 65 G,migros
migros-06010083,0.0,,3697.5,Knorr Baharat Serisi Kekik 20 G,migros
migros-06010084,0.0,,1999.17,Knorr Baharat Serisi Karabiber 60 G,migros
migros-06010086,0.0,,2562.82,Bağdat Zencefil Tuzluklu Kapak Cam 39 G,migros
migros-06010087,0.0,,2402.88,Bağdat Sumak Tuzluklu Kapak Cam 52 G,migros
migros-06010260,0.0,,610.56,Migros Kırmızı Acı Toz Biber 90 G,migros
migros-06010092,0.0,,2630.26,Bağdat Saray Baharatı 38 G,migros
migros-06010093,0.0,,3304.24,Bağdat Tane Beyaz Biber Değirmen Kapak 59 G,migros
migros-06010099,0.0,,412.67,Migros Tarçın 75 G,migros
migros-06010115,0.0,,410.13,Hayfene Karbonat 390 G,migros
migros-06010001,0.0,,999.23,Bağdat Köfte Baharı 65 G,migros
migros-06010207,0.0,,1285.36,Hayfene İşte O Tavuk Baharat Karışımı 140 G,migros
migros-06010209,0.0,,1799.5,Hayfene İşte O Köfte Baharat Karışımı 100 G,migros
migros-06010237,0.0,,619.0,Migros Hindistan Cevizi 50 G,migros
migros-06010238,0.0,,266.0,Migros Susam 75 G,migros
migros-06010239,0.0,,446.67,Migros Çörek Otu 75 G,migros
migros-06010240,0.0,,441.18,Migros Pul Biber 85 G,migros
migros-06010259,0.0,,698.33,Migros Kuru Nane 30 G,migros
migros-06010089,0.0,,4996.88,Bağdat Fesleğen Tuzluklu Kapak Cam 16 G,migros
migros-05090075,0.0,,1000.0,Pacha Kırmızı Meyveli Kolajenli Granola  300 G,migros
migros-05079068,0.0,,285.97,Myfresh Üçgen Yufka 360 G,migros
migros-05090087,0.0,,666.33,Richland Meyve Aromalı Tahıl Halkaları 150 G,migros
migros-05090090,0.0,,666.33,Richland Fruity Rings Renkli Tahıl Halkaları 150 G,migros
migros-05090100,0.0,,538.12,Nesfit Kırmızı Meyveli 2 x 400 G,migros
migros-05090102,0.0,,888.7,Fellas Vegan Protein Granola Hindistan Cevizi & Kakao 270G,migros
migros-05090103,0.0,,888.7,Fellas Vegan Protein Granola Karışık Kuruyemiş & Kakao 270G,migros
migros-05090104,0.0,,888.7,Fellas Vegan Protein Granola Kırmızı Meyveler 270 G,migros
migros-05090115,0.0,,849.75,Richland Chai Fındıklı Granola 200 G,migros
migros-05090116,0.0,,605.91,Richland Granola Tropikal Meyveli 330 G,migros
migros-05091209,0.0,,404.64,Kellogg's Special K Klasik Tam Buğday ve Pirinç Gevreği 420 G,migros
migros-05099203,0.0,,705.59,Kellogg's Granola Karışık Meyveli 340 G,migros
migros-05091411,0.0,,755.33,Nestle Cheerios Ballı Tahıl Gevreği 225 G,migros
migros-05091422,0.0,,464.17,Nestle Nesfit Tam Tahıl ve Pirinç Gevreği 420 G,migros
migros-05093202,0.0,,211.9,Eti Lifalif Yulaf Ezmesi 500 G,migros
migros-05093307,0.0,,1158.86,Weetabix Proteinli Tam Tahıllı Bar 440 G,migros
migros-05095438,0.0,,749.5,Yayla Onlife Beyaz Çikolatalı Antep Fıstıklı Çilekli Granola 200 G,migros
migros-05080288,0.0,,428.57,Eti Crax Thins Mexican Chili 70 G,migros
migros-05095492,0.0,,95.0,M Life Yulaf Ezmesi 500 G,migros
migros-05095493,0.0,,592.74,Dr.Oetker Vitalis Sütlü Bitter Çikolatalı Çıtır Müsli 420 G,migros
migros-05095496,0.0,,866.5,Nesfit Ballı Granola 300 G,migros
migros-05095498,0.0,,866.5,Nesfit Kabak Çekirdekli Turna Yemişli Granola 300 G,migros
migros-05095499,0.0,,866.5,Nesfit Çikolatalı Granola 300 G,migros
migros-05095504,0.0,,637.8,Kellogg's Granola Çikolata & Fındıklı 500 G,migros
migros-05091410,0.0,,444.33,Nestle Nesquik Kakaolu Buğday ve Mısır Gevreği 450 G,migros
migros-05079099,0.0,,117.44,Dureldo Baklavalık Böreklik Yufka  800 G,migros
migros-05080020,0.0,,6245.0,Pol's Freeze Fresh Tropikal Muz 20 G,migros
migros-05080037,0.0,,679.2,Lorenz Nic Nac's Çıtır Kaplamalı Kavrulmuş Yer Fıstığı 125g,migros
migros-05080067,0.0,,7495.0,Pol's Freeze Fresh Tropikal Seri Mango 20 G,migros
migros-05080068,0.0,,7495.0,Pol's Freeze Fresh Lime 20 G,migros
migros-05080191,0.0,,8295.0,Pol's Freeze Fresh Vişne 20 G,migros
migros-05080194,0.0,,575.0,Eti Burçak Tahıl Cipsi Fesleğen 40 G,migros
migros-05080221,0.0,,999.29,Maretti Bruschette Ekşi Kuru Soğan Aromalı Kızartılmış Ekmek 70 G,migros
migros-05080257,0.0,,7397.5,Pol's Freeze Fresh Life Joy Mix 20 G,migros
migros-05080262,0.0,,7397.5,Pol's Freeze Fresh Life Fun Mix 20 G,migros
migros-05080273,0.0,,1135.91,Lorenz Nicnacs Hot Acılı Kavrulmuş Fıstık 110 G,migros
migros-05059092,0.0,,411.9,Delba Kabak Çekrdekli Çavdrlı Tam Tahıl Ekmeği 500 G,migros
migros-05090074,0.0,,839.6,Kellogg's İlave Şekersiz Granola Hurmalı ve Bademli 250 G,migros
migros-05089504,0.0,,6245.0,Pol's Freeze Fresh Dilim Portakal 20 G,migros
migros-05089509,0.0,,7495.0,Pol's Freeze Fresh Böğürtlen 20  G,migros
migros-05089510,0.0,,8326.67,Pol's Freeze Fresh Çilek 15 G,migros
migros-05090022,0.0,,1879.8,Schar Glutensiz Sade Mısır Gevreği 250 G,migros
migros-05090024,0.0,,320.95,Nesquik Mısır Gevreği 1 Kg,migros
migros-05090031,0.0,,433.17,Fellas Glutensiz Yulaf Ezmesi 300 G,migros
migros-05090033,0.0,,499.82,Nestle Crunch Tam Tahıl ve Pirinç Gevreği Kutu 280 G,migros
migros-05090034,0.0,,453.2,Nestle Crunch Tam Tahıl ve Pirinç Gevreği 375 G,migros
migros-05090062,0.0,,435.0,Wefood İnce Öğütülmüş Glutensiz Yulaf Ezmesi 300G,migros
migros-05090063,0.0,,219.9,Richland Corn Flakes 500 G,migros
migros-05090070,0.0,,662.5,Glutensiz Fabrika Yaban Mersinli Karabuğday Granola 200G,migros
migros-05090071,0.0,,662.5,Glutensiz Fabrika Bademli & Çikolatalı Karabuğday Granola 200 G,migros
migros-05080430,0.0,,1269.68,Züber Crunchy Yer Fıstığı Ezmesi 315 G,migros
migros-05098164,0.0,,374.21,Nesquik Mısır Gevreği  700 G,migros
migros-05098219,0.0,,614.88,Kellogg's Special K Bitter Çikolatalı Tam Buğday ve Pirinç Gevreği 400 G,migros
migros-05098220,0.0,,614.88,Kellogg's Special K Kırmızı Meyveli Tam Buğday ve Pirinç Gevreği 400 G,migros
migros-05098247,0.0,,553.22,Dr.Oetker Vitalis Knusper Plus Bal Bademli 450 G,migros
migros-05098248,0.0,,553.22,Dr.Oetker Vitalis Knusper Plus Multi Meyve 450 G,migros
migros-05098272,0.0,,594.88,Nestle Nesfit Ballı Bademli Tam Tahıl ve Pirinç Gevreği 400 G,migros
migros-05098290,0.0,,374.21,Kellogg's Coco Pops Kakaolu Mısır ve Buğday Gevreği 700 G,migros
migros-05098704,0.0,,594.88,Nestle Nesfit Kırmızı Meyveli Tam Tahıl ve Pirinç Gevreği 400 G,migros
migros-05098706,0.0,,392.79,Nesfit Sade  700 G,migros
migros-05098723,0.0,,477.26,Nestle Nesquik Çokokare Çikolatalı Tahıl Gevreği 310 G,migros
migros-05098736,0.0,,399.86,Eti Lifalif Kuru Meyveli ve Fındıklı Müsli 350 g,migros
migros-05098750,0.0,,299.37,Nesquik Mısır Gevreği 875 G - 175 G Bedava,migros
migros-05095505,0.0,,920.0,Sarelle Kakaolu Fındık Ezmesi ve Grissini 50 G,migros
migros-05099115,0.0,,623.75,Kellogg's Coco Pops Kakaolu Mısır ve Buğday Gevreği 40 G,migros
migros-05095522,0.0,,892.5,Moms Muz & Cevizli Granola 280 G,migros
migros-05099132,0.0,,682.93,Eti Form Çok Tahıllı Buğday Patlağı 41 G,migros
migros-05099141,0.0,,940.0,Nustil Kinoa Chia & Teff Gevreği 250G,migros
migros-05099144,0.0,,960.0,Nustil Organik Glutensiz Karabuğday Gevreği 250 G,migros
migros-05099145,0.0,,1100.0,Nustil Organik Glutensiz Kinoa Gevreği 250 G,migros
migros-05099146,0.0,,980.0,Nustil Organik Glutensiz Gevrekler Karışımı 250 G,migros
migros-05099173,0.0,,645.0,Nesquik Çilekkare Çilek Aromalı Tahıl Gevrek 310G,migros
migros-05099189,0.0,,899.75,"Eti Lifalif Granola Kuru Vişneli, Kakao Parçacıklı, Fındıklı 200 g ",migros
migros-05099191,0.0,,302.71,Eti Lifalif İnce Öğütülmüş Yulaf Ezmesi 350 G,migros
migros-05099201,0.0,,499.71,Kellogg's Granola Klasik 340 G,migros
migros-05099202,0.0,,705.59,Kellogg's Çikolata Parçacıklı & Fındıklı  Granola 340 G,migros
migros-05099114,0.0,,444.88,Kellogg's Corn Flakes Mısır Gevreği 400 G,migros
migros-05095508,0.0,,972.84,Torku Banada Fındık Efsanesi  Kakaolu Fındık Kreması 370 G,migros
migros-05095509,0.0,,999.75,Mom's Tahin & Hurma Granola 200 G,migros
migros-05095510,0.0,,699.83,Pol's Gurme Serisi Yerli Susam Tahin Helvası 300 G,migros
migros-05095511,0.0,,136.0,Migros Mısır Gevreği 500 G,migros
migros-05095512,0.0,,1278.0,The Good Wild Yer Fıstıklı Protein Granola 250 G,migros
migros-05095513,0.0,,1278.0,The Good Wild Kids Granola 250 G,migros
migros-05095514,0.0,,833.19,Fropie Elma & Badem Granola 360 G,migros
migros-05095517,0.0,,624.79,Richland Ballı Buğday Patlakları 240 G,migros
migros-05090076,0.0,,916.67,Pacha Doğal Proteinli Çikolata Muzlu Kolajenli Granola 300 G,migros
migros-05095523,0.0,,892.5,Mom's Kakaolu Fındıklı Granola 280 G,migros
migros-05095525,0.0,,892.5,Mom's Çilek Chia Granolao 280 G,migros
migros-05095526,0.0,,892.5,Mom's Yaban Mersini Granola 280 G,migros
migros-05098163,0.0,,594.88,Nestle Nesfit Çikolatalı Tam Tahıl ve Pirinç Gevreği 400 G,migros
migros-05095529,0.0,,666.67,Master Pieces Yer Fıstıklı Granola 300 G,migros
migros-05095530,0.0,,349.88,Torku Banada Miniki Kakaolu Fındık Kreması 400 G,migros
migros-05095531,0.0,,645.0,Nestle Nesquik Çilektop Tahıl Gevreği 310 G,migros
migros-05095532,0.0,,652.08,Hünnap Good Keçi Sütlü Kakaolu Glütensiz Gevrek 240 G,migros
migros-05095534,0.0,,750.0,Master Pieces Yaban Mersinli Granola 300 G,migros
migros-05095535,0.0,,485.0,Hünnap Good Keçi Sütlü Çikolatalı Glütensiz Gevrek 400 G,migros
migros-05095536,0.0,,256.86,Yayla Onlife İnce Öğütülmüş Yulaf Ezmesi 350 G,migros
migros-05095538,0.0,,749.5,Yayla Onlife Kuru Üzümlü Turnayemişli Granola 200 G,migros
migros-05095539,0.0,,749.5,Yayla Onlife Bitki Çikolatali Findikli Vişneli Granola 200 G,migros
migros-05095542,0.0,,839.6,Kellogg's Granola Turna Yemişli Kabak Çekirdeği ve Fındık 250 G,migros
migros-05095549,0.0,,892.5,Mom's Yüksek Proteinli Glutensiz Yer Fıstıklı Kakao Granola 280 G,migros
migros-05095439,0.0,,461.54,Nesquik Çokokare Çikolatalı Mısır Gevreği 650 G,migros
migros-05095528,0.0,,750.0,Master Pieces Granola Çilek Chia 300 G,migros
migros-06021207,0.0,,1419.5,Kemah Doğal Kaynak Tuzu Sofrada Öğütme 100 G,migros
migros-06021210,0.0,,869.13,Deva Kaya Tuzu Değirmen Kapak 115 G,migros
migros-06021212,0.0,,239.9,Saygın Himalaya Tuzu Sofrada Öğütme 500 G,migros
migros-06021213,0.0,,239.9,Saygın Himalaya Tuzu Sofralık 500 G,migros
migros-06021214,0.0,,179.9,Saygın Poşet Kaya Tuzu Öğütme 500 G,migros
migros-06021253,0.0,,229.9,Billur Sofrada Öğütme Himalaya Tuzu 500 G,migros
migros-06023212,0.0,,719.8,Efsina İyotlu İnce Kaya Tuzu (Tuzluk) 250 G,migros
migros-06023510,0.0,,149.9,Ta-ze Sofrada Öğütme Tuzu 500 G,migros
migros-06023541,0.0,,519.9,Purelife Himalaya Tuzu Beyaz Granül Sofrada Öğütme 500G,migros
migros-06023542,0.0,,519.9,Purelife Himalaya Tuzu Pembe İyotlu İnce 500 G,migros
migros-06023543,0.0,,519.9,Purelife Himalaya Tuzu Pembe Granül Sofrada Öğütme 500 G,migros
migros-06011274,0.0,,1285.0,Bağdat Nane Eko 70 G,migros
migros-06023545,0.0,,1974.58,Purelife Pembe Himalaya Kristal Kaya Tuzu Değirmen 120 G,migros
migros-06020032,0.0,,23.3,Salina İri Salamura Tuzu 1.5 Kg,migros
migros-06023550,0.0,,539.9,Efsina Himalaya Tuzu 500 G,migros
migros-06023551,0.0,,2317.73,Efsina Himalaya Tuzu Sofrada Öğütme 110 G,migros
migros-06023552,0.0,,1954.09,Efsina Deniz Tuzu Granül Sofrada Öğütme 110 G,migros
migros-06023556,0.0,,1090.45,Bağdat Himalaya Tuzu Değirmen 110 G,migros
migros-06023557,0.0,,1181.36,Bağdat Sarımsaklı Himalaya Tuzu Değirmen 110 G,migros
migros-06023558,0.0,,16.67,Migros İyotlu Sofra Tuzu 750 G,migros
migros-06023560,0.0,,489.9,Efsina Kaya Tuzu Sofrada Öğütme 500 G,migros
migros-06023561,0.0,,2245.0,Efsina Kaya Tuzu Değirmen 110 G,migros
migros-06023562,0.0,,408.25,Efsina Folik Asitli Deniz Tuzu 600 G,migros
migros-06023582,0.0,,247.6,Billur Tuz İyotlu Piknik Tuzu 125 G,migros
migros-06023544,0.0,,1974.58,Purelife Beyaz Himalaya Kristal Kaya Tuzu Değirmen 120 G,migros
migros-06016486,0.0,,3663.33,Knorr Karanfil 15 G,migros
migros-06016487,0.0,,1845.38,Bağdat Karabiber Öğütülmüş 65 G,migros
migros-06016488,0.0,,1099.75,Müsan Kahramanmaraş Acı Kırmızı Pul Biber 200 G,migros
migros-06020005,0.0,,1043.04,Bağdat Kaya Tuzu Değirmen Kapak 115 G,migros
migros-06020006,0.0,,39.93,Salina İyotlu Sofra Tuzu 750 G,migros
migros-06020007,0.0,,38.63,Salina İyotlu Sofra Tuzu 1.5 Kg,migros
migros-06020010,0.0,,159.8,Salina Tuzluklu İyotlu Sofra Tuzu 250 G,migros
migros-06013269,0.0,,2498.75,Green Life Kekikli Biberiyeli Zeytinyağı Çeşnisi 40 G,migros
migros-06021100,0.0,,249.88,M Life Himalaya Bölgesi İyotlu Sofra Tuzu 400 G,migros
migros-06021102,0.0,,51.33,Billur Tuz Rafine İyotlu Sofra Tuzu 750 G,migros
migros-06021103,0.0,,111.9,Billur Tuz İyotlu Sofra Tuzu Pet 500 G,migros
migros-06021104,0.0,,119.9,Billur Tuz İyotlu Sofra Tuzu Karton 500 G,migros
migros-06021206,0.0,,209.9,Kemah Doğal Kaynak Tuzu Sofrada Öğütme 500 G,migros
migros-06021108,0.0,,179.8,Billur Tuz İyotsuz Sofra Tuzu 250 G,migros
migros-06021109,0.0,,279.9,Billur Sodyumu Azaltılmış Tuz 500 G,migros
migros-06021113,0.0,,49.97,"Billur Tuz Rafine İyotlu Sofra Tuzu 1,5 Kg",migros
migros-06021115,0.0,,519.9,Purelife Himalaya Tuzu Beyaz İyotlu İnce 500 G,migros
migros-06021184,0.0,,459.8,Mayi İyotlu Öğütülmüş Doğal Kaynak Tuzu 250 G,migros
migros-06021185,0.0,,449.9,Efsina Himalaya Tuzu İnce Silindir Kutu 500 G,migros
migros-06021186,0.0,,367.9,Efsina İyotlu İnce Kaya Tuzu Silindir Kutu 500 G,migros
migros-06021187,0.0,,2932.67,Green Life Deniz Tuzu ve Baharat Karabiberli Cam 75 G,migros
migros-06021193,0.0,,1499.55,Munzur Tuz Doğal Kaynak Tuzu Değirmen 110 G,migros
migros-06021194,0.0,,349.9,Munzur Tuz Doğal Kaynak Tuzu 500 G,migros
migros-06016305,0.0,,1124.38,Bağdat Ekstra Acı Pul Biber 80 G,migros
migros-06021200,0.0,,26.6,Salina İyotlu Tuz 750 G,migros
migros-06021106,0.0,,26.65,Billur Tuz Salamura Tuzu 3 Kg,migros
migros-06031142,0.0,,699.8,Havrano İncir Sirkesi 500 Ml,migros
migros-06031144,0.0,,729.8,Havrano Alıç Sirkesi 500 Ml,migros
migros-06031145,0.0,,699.8,Havrano Erik Sirkesi 500 Ml,migros
migros-06031149,0.0,,729.8,Havrano Vişne Sirkesi 500 Ml,migros
migros-06031158,0.0,,1559.6,Havrano 1İxir Dört Hırsız Sirke Sprey 250 Ml,migros
migros-06031159,0.0,,1949.5,Havrano 1İxir Dört Hırsız Sirke Cam Şişe 200 Ml,migros
migros-06031302,0.0,,86.48,Tariş Üzüm Sirkesi Pet 2 L,migros
migros-06031311,0.0,,301.9,Kühne Elma Sirkesi Cam 500 Ml,migros
migros-06031317,0.0,,663.9,Kühne Balsamik Modena Sirke 500 Ml,migros
migros-06031319,0.0,,599.9,Kühne Organik Elma Sirkesi 500 Ml,migros
migros-06030002,0.0,,831.8,Fersan Balsamik Sirke 250 Ml,migros
migros-06023585,0.0,,149.9,Billur Sofrada Öğütme Deniz Tuzu 500 G,migros
migros-06031325,0.0,,265.9,Kühne Elma Sirkesi 500 Pet 500 Ml,migros
migros-06035002,0.0,,400.0,Aroy-D Hindistan Cevizi Sütü 400 Ml,migros
migros-06035013,0.0,,124.98,Kuhne Üzüm Sirkesi 2 L,migros
migros-06035029,0.0,,131.9,Doğanay Üzüm Sirkesi  Pet 500 Ml,migros
migros-06035032,0.0,,77.47,Doğanay Üzüm Sirkesi 2 L,migros
migros-06035035,0.0,,155.9,Doğanay Elma Sirkesi Pet 500 Ml,migros
migros-06035041,0.0,,219.9,Fersan Üzüm Sirkesi 500 Ml,migros
migros-06035042,0.0,,161.95,Fersan Üzüm Sirkesi 1 L,migros
migros-06035043,0.0,,243.9,Fersan Elma Sirkesi 500 Ml,migros
migros-06035044,0.0,,172.95,Fersan Elma Sirkesi 1 L,migros
migros-06035048,0.0,,239.8,Doğanay %100 Limon Suyu 250 Ml,migros
migros-06035083,0.0,,1228.43,Wefood Organik Nar Ekşisi 350 G,migros
migros-06031324,0.0,,179.95,Kühne Üzüm Sirkesi Pet 1000 Ml,migros
migros-06023589,0.0,,2090.45,Mayi Sofrada Öğütme Doğal Kaynak Tuzu Cam 110 G,migros
migros-06023590,0.0,,325.9,Mayi Sofrada Öğütme Doğal Kaynak Tuzu 500 G,migros
migros-06023592,0.0,,319.92,Mayi İyotlu İnce Öğütülmüş Doğal Kaynak Tuzu 600 G,migros
migros-06030001,0.0,,1140.0,Sarsons Malt Sirkesi 250 Ml,migros
migros-06021196,0.0,,2170.71,Green Life Deniz Tuzu Bahar Karışımı Akdenizli 70 G,migros
migros-06030004,0.0,,1420.0,De Nigris Balzamic Glaze Sos 250Ml,migros
migros-06030005,0.0,,881.0,Gümöz Zeytin Yaprağı Sirkesi 250Ml,migros
migros-06030006,0.0,,765.5,Gümöz Zeytin Yaprağı Sirkesi 500Ml,migros
migros-06030013,0.0,,545.9,Fersan Organik Alıç Sirkesi 500 Ml Cam,migros
migros-06030038,0.0,,315.8,M Life Bio Organik Elma Sirkesi 250 Ml,migros
migros-06030043,0.0,,767.8,Fersan Balsamik Sirke Condimento Rose 250 Ml,migros
migros-06030044,0.0,,767.8,Fersan Yaban Mersinli Balsamik Sirke 250 Ml,migros
migros-06031105,0.0,,121.48,Fersan Üzüm Sirkesi 2 L,migros
migros-06030052,0.0,,699.67,Akaji Sushi Sirkesi 150 Ml,migros
migros-06030056,0.0,,851.8,Aceto Balsamico Di Modena Balzamik Sirke 250 Ml,migros
migros-06030065,0.0,,469.55,Fersan Yaban Mersinli Ekşili Sos Cam 330 G,migros
migros-06030067,0.0,,489.9,Kemal Kükrer Organik Elma Sirkesi 500 Ml,migros
migros-06030068,0.0,,469.55,Fersan Vişne Ekşili Sos Cam 330 G,migros
migros-06030069,0.0,,469.55,Fersan Portakal Ekşili Sos Cam 330 G,migros
migros-06030070,0.0,,454.39,Fersan Koruk Ekşili Sos Cam 330 G,migros
migros-06023549,0.0,,449.92,Efsina Himalaya Tuzu (İnce) Silindir Kutu 600 G,migros
migros-06030076,0.0,,1199.8,Wefood Detoks Sirkesi 250 Ml,migros
migros-06030077,0.0,,734.59,Fersan Detoks Aronya Sirkesi Cam 490 Ml,migros
migros-06031101,0.0,,257.9,Fersan Üzüm Sirkesi Cam Şişe 500 Ml,migros
migros-06031102,0.0,,305.9,Fersan Elma Sirkesi Cam Şişe 500 Ml,migros
migros-06030045,0.0,,767.8,Fersan Balsamik Sirke Condimento Bianco 250 Ml,migros
migros-06012955,0.0,,618.57,Deva Limon Tuzu 105 G,migros
migros-06012957,0.0,,922.31,Deva İsot Biber 65 G,migros
migros-06012958,0.0,,2897.5,Deva Kekik 20 G,migros
migros-06012959,0.0,,1698.75,Deva Kuş Üzümü 40 G,migros
migros-06011272,0.0,,3165.83,Bağdat Kekik Eko 60 G,migros
migros-06012985,0.0,,2043.04,Dünya Hayat Karabiber Tane 115 G,migros
migros-06012987,0.0,,1215.6,Dünya Hayat Kimyon 125 G,migros
migros-06012989,0.0,,1389.5,Dünya Hayat Pul Kırmızı Biber 100 G,migros
migros-06012992,0.0,,1059.0,Deva Zencefil 50 G,migros
migros-06012994,0.0,,1582.5,Deva Karabiber 60 G,migros
migros-06012996,0.0,,1123.75,Deva Tarçın 40 G,migros
migros-06016485,0.0,,1282.5,Knorr Baharat Serisi Çörek Otu 60 G,migros
migros-06012998,0.0,,915.83,Deva Köri 60 G,migros
migros-06012999,0.0,,866.33,Deva Hindistan Cevizi 150 G,migros
migros-06013038,0.0,,999.23,Deva Kırmızı Toz Tatlı Biber 65 G,migros
migros-06013039,0.0,,645.38,Deva Susam 65 G,migros
migros-06013041,0.0,,1178.21,Hayfene 5. Element Baharatı 140 G,migros
migros-06013042,0.0,,1649.5,Hayfene Toprak Sebze & Salata Baharatı 100 G,migros
migros-06013044,0.0,,1649.5,Hayfene Ateş Kırmızı Etler & Izgara Baharatı 100 G,migros
migros-06013046,0.0,,1434.35,Hayfene Tüm Kanatlılar & Beyaz Etler İçin Baharat 115 G,migros
migros-06012943,0.0,,3130.0,Deva Karanfil 15 G,migros
migros-06013048,0.0,,5998.0,Hayfene İtalyan Baharat Karışımı 25 G,migros
migros-06013049,0.0,,2499.0,Hayfene Altın Süt Baharatı 50 G,migros
migros-06013052,0.0,,983.85,Deva Pul Biber 65 G,migros
migros-06012997,0.0,,999.33,Deva Kuru Nane 75 G,migros
migros-06011275,0.0,,856.67,Bağdat Pul Biber 210 G,migros
migros-06011350,0.0,,420.0,Dr.Oetker Karbonat 5'li Paket 25 G,migros
migros-06012928,0.0,,2126.6,Bağdat Biryani Baharatı Dünya Lezzetleri 47 G,migros
migros-06012929,0.0,,3782.43,Bağdat Muskat Tane 37 G,migros
migros-06012930,0.0,,2373.75,Bağdat Kahvaltılık Poy Baharatı Tuzluklu Cam 40 G,migros
migros-06012931,0.0,,4164.58,Bağdat İtalyan Baharatı Dünya Lezzetleri 24 G,migros
migros-06012932,0.0,,1091.92,Dünya Hayat Zerdeçal Öğütülmüş 130 G,migros
migros-06012933,0.0,,1363.18,Dünya Hayat Zencefil Öğütülmüş 110 G,migros
migros-06012934,0.0,,5078.0,Dünya Hayat Kekik 25 G,migros
migros-06012935,0.0,,2271.59,Bağdat Tajin Baharat Karışım Dünya Lezzetleri 44 G,migros
migros-06012937,0.0,,1411.88,Chef Seasons Sarımsaklı Soğanlı Çeşni 80 G,migros
migros-06012938,0.0,,1328.82,Chef Seasons Tavuk Çeşnişi 85 G,migros
migros-06012954,0.0,,479.8,Deva Limon Tuzu 250 G,migros
migros-06012942,0.0,,246.33,Deva Karbonat 150 G,migros
migros-06011207,0.0,,1132.67,Bağdat Kimyon 75 G,migros
migros-06012944,0.0,,1506.0,Chefseasons Her Lezzete Özel Çeşni 75 G,migros
migros-06012945,0.0,,922.31,Deva Çörek Otu 65 G,migros
migros-06012946,0.0,,965.83,Deva Cajun Patates Çeşnişi 60 G,migros
migros-06012947,0.0,,1110.0,Deva Hindistan Cevizi 45 G,migros
migros-06012948,0.0,,1328.82,Chef Seasons Kajun Çeşnisi 85 G,migros
migros-06012949,0.0,,1411.88,Chef Seasons Burger Patates Çeşnişi 80 G,migros
migros-06012950,0.0,,1188.95,Chef Seasons Ranch Çeşnisi 95 G,migros
migros-06012951,0.0,,1613.57,Chef Seasons Pizza Makarna Çeşnişi 70 G,migros
migros-06012952,0.0,,1478.0,Deva Kuru Nane 25 G,migros
migros-06012953,0.0,,749.75,Deva Pul Biber 200 G,migros
migros-06012940,0.0,,2999.0,Deva Tane Karabiber Değirmen 50 G,migros
migros-06013268,0.0,,1752.35,Green Life Deniz Tuzu ve Baharat Pul Biberli 85 G,migros
migros-06013047,0.0,,3573.75,Hayfene Kek Pasta Baharatı 40 G,migros
migros-06013270,0.0,,1621.67,Green Life Kajun Baharatlı Patates Çeşnisi Pet 90 G,migros
migros-06013271,0.0,,1839.33,Green Life Öğütülmüş Sarımsak Pet 75 G,migros
migros-06013272,0.0,,1027.86,Green Life Pul Biber 70 G,migros
migros-06013273,0.0,,1085.0,Green Life Tatlı Toz Kırmızı Biber 70 G,migros
migros-06013274,0.0,,1027.86,Green Life Kimyon 70 G,migros
migros-06013275,0.0,,3097.5,Green Life Kekik 20 G,migros
migros-06013276,0.0,,1087.78,Green Life Hindistan Cevizi 45 G,migros
migros-06013279,0.0,,1127.86,Green Life Sumak 70 G,migros
migros-06015125,0.0,,1061.88,Bağdat İsot Biber 80 G,migros
migros-06016078,0.0,,179.95,Bağdat Karışık Tane Biber Değirmenli Kapak ( Cam Kavanoz ),migros
migros-06013053,0.0,,1099.29,Deva Sumak 70 G,migros
migros-06016229,0.0,,999.38,Bağdat Haşhaş Mavi 80 G,migros
migros-06016232,0.0,,3399.0,Bağdat Makarna & Pizza Çeşnisi 50 G,migros
migros-06016239,0.0,,5718.0,Baharat Dünyası Dolmalık Fıstık 25 G,migros
migros-06016242,0.0,,687.19,Anadolu Lezzetleri Amanos Dağları Kahvaltılık Zahter 160 G,migros
migros-06013133,0.0,,2498.75,Bağdat Tarçın Tuzluklu Cam 40 G,migros
migros-06016423,0.0,,435.0,Wefood Glütensiz Yulaf Ezmesi  300 G,migros
migros-06016476,0.0,,1445.38,Knorr Sebzeli Çeşni 65 G,migros
migros-06016477,0.0,,1565.83,Knorr Tavuk Çeşnisi 60 G,migros
migros-06016478,0.0,,1565.83,Knorr Kajun Baharatlı Patates Çeşnisi 60 G,migros
migros-06016481,0.0,,839.75,Knorr Baharat Serisi Pul Biber 200 G,migros
migros-06016482,0.0,,1368.46,Knorr Baharat Serisi Nane 65 G,migros
migros-06016483,0.0,,3635.45,Knorr Baharat Serisi Ekonomik Kekik 55 G,migros
migros-06016079,0.0,,179.95,Bağdat Karabiber Tane Değirmen,migros
migros-06013054,0.0,,2665.83,Deva Kekik 60 G,migros
migros-06013071,0.0,,1999.0,Bağdat Garam Masala Dünya Lezzetleri 50 G,migros
migros-06013084,0.0,,2271.59,Bağdat Kırmızı Toz Tatlı Biber Tuzluklu Cam 44 G,migros
migros-06013088,0.0,,1815.83,Green Life Karabiber 60 G,migros
migros-06013092,0.0,,656.43,Green Life Susam 70 G,migros
migros-06013094,0.0,,1774.38,Green Life Fajita Çeşnisi Pet 80 G,migros
migros-06013120,0.0,,2498.75,Bağdat Pul Biber Tuzluklu Cam 40 G,migros
migros-06013121,0.0,,2082.29,Bağdat Fajita Dünya Lezzetleri 48 G,migros
migros-06013122,0.0,,9086.36,Bağdat Kekik Tuzluklu Cam 11 G,migros
migros-06013127,0.0,,1999.0,Bağdat Taco Baharatlı Çeşni 50 G,migros
migros-06013132,0.0,,1999.0,Bağdat Cajun Patates Çeşnisi Dünya Lezzetleri 50 G,migros
migros-06012977,0.0,,1151.6,Dünya Hayat Tatlı Toz Kırmızı Biber 125 G,migros
migros-06013267,0.0,,1799.23,Green Life Kuş Üzümü 65 G,migros
migros-06013144,0.0,,3459.0,Hayfene Yandım! Acı Baharatlı Çeşni 50 G,migros
migros-06013145,0.0,,1599.38,Dünya Hayat Soğan Granül 80 G,migros
migros-06013146,0.0,,1182.92,Dünya Hayat Sarımsak Öğütülmüş 120 G,migros
migros-06013147,0.0,,2023.6,Dünya Hayat Karabiber Öğütülmüş 125 G,migros
migros-06013149,0.0,,2571.14,Siha Kabak Çekirdeği Ezmesi 175 G,migros
migros-06013150,0.0,,1198.0,Migros Kekik 25 G,migros
migros-06013151,0.0,,3459.0,Hayfene Mangal Ustası Baharat Karışımı 50 G,migros
migros-06013158,0.0,,3451.19,Bağdat Et Çeşnisi Değirmen Kapak 42 G,migros
migros-06013159,0.0,,3332.14,Bağdat Salata ve Sebze Çeşnisi Değirmen Kapak 42 G,migros
migros-06013264,0.0,,1681.76,Green Life Kanat Çeşnisi Pet 85 G,migros
migros-06013265,0.0,,2715.67,Green Life Mangal Çeşnisi Pet 67 G,migros
migros-06013266,0.0,,3399.0,Green Life Tane Karabiber Cam 50 G,migros
migros-06013139,0.0,,1853.64,Bağdat Magi Çeşnisi Dünya Lezzetleri 55 G,migros
migros-07110725,0.0,,10995.0,Flipperz Justice League Şekerleme 10 G,migros
migros-07110726,0.0,,10995.0,Flipperz My Little Pony Şekerleme 10 G,migros
migros-07110727,0.0,,1277.22,The Jelly Bean Factory Sour Tüp 90 G,migros
migros-07110728,0.0,,690.12,Ülker Süper Mix 300.6 G,migros
migros-07110752,0.0,,1284.29,Bebeto Freeze Crunchy Karpuz 35 G,migros
migros-07110754,0.0,,369.44,Bebeto Wacky Sticks Licorice Çilek 180 G,migros
migros-07110758,0.0,,368.33,Bebeto Sour Blast Licorice Elma 180 G,migros
migros-07110759,0.0,,1284.29,Bebeto Freeze Crunchy Şeftali 35 G,migros
migros-07110762,0.0,,583.77,Ülker Yupo Lokumcuk 77 G,migros
migros-07110763,0.0,,561.88,Ülker Yupo Sihirli Şapka Meyve Aromalı Yumuşak Şekerleme 80 G,migros
migros-07110769,0.0,,1820.54,Mom Organik Bonbon 56 G,migros
migros-07031396,0.0,,1115.83,Eti Sütlü Çikolata 60 G,migros
migros-07110775,0.0,,1559.0,Jox Crunchy Bites Freeze 50 G,migros
migros-07110794,0.0,,525.43,Haribo Happy Cola Tas 175 G,migros
migros-07110658,0.0,,1021.11,Olips Extra Çilek Aroma Dolgulu Bonbon Şekerleme 45 G,migros
migros-07110808,0.0,,554.44,Haribo Mega Roulette Meyve Aromalı Yumuşak Şekerleme 45 G,migros
migros-07110811,0.0,,1912.93,Mom C Vitaminli Organik Lolipop 10 x  5.8 G,migros
migros-07110858,0.0,,481.25,Yupo Jelly Capybara 80 G,migros
migros-07110875,0.0,,735.0,Haribo Fizz Fries 70 G,migros
migros-07110883,0.0,,493.75,Bebeto Dondurma Meyve Aromalı Yumuşak Şeker 80 G,migros
migros-07110890,0.0,,493.75,Bebeto Fizzy Sour Cream Yumuşak Şekerleme 80 G,migros
migros-07110894,0.0,,642.14,Ülker Yupo Jelly Şeftali Halkası 70 G,migros
migros-07110895,0.0,,489.0,Ülker Yupo Jelly Metre Yaban Mersini 50 G,migros
migros-07111012,0.0,,741.43,Rocco Rengarenk 35 G ,migros
migros-07110774,0.0,,2032.22,Relkon Hello Kitty ve Arkadaşları Marshmellow 45 G,migros
migros-07110441,0.0,,654.0,Haribo Starmix Tas 175 G,migros
migros-07110454,0.0,,2152.78,Milka Bonibon Poşet 36 G,migros
migros-07110455,0.0,,828.72,Olips Çiğne Elma 47 G,migros
migros-07110503,0.0,,735.0,Haribo Ekşi Lıkırr 70 G,migros
migros-07110513,0.0,,735.0,Haribo Ekşii Sound Cubes 70 G,migros
migros-07110530,0.0,,290.0,Laylaylom Mini Şeker Asetat 250 G,migros
migros-07110656,0.0,,1021.11,Olips Extra Limon & Bal Aroma Dolgulu Bonbon Şekerleme 45 G,migros
migros-07110657,0.0,,1021.11,Olips Extra Şeftali & Frambuaz Aroma Dolgulu Bonbon Şeker 45 G,migros
migros-07110152,0.0,,828.72,Kent Tofita Portakal 47 G,migros
migros-07110662,0.0,,582.33,Haribo Caramel Chamallows 133 G,migros
migros-07110663,0.0,,582.33,Haribo Choco-Soft Chamallows 133 G,migros
migros-07110672,0.0,,552.81,Haribo Altın Ayıcık Poşet 2 x 80 G,migros
migros-07110721,0.0,,1322.57,The Jelly Bean Factory Flowpack 113 G,migros
migros-07110691,0.0,,94.95,Hello Kitty Kalp Yumurta 2 x 5 G,migros
migros-07110692,0.0,,199.95,Pj Masks İpli Sürpriz Yumurta 8 G,migros
migros-07110693,0.0,,199.95,Hello Kitty ve Arkadaşları İpli Yumurta 20 G,migros
migros-07110694,0.0,,12995.0,Hello Kitty Çift Sleeve Top Kumbara 2 x 5 G,migros
migros-07110695,0.0,,12995.0,Kuromi Çift Sleeve Top Kumbara 2 x 5 G,migros
migros-07110699,0.0,,199.95,Hello Kitty İpli Sürpriz Yumurta 8 G,migros
migros-07110705,0.0,,12995.0,Hello Kitty Mini Big Lollipop 2 x 5 G,migros
migros-07110706,0.0,,27493.75,Bonibox Tüplü Oyuncak 8 G,migros
migros-07110708,0.0,,94.95,Kuromi Kalp Yumurta 2 x 5 G,migros
migros-07110709,0.0,,12995.0,Kuromi Mini Big Lollipop 2 x 5 G,migros
migros-07110714,0.0,,818.12,Jelibon Sourpatch Karpuz 80 G,migros
migros-07110366,0.0,,654.0,Haribo Ekşi Mix Doypack 175 G,migros
migros-07110673,0.0,,631.79,Haribo Fizz Mix Karışık Şekerleme 2 x 70 G,migros
migros-07115583,0.0,,1099.17,Yupo Draje Tüp 60 G,migros
migros-07115626,0.0,,828.72,Olips Çiğne Nane Aromalı Yumuşak Şekerleme 47 G,migros
migros-07115627,0.0,,828.72,Olips Çiğne Karpuz Aromalı Yumuşak Şekerleme 47 G,migros
migros-07115678,0.0,,735.0,Haribo Sour Goldbears Meyve Sulu Şekerleme 70 G,migros
migros-07117117,0.0,,735.0,Haribo Fizz Mix Karışık Yumuşak Şekerleme 70 G,migros
migros-07117153,0.0,,735.0,Haribo Rubino Çilek Aromalı Marshmallow 70 G,migros
migros-07117171,0.0,,572.25,Haribo Starmix Meyve ve Kola Aromalı Şekerleme 200 G,migros
migros-07117172,0.0,,572.25,Haribo Happy Kola Aromalı Yumuşak Şekerleme 200 G,migros
migros-07119995,0.0,,2662.5,Rocco Sıkı Şeker Nar & Çilek 12 G,migros
migros-07122213,0.0,,561.88,Ülker Yupo Jelly Solucan 80 G,migros
migros-07122214,0.0,,561.88,Ülker Yupo Jelly Meyve Bahçesi 80 G,migros
migros-07111013,0.0,,741.43,Rocco Rengarenk Ekşi 35 G,migros
migros-07122217,0.0,,561.88,Ülker Yupo Jelly Ayıcık 80 G,migros
migros-07124521,0.0,,1391.07,Olips Extra Strong 28 G,migros
migros-07127161,0.0,,1093.75,Oneo Bubble Mini Ekşi Draje Şişe 48 G,migros
migros-07127166,0.0,,4000.0,Velamints Mavi Nane Küp Sakız Şekerleme 40 G,migros
migros-07136417,0.0,,767.14,Sarelle Şeker İlavesiz Kakaolu Fındık Ezmesi 350 G,migros
migros-07137627,0.0,,9120.83,Takita  Çilek Aromalı Şekersiz Tablet Şeker 12 G,migros
migros-07137647,0.0,,572.25,Haribo Starmix 200 G,migros
migros-07137648,0.0,,643.12,Haribo Starmix 80 G,migros
migros-07150034,0.0,,811.67,Şenocak Fındık Ezmesi 300 G,migros
migros-07150041,0.0,,482.5,Düziçi Kadın Koop. Osmaniye Fıstığı Helvası 400G,migros
migros-07150044,0.0,,556.73,Nutmaster Kakaolu Fındık Kreması & Grisini 52G,migros
migros-07150049,0.0,,1904.6,Züber Nutzilla Kakaolu Fındık Kreması 315 G,migros
migros-07111201,0.0,,525.43,Haribo Berries Tas 175 G,migros
migros-07111095,0.0,,4236.0,Olips Mini Mints Karpuz Aromalı 12.5 G,migros
migros-07111096,0.0,,4236.0,Olips Mini Mints Nane Aromalı 12.5 G,migros
migros-07111097,0.0,,1391.07,Olips Orman Meyveleri Aromalı 28 G,migros
migros-07111166,0.0,,1314.47,Skittles Sours Ekşi Meyve Aromalı Draje Şekerleme 38 G,migros
migros-07111200,0.0,,525.43,Haribo Altın Ayıcık Tas 175 G,migros
migros-07110715,0.0,,740.31,Jelibon Sourpatch Karpuz 160 G,migros
migros-07111206,0.0,,572.25,Haribo Worms Kilit Paket 200 G,migros
migros-07111207,0.0,,572.25,Haribo Tropifrutti Kilit Paket 200 G,migros
migros-07111218,0.0,,735.0,Haribo Chamallows 70 G,migros
migros-07111515,0.0,,829.84,Haribo Chamallows Çikolata Dolgulu Marshmallow 62 G,migros
migros-07111778,0.0,,735.0,Haribo Ekşili Solucan Karışık Yumuşak Şekerleme 70 G,migros
migros-07112014,0.0,,4236.0,Olips Mini Mints Mango Portakal 12.5 G,migros
migros-07115576,0.0,,831.94,Bonbon Rulo Şeker Baneli 36 G,migros
migros-07112786,0.0,,7017.65,"Pez Oyuncaklı Meyve Aromalı Şeker 3'lü 25,5 G",migros
migros-07112787,0.0,,1315.44,Pez 8'li Blister Meyve Aromalı Şekerler 68 G,migros
migros-07113498,0.0,,763.24,Polo Yeşil Naneli Şekerleme 34 G,migros
migros-07114567,0.0,,2592.86,Mentos 2 Saat Clean Breath Yoğun Nane Ferahlığı 21 G,migros
migros-07114590,0.0,,2427.14,Mentos 2 Saat Clean Breath Nane Aromalı Şeker 35 G,migros
migros-07114593,0.0,,1196.67,Chupa Chups Fizzy Drinks Lolipop 15 G,migros
migros-07115000,0.0,,643.12,Haribo Teeth 80 G,migros
migros-07115016,0.0,,643.12,Haribo Phantasia 80 G,migros
migros-07110801,0.0,,763.24,Polo Naneli Şeker 34 G,migros
migros-07115256,0.0,,705.33,"Mentos Meyveli Draje Şeker 37,5 G",migros
migros-07115513,0.0,,740.31,Jelibon Sourpatch 160 G,migros
migros-07115514,0.0,,818.12,Jelibon Sourpatch 80 G,migros
migros-07112015,0.0,,4236.0,Olips Mini Mints Nane Ginseng 12.5 G,migros
migros-07085046,0.0,,457.07,Koska Üzüm Pekmezi 700 G ( Bidon ),migros
migros-07085056,0.0,,480.26,Koska Dut Pekmezi 380 G,migros
migros-07085664,0.0,,357.73,Hünnap Keçiboynuzu Özü 640 G,migros
migros-07085750,0.0,,350.83,Migros Tahin 470 G Ve Pekmez 600 G 2'li Paket,migros
migros-07080401,0.0,,333.11,Tatlan Papatya Sade Tahin Helvası 450 G Pvc,migros
migros-07087011,0.0,,281.45,Koska Keçiboynuzu Pekmezi 380 G,migros
migros-07089976,0.0,,346.9,Koska Kakaolu Helva Paket 500 G,migros
migros-07090016,0.0,,2083.17,Uzungil Duble Antep Fıstıklı Çifte Kavrulmuş Karışık Lokum 300G,migros
migros-07090032,0.0,,764.95,Uzungil Duble Antep Fıstıklı Çifte Kavrulmuş Karışık Lokum,migros
migros-07090033,0.0,,2083.17,Uzungil Sultan Antep Fıstıklı Karışık Mini Lokum 300G,migros
migros-07090036,0.0,,1672.55,Uzungil Fitil Lokum Antep Fıstıklı 275 G,migros
migros-07110440,0.0,,4236.0,Olips Mini Mints Nane Mentol Aromalı Şekerleme 12.5 G,migros
migros-07090038,0.0,,1672.55,Uzungil Sultan Antep Fıstıklı Fitil Lokum 275 G,migros
migros-07090040,0.0,,974.88,Uzungil Meyve Aromalı Karışık Sarma Lokum 400 G,migros
migros-07090041,0.0,,2133.2,Uzungil Spesiyal Antep Fıstıklı Karışık Lokum 375G,migros
migros-07090565,0.0,,659.9,Koska Fındıklı Lokum 500 G,migros
migros-07090566,0.0,,1189.15,Koska Antep Fıstıklı Lokum Lüks Kutu 650 G,migros
migros-07090567,0.0,,569.91,Koska Karışık Lokum Lüks Kutu 550 G,migros
migros-07094371,0.0,,115.0,Osmaneli Nar Lokumu,migros
migros-07094376,0.0,,599.87,Uzungil Saray Helvası 375 G,migros
migros-07081988,0.0,,559.86,Koska Kakaolu Kürek Helva 350 G,migros
migros-07094393,0.0,,2749.88,Koska Kadayıf Kaplı Antep Fıstıklı Tahinli Lokum 400 G,migros
migros-07094394,0.0,,2224.88,Koska Kakaolu Tahinli Fındıklı Lokum 400 G,migros
migros-07094395,0.0,,2424.88,Koska Gül Yapraklı Fıstıklı Lokum 400 G,migros
migros-07090037,0.0,,1672.55,Uzungil Nar Aromalı Fitil Lokum 275 G,migros
migros-07080407,0.0,,479.6,Kartad Damla Sakızlı Tahin Helvası 250 G,migros
migros-07080408,0.0,,639.6,Kartad Fındıklı Tahin Helvası 250 G,migros
migros-07080409,0.0,,539.8,Kartad Coğrafi İşaretli Uşak Haşhaş Ezmesi 500 G,migros
migros-07080412,0.0,,459.8,Kartad Yöresel Susam Ezmesi 500 G,migros
migros-07080413,0.0,,459.8,Kartad Cam Kavanoz Tahin 500 G,migros
migros-07080414,0.0,,799.6,Kartad Antep Fıstıklı Tahin Helvası 250 G,migros
migros-07080415,0.0,,710.26,Kartad Tahinella Krem Tahin Helvası 380 G,migros
migros-07080707,0.0,,555.0,Yenigün Pekmix Pekmez Karışımı 290 G,migros
migros-07081050,0.0,,139.9,Migros Sade Tahin Helvası 500 G,migros
migros-07081097,0.0,,461.29,Koska Keçiboynuzlu Tahin Pekmez 350 G,migros
migros-07081123,0.0,,634.75,Koska Fındık Püreli Tahin Helvası 200 G,migros
migros-07081124,0.0,,537.25,Koska Keçiboynuzlu Fındıklı Tahin Helva 200 G,migros
migros-07085045,0.0,,430.82,Koska Tahin 550 G ( Bidon ),migros
migros-07081987,0.0,,559.86,Koska Sade Kürek Helva 350 G,migros
migros-07080362,0.0,,714.0,Maksilla Kakaolu Tahin Kreması 350 G,migros
migros-07081990,0.0,,1130.86,Koska Fıstıklı Kürek Helva 350 G,migros
migros-07082001,0.0,,1934.88,Koska Gurme Fıstıklı Helva 400 G,migros
migros-07082046,0.0,,368.67,Yenigün Keçiboynuzu Özü 640G,migros
migros-07082323,0.0,,124.94,Şitoğlu Harnup Pekmezi Cam 800 G,migros
migros-07082345,0.0,,384.67,Torku Üzüm Pekmezi 750 G,migros
migros-07083030,0.0,,404.9,Koska Cevizli Yaz Helvası 500 G,migros
migros-07084043,0.0,,1069.46,Koska Fıstıklı Çekme Helva 280 G,migros
migros-07085025,0.0,,483.17,Koska Tahin 300 G ( Cam Kavanoz ),migros
migros-07085026,0.0,,526.18,Koska Üzüm Pekmez 380 G ( Cam Kavanoz ),migros
migros-07085029,0.0,,450.56,Koska Üzüm Pekmezi Cam Kavanoz 800 G,migros
migros-07081567,0.0,,404.68,Koska Keçiboynuzu Özü 310 G,migros
migros-07110151,0.0,,828.72,Kent Tofita Çilek 47 G,migros
migros-07094380,0.0,,599.6,Uzungil Saray Helvası 125 G,migros
migros-07110170,0.0,,905.81,Kent Missbon Tereyağlı Şeker 43 G,migros
migros-07110200,0.0,,275.0,Kent Dökme Şeker Kg,migros
migros-07110271,0.0,,680.68,Ülker Kremini Şeker Çilekli 44 G,migros
migros-07110275,0.0,,643.12,Haribo Berries 80 G,migros
migros-07110276,0.0,,643.12,Haribo Altın Ayıcık 80 G,migros
migros-07110277,0.0,,643.12,Haribo Happy Cola 80 G,migros
migros-07110280,0.0,,643.12,Haribo Solucan 80 G,migros
migros-07110287,0.0,,572.25,Haribo Altın Ayıcık Maxi Poşet 200 G,migros
migros-07110289,0.0,,613.0,Haribo Chamallows 150 G,migros
migros-07094396,0.0,,1021.78,Maccun Mesir Lokumu 225 G,migros
migros-07110358,0.0,,1694.64,Olips Zero Cool Mentol & Okaliptus Aromalı 28 G,migros
migros-07110359,0.0,,1694.64,Olips Zero Şekersiz Limon Portakal Greyfurt Aromalı 28 G,migros
migros-07110363,0.0,,669.0,Migros Portakal Özlü Zencefilli Bonbon Şeker 50 G,migros
migros-07110364,0.0,,669.0,Migros Nane Özlü Zencefilli Dolgulu Bonbon 50 G,migros
migros-07110365,0.0,,669.0,Migros Limon Özlü Zencefilli Bonbon 50 G,migros
migros-07099175,0.0,,649.88,Uzungil Meyve Aromalı Çifte Kavrulmuş Lokum 400G,migros
migros-07110367,0.0,,10995.0,Flipperz Hello Kitty Meyve Aromalı Şekerleme 10 G,migros
migros-07110368,0.0,,10995.0,Flipperz Paw Patrol Meyve Aromalı Şekerleme 10 G,migros
migros-07110383,0.0,,10995.0,Flipperz Sponge Bop Meyve Aromalı Şekerleme 10 G,migros
migros-07110385,0.0,,1277.22,Jelly Bean Factory Tüp 90 G,migros
migros-07110405,0.0,,1196.67,Chupa Chups Çilek Aromalı Düdüklü Lolipop Şeker 15 G,migros
migros-07110413,0.0,,1079.17,Chupa Chups Sakız Dolgulu Lolipop 12 G,migros
migros-07110355,0.0,,643.12,Haribo Veggy Mix Meyve Aromalı Yumuşak Şekerleme 80 G,migros
migros-07094397,0.0,,1424.75,Lokum Aşkı Anadolu Sultanı Sultan Lokum 200 G,migros
migros-07099110,0.0,,1891.5,Koska Meyveli Lokum Draje 300 G,migros
migros-07099116,0.0,,763.8,Anadolu Lezzettleri Yusufeli Üzüm Pestili 250 G,migros
migros-07099119,0.0,,1279.75,Anadolu Lezzetleri Gümüşhane Cevizli Pestil 200 G,migros
migros-07099121,0.0,,1279.75,Anadolu Lezzetleri Gümüşhane Fındıklı Pestil 200 G,migros
migros-07099122,0.0,,1267.18,Koska Kösem Sultan A.fıstık Ezmeli Lokum 550 G,migros
migros-07099125,0.0,,779.9,Koska Karışık Çerezli Lokum 500 G,migros
migros-07099165,0.0,,2592.86,Mentos Clean Breath Defensive Vişne Aromalı Şeker 21 G,migros
migros-07099169,0.0,,1544.33,Lokum Akademisi Antep Fıstıklı Fındık Krema Dolgulu Lokum 450 G,migros
migros-07099170,0.0,,1039.8,Lokum Akademisi Kakaolu Vanilya Aromalı Pişmaniye 250 G,migros
migros-07099171,0.0,,679.8,Lokum Akademisi Nar Aromalı Pişmaniye 250 G,migros
migros-07085812,0.0,,792.86,City Farm Organik Tahin 350 G,migros
migros-07110150,0.0,,828.72,Kent Tofita Cherry 47 G,migros
migros-07099177,0.0,,416.39,Uzungil Karışık Meyve Aromalı Çifte Kavrulmuş Lokum 180G,migros
migros-07099180,0.0,,1236.71,Uzungil Pudra Şekerli Çifte Kavrulmuş Fıstıklı Lokum 380G,migros
migros-07099181,0.0,,533.17,Uzungil Cezerye Fındıklı 300 G,migros
migros-07100337,0.0,,457.03,Kenton Sos Çikolatalı 128 G,migros
migros-07110038,0.0,,1391.07,Olips C Vitaminli Stick 28 G,migros
migros-07110040,0.0,,1288.82,Olips C Vitaminli 76 G,migros
migros-07110065,0.0,,1391.07,Olips Mentol Okaliptus Aromalı 28 G,migros
migros-07110075,0.0,,1323.3,Topitop Poşet 8'li 88 G,migros
migros-07110109,0.0,,1391.07,Olips Nane 28 G,migros
migros-07110110,0.0,,818.12,Jelibon Ayıcık 80 G,migros
migros-07110113,0.0,,818.12,Jelibon Kola 80 G,migros
migros-07110114,0.0,,818.12,Topik Meyve Sulu Şeker 80 G,migros
migros-07099176,0.0,,449.83,Uzungil Cezerye Yer Fıstıklı 300 G,migros
migros-08020033,0.0,,67.0,Meysu Şeftali Nektarı  1 L,migros
migros-08011010,0.0,,50.67,"Pepsi Zero Sugar Kola 1,5 L",migros
migros-08020076,0.0,,350.0,Elite Naturel Organik Çilekli Limonata 250 Ml,migros
migros-08020077,0.0,,275.45,Haliç Altın Açık Renkli Malt İçeceği 330 Ml,migros
migros-08020079,0.0,,398.67,Magico Cielo Böğürtlen Ahududu Aromalı Gazlı İçecek 750 Ml,migros
migros-08020080,0.0,,398.67,Magico Cielo Hindistan Cevizi Ananas Gazlı İçecek 750 Ml,migros
migros-08020083,0.0,,80.0,Cappy Vişneli İçecek Karton Kutu 1 L,migros
migros-08020084,0.0,,178.0,Maltana Zero Ananas Aromalı 250 Ml,migros
migros-08020088,0.0,,70.0,Fuse Tea Kavun ve Çilek Aromalı Soğuk Çay 1 L,migros
migros-08020091,0.0,,239.6,Pin Drinks Hibiscus Tea Teneke Kutu 250 Ml,migros
migros-08020092,0.0,,239.6,Pin Drinks Cool Lime Kutu 250 Ml,migros
migros-07150074,0.0,,1272.27,Datçam Yüzde Yüz Badem Kreması 220 G,migros
migros-08020099,0.0,,89.95,Lavi Berry Ahududu Meyveli İçecek 1 L,migros
migros-08020101,0.0,,89.95,Lavi Berry Berry Mix Meyveli İçecek 1 L,migros
migros-08020102,0.0,,89.95,Lavi-Berry Kızılcık Meyveli İçecek 1 L,migros
migros-08020108,0.0,,157.58,Yedigün Kutu 330 Ml,migros
migros-08020125,0.0,,169.55,Cappy Kayısı Nektarı Kutu 330 Ml,migros
migros-08011890,0.0,,157.58,Pepsi Treats Çilek & Krema 330 Ml,migros
migros-08020128,0.0,,169.55,Cappy Karışık Meyve Nektarı Kutu 330 ML,migros
migros-08020150,0.0,,362.12,Borjomi Limonatı Karışık Meyve Gazlı İçecek 330 Ml,migros
migros-08020151,0.0,,362.12,Borjomi Limonatı Tarhun Aromalı Gazlı İçecek 330 Ml,migros
migros-08020154,0.0,,166.67,Wu Matcha ve Yeşil Çay Limon & Nane Aromalı 330 Ml,migros
migros-08020155,0.0,,166.67,Wu Matcha Yeşil Çay Çilek Aromalı 330 Ml,migros
migros-08020157,0.0,,362.12,Borjomi Limonatı Pear Armut Aromalı Gazlı İçecek 330 Ml,migros
migros-08020098,0.0,,89.95,Lavi Berry Böğürtlen Meyveli İçecek 1 L,migros
migros-08011118,0.0,,122.22,Coca-Cola 450 Ml,migros
migros-08011150,0.0,,56.24,Pepsi Zero Sugar Kola 4 x 1 L,migros
migros-08011605,0.0,,39.8,"Coca-Cola Zero Sugar Pet 2,5 L",migros
migros-08011700,0.0,,36.0,"Pepsi Kola 2,5 L",migros
migros-08011701,0.0,,26.8,"Fruko Gazoz Pet 2,5 L",migros
migros-08011740,0.0,,200.0,Coca-Cola Orijinal Tat Cam Şişe 200 ML,migros
migros-08011751,0.0,,223.3,Coca-Cola Orijinal Tat Cam Şişe 6x250 Ml,migros
migros-08011849,0.0,,240.0,Coca-Cola Zero Sugar 250 Ml Cam Şişe,migros
migros-08011854,0.0,,223.3,Coca-Cola Zero Sugar Cam Şişe 6x250 ML,migros
migros-08011888,0.0,,66.5,Pepsi Treats Çilek & Krema Pet 1 L,migros
migros-08011889,0.0,,157.58,Pepsi Limon Can 330 Ml,migros
migros-08010335,0.0,,160.42,Pepsi Kola 6 x 200 Ml,migros
migros-08020029,0.0,,84.5,Pin Hibiscus Çayı 1 L,migros
migros-08011894,0.0,,120.0,Coca Cola Golden Can 500 Ml,migros
migros-08011896,0.0,,156.06,Pepsi Zero Sugar 4 x 330 Ml,migros
migros-08011899,0.0,,156.06,Pepsı Kutu 4 x 330 Ml,migros
migros-08011901,0.0,,157.58,Pepsi Treats Vanilya & Krema 330 Ml,migros
migros-08019111,0.0,,200.0,Coca-Cola Kutu 6 x 250 Ml,migros
migros-08019112,0.0,,200.0,Coca-Cola Zero Sugar Kutu 6 x 250 Ml,migros
migros-08019113,0.0,,200.0,Coca-Cola Light Kutu 6 x 250 Ml,migros
migros-08019163,0.0,,40.0,"Coca-Cola Orijinal Tat Daha Az Kalori Pet 2,5 L",migros
migros-08020000,0.0,,166.67,Fanta Portakal Aromalı Kutu 330 ML,migros
migros-08020008,0.0,,127.27,Joozy Üzüm Aromalı Gazlı İçecek 330 Ml,migros
migros-08020009,0.0,,127.27,Joozy Greyfurt Aromalı Gazlı İçecek 330 Ml,migros
migros-08020018,0.0,,84.5,Pin Cool Lime 1 L,migros
migros-08011891,0.0,,66.5,Pepsi Treats Vanilya & Krema Pet 1 L,migros
migros-08028217,0.0,,656.25,Sanpellegrino Limonlu Gazlı İçecek 4 x 200 Ml,migros
migros-08028227,0.0,,178.0,Maltana Ginseng Aromalı Enerji İçeceği 250 Ml,migros
migros-08028231,0.0,,7.3,Hamidiye Kaynak Suyu Pet  5 L,migros
migros-08028241,0.0,,281.0,Pin Soğuk Çay Şeftali 250 Ml Cam,migros
migros-08028246,0.0,,70.0,Fuse Tea Egzotik Ejder & Çarkıfelek Aromalı Soğuk Çay 1 L,migros
migros-08028250,0.0,,90.83,Damla Minera Çilek ve Karpuz Aromalı Gazlı İçecek 6 x 200 Ml,migros
migros-08028279,0.0,,281.0,Pin Hibiscus Çayı 250 Ml Cam,migros
migros-08028280,0.0,,281.0,Pin Cool Lime 250 Ml Cam,migros
migros-08030000,0.0,,166.67,Sprite Limon Aromalı Kutu 330 ML,migros
migros-08030006,0.0,,193.27,Beyoğlu Zencefilli Doğal Zengin Mineralli Gazlı İçecek 6 x 250 Ml,migros
migros-11019916,0.0,,179.95,Nilky Bademli İçecek 1 L,migros
migros-08020178,0.0,,67.93,Hamidiye Cam Su 750 Ml,migros
migros-08030016,0.0,,90.0,Schweppes Pink Grapefruit Pet 1 L,migros
migros-08030018,0.0,,66.5,7UP Turunçgil Aromalı Gazoz Pet 1 L,migros
migros-08022050,0.0,,53.33,"Fanta Portakal Aromalı Pet 1,5 L",migros
migros-08030028,0.0,,127.27,Dydo Joozy Guava Aromalı Gazlı İçecek 330 Ml,migros
migros-08030049,0.0,,70.0,Fanta Zero Portakal Aromalı Gazoz 1 L,migros
migros-08030060,0.0,,22.0,"Migros Gazoz 1,5 L Pet",migros
migros-08030063,0.0,,66.5,Yedigün Portakal Özel Lezzet Şekersiz 1 L,migros
migros-08030074,0.0,,299.5,Datçam Ballı Badem Aromalı Datça Gazozu 200 Ml,migros
migros-08030080,0.0,,157.58,Sevenup Kutu 330 Ml,migros
migros-08030081,0.0,,36.6,"Uludağ Az Şekerli Portakallı Gazoz 2,5 L",migros
migros-08030110,0.0,,216.0,Sprite Limon Aromalı Kutu 250 ML,migros
migros-08030114,0.0,,166.67,Wu Matcha Yeşil Çay Matcha Aromalı 330 Ml,migros
migros-08030010,0.0,,77.5,Beypazarı Gazoz 6 x 200 Ml,migros
migros-08020189,0.0,,83.33,Hamidiye Cam Su 330 Ml,migros
migros-08020202,0.0,,359.6,Organuca S8 8 Sebzeli İçecek 250 Ml,migros
migros-08020208,0.0,,398.67,Magico Cielo Japon Kirazı & Vişne Aromalı Gazlı İçecek 750 Ml,migros
migros-08020220,0.0,,84.5,Pin Drinks Soğuk Çay Blueberry Acai 1 L,migros
migros-08020222,0.0,,84.5,Pin Drinks Vitaminli Soğuk Çay Şeftali 1 L,migros
migros-08020223,0.0,,84.5,Pin Beyaz Şeftali 1 L,migros
migros-08022000,0.0,,70.0,Fanta Portakal Aromalı Pet 1 L,migros
migros-08022010,0.0,,61.5,Uludağ Efsane Portakal Pet 1 L,migros
migros-08020075,0.0,,350.0,Elite Naturel Organik Klasik Limonata 250 Ml,migros
migros-08022406,0.0,,50.67,"Yedigün Portakal 1,5 L",migros
migros-08022555,0.0,,50.33,"Uludağ Efsane Portakal 1,5 L Pet",migros
migros-08022560,0.0,,49.93,"Uludağ Efsane Gazoz 1,5 L ( Pet Şişe )",migros
migros-08028215,0.0,,656.25,Sanpellegrino Portakallı Gazlı İçecek 4 x 200 Ml,migros
migros-08022690,0.0,,36.0,"Fanta Portakal Aromalı Pet 2,5 L",migros
migros-08022700,0.0,,28.8,"Yedigün Portakal 2,5 L",migros
migros-08022710,0.0,,90.0,Schweppes Mandalina 1 L,migros
migros-08022711,0.0,,90.0,Schweppes Bitter Limon 1 L,migros
migros-08022712,0.0,,272.0,Schweppes Mandalina Cam Şişe 250 Ml,migros
migros-08022713,0.0,,272.0,Schweppes Bitter Limon Cam Şişe 250 Ml,migros
migros-08022718,0.0,,90.0,Schweppes Lime & Mint Pet 1 L,migros
migros-08022857,0.0,,195.93,Uludağ Efsane  Portakal 6x250 Ml Cam,migros
migros-08022862,0.0,,149.67,Uludağ Efsane Şekersiz 6x250 Ml Cam,migros
migros-08022929,0.0,,236.67,Schweppes Mandalina Cam Şişe 6 x 250 Ml,migros
migros-08023056,0.0,,36.67,"Çamlıca Portakal 1,5 L",migros
migros-08020126,0.0,,169.55,Cappy Şeftali Nektarı Kutu 330 ML,migros
migros-08022670,0.0,,200.0,Fanta Portakal Aromalı Kutu 6 x 250 Ml,migros
migros-07151710,0.0,,2714.29,Follia Antep Fıstığı Kreması 175 G,migros
migros-07151711,0.0,,1496.67,Follia Kakaolu Fındık Kreması 300 G,migros
migros-07151715,0.0,,1549.84,Antebella Bomba Fıstık Ezmesi & Kakaolu Fındık Kreması 320 G,migros
migros-07151717,0.0,,1080.36,Nutella & Go Kakaolu Fındık Kreması ve Grissini 28 G,migros
migros-07151720,0.0,,2749.75,Züber Antep Fıstığı Kreması 200 G,migros
migros-07151727,0.0,,806.84,Pol's Gurme Serisi Hurma Ezmesi 285 G,migros
migros-07151730,0.0,,952.14,Pol's Gurme Serisi Cruncho Çıtır Parçacıklı  Tahin KremasI 210 G,migros
migros-07151732,0.0,,714.0,Maksilla Sütlü Tahin Kreması 350 G,migros
migros-07150093,0.0,,999.86,Milka Sürülebilir Fındık Ezmesi 350 G,migros
migros-07151735,0.0,,464.72,Ülker Fındık Rüyası Krem Cam Kavanoz 625 G,migros
migros-07151738,0.0,,380.43,Torku Banada Kakaolu Fındık Kreması 920 G,migros
migros-08011117,0.0,,122.22,Coca-Cola Zero Sugar Pet 450 ML,migros
migros-07155709,0.0,,419.93,Nutella Kakaolu Fındık Kreması 750 G,migros
migros-07155769,0.0,,595.57,Sarelle Kakaolu Fındık Ezmesi 350 G,migros
migros-07155775,0.0,,1057.0,Sarelle Fındık Ezmesi 350 G,migros
migros-07155780,0.0,,564.21,Sarelle Kakaolu Fındık Ezmesi 700 G,migros
migros-07155782,0.0,,397.38,Torku Banada Kakaolu Fındık Kreması 400 G,migros
migros-07155793,0.0,,615.97,Sarelle Bitter Fındık Ezmesi (Vegan) 350 G,migros
migros-07155798,0.0,,804.29,Ülker Golden Fındık Ezmesi 350 G,migros
migros-07155805,0.0,,595.57,Sarelle Duo Sütlü Kakaolu Fındık Kreması 350 G,migros
migros-07155834,0.0,,370.0,Torku Banada Kakaolu Fındık Kreması 700 G,migros
migros-07155846,0.0,,382.38,Fiskokrem Sütlü Fındık Kreması 400 G,migros
migros-07155855,0.0,,945.81,Torku Fındık Ezmesi 370 G,migros
migros-07155861,0.0,,395.9,Nutella 1000 G,migros
migros-07155050,0.0,,458.75,Nutella Kakaolu Fındık Kreması 400 G,migros
migros-07150077,0.0,,1341.33,Jif Squeeze Creamy Yer Fıstığı Ezmesi 369 G,migros
migros-07150088,0.0,,1125.4,Fropie Çikolatalı Kakao Nibli Yer Fıstık Ezmesi 315G,migros
migros-07115255,0.0,,705.33,"Mentos Naneli Draje Şeker 37,5 G",migros
migros-07150098,0.0,,1460.16,Züber Peanutzilla Kakaolu Fıstık Kreması 315 G,migros
migros-07150101,0.0,,1250.0,Tadelle Parça Fındıklı Kakaolu Fındık Ezmesi 200 G,migros
migros-07150105,0.0,,781.09,By İzzet Kakaolu Fındık Kreması %35 Fındık 320 G,migros
migros-07150106,0.0,,664.75,Antebella Badem Kreması 200 G,migros
migros-07150107,0.0,,764.75,Antebella Kaju Kreması 200 G,migros
migros-07151213,0.0,,1201.5,Fiskobirlik Fındık Ezmesi 300 G,migros
migros-07151214,0.0,,1210.83,Fiskobirlik Fındık Ezmesi 180 G,migros
migros-07151657,0.0,,1320.0,Nestle Damak Antep Fıstığı Parçalı Kakaolu Krema 375 G,migros
migros-07151660,0.0,,1495.0,Gigi's Yüksek Proteinli Kakao Yer Fıstığı Ezmesi 200 G,migros
migros-07151708,0.0,,1994.29,Follia Badem Fındık ve Hindistan Cevizi Kreması 175 G,migros
migros-07151663,0.0,,1245.0,Gigi's Ballı Deniz Tuzlu Yer Fıstığı Ezmesi 200 G,migros
migros-07151680,0.0,,1164.71,Jif Kakaolu Yer Fıstığı Ezmesi 425 G,migros
migros-07151683,0.0,,1904.6,Züber Nutzilla Fındık Kreması 315 G,migros
migros-07151685,0.0,,433.17,Migros Ballı Yer Fıstığı Ezmesi 300 G,migros
migros-07151689,0.0,,3064.75,Servet Antep Fıstığı Kreması 200 G,migros
migros-07122215,0.0,,561.88,Ülker Yupo Jelly Kolalı 80 G,migros
migros-07151693,0.0,,952.14,Pol's Gurme Serisi Cruncho Kakao Çıtır Parçacıklı Tahin Kreması 210 G,migros
migros-07151694,0.0,,433.17,Migros % 100 Yer Fıstığı Ezmesi 300 G,migros
migros-07151695,0.0,,1396.0,Pol's Gurme Serisi Creamo Ahududu Çilek Fındık Kreması 250 G,migros
migros-07151698,0.0,,1357.14,Clean Powders Protein Spread Fındık Kreması 350 G,migros
migros-07151699,0.0,,1357.14,Clean Powders Protein Spread Çikolata 350 G,migros
migros-07151701,0.0,,1904.29,Pol's Gurme Omega Trio Çıtır Parçacıklı Krema 210 G,migros
migros-07151661,0.0,,1245.0,Gigi's Ballı Tarçınlı Yer Fıstığı Ezmesi 200 G,migros
migros-08010013,0.0,,70.0,Sprite Zero Limon Aromalı Pet 1 L,migros
migros-08010015,0.0,,103.7,Coca-Cola Zero Sugar 6x450ml,migros
migros-08010023,0.0,,157.58,Pepsi Kola Kutu 330 Ml,migros
migros-08010026,0.0,,157.58,Pepsi Zero Sugar Kutu Kola 330 Ml,migros
migros-08010202,0.0,,166.67,Coca-Cola Zero Sugar Kutu 330 ML,migros
migros-07155873,0.0,,833.19,Fitnut %100 Fıstık Ezmesi 360 G,migros
migros-08010700,0.0,,70.0,Coca-Cola Orijinal Tat Pet 1 L,migros
migros-08010701,0.0,,70.0,Coca-Cola Zero Sugar Pet 1 L,migros
migros-08010800,0.0,,66.5,Pepsi Kola 1 L,migros
migros-08010810,0.0,,66.5,Pepsi Zero Sugar Kola 1 L,migros
migros-08010901,0.0,,70.0,Coca-Cola Light Pet 1 L,migros
migros-08010902,0.0,,53.33,"Coca-Cola Light Pet 1,5 L",migros
migros-07151692,0.0,,1396.0,Pol's Gurme Serisi Creamo Orman Meyveli Fndık Kreması 250 G,migros
migros-08010904,0.0,,53.33,"Coca-Cola Zero Sugar Pet 1,5 L",migros
migros-08010905,0.0,,66.22,Coca-Cola Orijinal Tat Pet 4x1 L,migros
migros-08010907,0.0,,66.22,Fanta Portakal Aromalı Pet 4x1 L,migros
migros-08010909,0.0,,66.22,Coca-Cola Zero Sugar Pet 4x1 L,migros
migros-08011001,0.0,,216.0,Coca-Cola Orijinal Tat Kutu 250 ML,migros
migros-08011002,0.0,,216.0,Coca-Cola Light Kutu 250 ML,migros
migros-08011003,0.0,,216.0,Coca-Cola Zero Sugar Kutu 250 Ml,migros
migros-08011004,0.0,,216.0,Fanta Portakal Aromalı Kutu 250 ML,migros
migros-07163524,0.0,,1250.0,Tadelle Beyaz Çikolata Kaplı Fındık Dolgulu Çikolata 30 G,migros
migros-08011101,0.0,,56.24,Pepsi Kola 4 x 1 L,migros
migros-08011105,0.0,,50.67,"Pepsi Kola 1,5 L",migros
migros-08011112,0.0,,110.0,Fanta Portakal 500 Ml,migros
migros-08010903,0.0,,53.33,"Coca-Cola Orijinal Tat Pet 1,5 L",migros
migros-07155882,0.0,,478.5,Fiskobirlik Nuga Kakaolu Fındık Kreması 700 G,migros
migros-07155883,0.0,,588.43,Fiskobirlik Nuga Kakaolu Fındık Kreması 350 G,migros
migros-07155899,0.0,,833.19,Fitnut %100 Fıstık Ezmesı (Parçacıklı-360gr),migros
migros-07155908,0.0,,847.08,Fitnut Şeker İlavesiz Çikolatalı Fıstık Ezme 360 G,migros
migros-07155924,0.0,,1908.82,Noi Badem Ezmesi 170 G,migros
migros-07155930,0.0,,1295.08,Züber Original Fıstık Ezmesi 315 G,migros
migros-07155947,0.0,,1295.08,Züber %100 Fıstık Ezmesi 315 G,migros
migros-07156010,0.0,,1908.82,Noi Beyaz Badem Ezmesi 170 G,migros
migros-07156012,0.0,,1165.15,Abdurrahman Tatlıcı - Tadıbu  Kakaolu Fındık Ezmesi 330 G,migros
migros-07160000,0.0,,453.03,Ülker Coco Star Atıştırmalık Sandviç Bisküvi 66 G,migros
migros-07160070,0.0,,398.0,Ülker Kat Kat Tat 25 G,migros
migros-07160798,0.0,,750.0,Çizmeci Time Up Sütlü Çikolatalı Sütlü Kremalı Bisküvi 30 G,migros
migros-08010001,0.0,,166.67,Coca-Cola Orijinal Tat Kutu 330 Ml,migros
migros-07163345,0.0,,1201.92,Tadelle Fındık Dolgulu Sütlü Çikolata King Size 52 G,migros
migros-07163523,0.0,,1250.0,Tadelle Bitter Çikolata Kaplı Fındık Dolgulu Çikolata 30 G,migros
migros-07151734,0.0,,514.29,Ülker Fındık Rüyası Krem Cam Kavanoz 350 G,migros
migros-07200018,0.0,,416.5,Master Nut Leblebi Ezmesi 300 G,migros
migros-07200032,0.0,,435.06,Dr.Oetker Meyveli Tatlı Sos 77 G,migros
migros-07200042,0.0,,500.0,Dr.Oetker Bitter Çikolatalı Sos 122 G,migros
migros-07208994,0.0,,1800.0,Arslanzade Badem Ezmesi 250 G,migros
migros-07209028,0.0,,499.69,Haribo Futbool Pro 160 G,migros
migros-07209035,0.0,,1537.69,Amos Peelerz Gummy Banana Yumuşak Şekerleme 65 G,migros
migros-07209061,0.0,,496.97,Pınar Çilekli Sos 330 G,migros
migros-07209076,0.0,,1399.2,Maccun Mesir Macunu Special 125 G,migros
migros-07209953,0.0,,5322.5,Jovia Organik Çilekli Sütlü Çikolata Kids-40g,migros
migros-07163020,0.0,,1362.12,Ülker Napoliten 33 G,migros
migros-07044071,0.0,,1915.83,Godiva Extra Sütlü Çikolata Kare 60 G,migros
migros-07044072,0.0,,1915.83,Godiva Bademli Bitter Çikolata Kare 60 G,migros
migros-07044074,0.0,,1915.83,Godiva %72 Bitter Çikolata Kare 60 G,migros
migros-07045136,0.0,,1804.17,M&M's Cookie Dough 36 G,migros
migros-07045144,0.0,,1777.22,Milka Biscoff 90 G,migros
migros-07045145,0.0,,4498.33,Mr Beast Feastables Milk Crunch Çikolata 60 G,migros
migros-07045157,0.0,,2694.44,Tonys Bitter Çikolata 180 G,migros
migros-07040080,0.0,,1443.33,M&M's Fıstıklı Draje 45 G,migros
migros-07045239,0.0,,1799.5,Schogetten Stracciatella 100 G,migros
migros-07045245,0.0,,1599.5,Milka Oreo Choco Sütlü Bisküvi Parçalı Çikolata 100 G,migros
migros-07045258,0.0,,1462.8,M&M's Fıstıklı Draje 82 G,migros
migros-07080402,0.0,,344.22,Tatlan Papatya Kakaolu Tahin Helvası 450 G,migros
migros-07045269,0.0,,5399.5,Lindt Excellence Extra Creamy Milk Çikolata 100 G,migros
migros-07045275,0.0,,5499.5,Lindt Excellence %85 Kakao Çikolata 100 G,migros
migros-07045276,0.0,,5399.5,Lindt Excellence İntense Orange Çikolata 100 G,migros
migros-07045285,0.0,,2499.38,Galler Sütlü Çikolata 80 G,migros
migros-07045286,0.0,,2499.38,Galler Badem Parçacıklı Sütlü Çikolata 80 G,migros
migros-07045293,0.0,,2570.71,Galler Vanilya Dolgulu Bitter Çikolata 70 G,migros
migros-07045294,0.0,,2570.71,Galler Fındık Ezmesi Dolgulu Sütlü Çikolata 70 G,migros
migros-07045305,0.0,,2499.38,Galler Karamel Parçacıklı Bitter Çikolata 80 G,migros
migros-07045307,0.0,,2499.38,Galler Bitter Çikolata 80 G,migros
migros-07045309,0.0,,1625.0,M&M's Minis 20 G,migros
migros-07045318,0.0,,2768.46,Galler Bisküvili Bitter Çikolata 65 G,migros
migros-07040808,0.0,,1999.0,Schogetten Sütlü Çikolata 100 G,migros
migros-07045268,0.0,,5399.5,Lindt Excellence %70 Kakao Çikolata 100 G,migros
migros-07039891,0.0,,1322.06,Eti Uzun Çikolata Keyfi Antep Fıstıklı 34 G,migros
migros-07036371,0.0,,1699.17,Eti Karam %54 Kakaolu Bademli Portakallı Bitter Çikolata 60 g,migros
migros-07040081,0.0,,1443.33,M&M's Çikolatalı Draje 45 G,migros
migros-07040187,0.0,,1738.59,Milka With Oreo Cookies 92 G,migros
migros-07040188,0.0,,2142.14,Marabou Bisküvi Parçacıklı Vanilya Aromalı Krema Dolgulu 140 G,migros
migros-07040192,0.0,,1605.36,Daim Sütlü Çikolata Kaplı Bademli Karamel Dolgulu Çikolata 56 G,migros
migros-07040256,0.0,,4299.5,Lindt Kakao Krema Dolgulu (%50) Sütlü Çikolata 100 G,migros
migros-07040367,0.0,,4299.5,Lindt Tab Lindor Dark Vert 100 G,migros
migros-07040550,0.0,,1599.5,Milka Çikolata Rüyası 100 G,migros
migros-07040651,0.0,,1999.38,Milka Sütlü Çikolata 80 G,migros
migros-07040653,0.0,,1999.38,Milka Fındıklı Çikolata 80 G,migros
migros-07040654,0.0,,1999.38,Milka Üzümlü Fındıklı Çikolata 80 G,migros
migros-07044070,0.0,,2665.83,Godiva Antep Fıstıklı & Karamelli Sütlü Çikolata Kare 60 G,migros
migros-07040658,0.0,,1599.5,Milka Çilekli Yoğurtlu Çikolata 100 G,migros
migros-07040805,0.0,,1999.0,Schogetten Çilekli Yoğurtlu Çikolata 100 G,migros
migros-07040806,0.0,,1999.0,Schogetten Fındıklı Çikolata 100 G,migros
migros-07040807,0.0,,1999.0,Schogetten Bitter Çikolata 100 G,migros
migros-07037274,0.0,,1282.5,Nestle Bol Sütlü Kare Çikolata 60 G,migros
migros-07040810,0.0,,2949.0,Toblerone Sütlü Çikolata 100 G,migros
migros-07040812,0.0,,2949.0,Toblerone Bitter Çikolata 100 G,migros
migros-07040819,0.0,,2854.29,Toblerone 35 G,migros
migros-07041153,0.0,,3499.5,Ritter Sport Fındıklı Tablet Çikolata 100 G,migros
migros-07041154,0.0,,3499.5,Ritter Sport Dark Whole Hazelnut 100 G,migros
migros-07041157,0.0,,3499.5,Ritter Sport Bisküvili Çikolata 100 G,migros
migros-07041164,0.0,,3499.5,Ritter Sport Tane Fındıklı Beyaz Çikolata 100 G,migros
migros-07040655,0.0,,1999.38,Milka Beyaz Çikolata 80 G,migros
migros-07050248,0.0,,1215.52,Antalya Reçelcisi Yaban Mersini Reçeli 290 G,migros
migros-07050249,0.0,,1534.48,Antalya Reçelcisi 0 Şeker 7 Kırmızı Meyve 290 G,migros
migros-07050255,0.0,,713.64,Neofarm İncir Tatlısı 385 G,migros
migros-07050278,0.0,,1227.27,Kahve Dünyası Tambol Fındıklı Sütlü Çikolata 77 G,migros
migros-07045319,0.0,,2768.46,Galler Antep Fıstığı Dolgulu Beyaz Çikolata 65 G,migros
migros-07050302,0.0,,276.18,Tat Geleneksel İncir Reçeli 380 G,migros
migros-07050303,0.0,,276.18,Tat Geleneksel Çilek Reçeli 380 G,migros
migros-07050304,0.0,,276.18,Tat Geleneksel Kayısı Reçeli 380 G,migros
migros-07050308,0.0,,276.18,Tat Ekstra Geleneksel Ayva Reçeli 380 G,migros
migros-07050311,0.0,,256.86,Seyidoğlu Kuru İncirli Cevizli Helva 350 G,migros
migros-07050348,0.0,,256.86,Seyidoğlu Cevizli Helva Vakumlu 350 G,migros
migros-07045328,0.0,,2768.46,Galler Bütün Fındıklı Dolgulu Bitter Çikolata 65 G,migros
migros-07050410,0.0,,526.79,M Life Tatlandırıcılı Vişne Reçeli 280 G,migros
migros-07050411,0.0,,383.93,M Life Tatlandırıcılı Çilek Reçeli 280 G,migros
migros-07050412,0.0,,446.25,Mlife Tatlandırıcılı Yaban Mersini Reçeli 280G,migros
migros-07050413,0.0,,446.25,M Life Tatlandırıcılı Dört Meyve Reçeli 280 G,migros
migros-07050414,0.0,,383.93,Mlife Tatlandırıcılı Erik Reçeli 280G,migros
migros-07050425,0.0,,222.37,Migros Vişne Reçeli 380 G,migros
migros-07050426,0.0,,197.24,Migros Çilek Reçeli 380 G,migros
migros-07050429,0.0,,197.24,Migros Kayısı Reçeli 380 G,migros
migros-07050163,0.0,,194.38,Tamek Çilek Reçeli 800 G,migros
migros-07050448,0.0,,749.75,Datçam Bademli Süt Karameli 400 G,migros
migros-07050449,0.0,,574.75,Datçam Bademli İncir Reçeli 400 G,migros
migros-07050502,0.0,,565.57,Fo Orman Meyveli Dondurma Sosu 350 G,migros
migros-07050409,0.0,,396.25,Mlıfe Tatlandırıcılı Turunç Kabuğu Reçeli 280 G,migros
migros-07045329,0.0,,2768.46,Galler Yumuşak Kahve Dolgulu Bitter Çikolata 65 G,migros
migros-07045365,0.0,,1799.5,Schogetten Trilogia 100 G,migros
migros-07046981,0.0,,1165.0,Ülker Fındıklı Sütlü Baton Çikolata 30 G,migros
migros-07046982,0.0,,1798.33,Ülker Bütün Antep Fıstıklı Sütlü Baton Çikolata 30 G,migros
migros-07047474,0.0,,1804.17,M&M's Pirinç Patlaklı Draje 36 G,migros
migros-07048995,0.0,,2208.72,Godiva Masterpiece Karamelli Sütlü Çikolata Tablet 86 G,migros
migros-07048996,0.0,,2288.55,Godiva Masterpieces Fındıklı Sütlü Çikolata Tablet 83 G,migros
migros-07048997,0.0,,2208.72,Godiva Masterpieces Bitter Çikolata Tablet 86 G,migros
migros-07049971,0.0,,3499.5,Ritter Sport Çikolata Çilekli Yoğurtlu 100 G,migros
migros-07049998,0.0,,1599.5,Milka Oreolu Çikolata 100 G,migros
migros-07050083,0.0,,775.26,Neofarm Turunç Tatlısı 475 G,migros
migros-07050107,0.0,,691.0,Neofarm Geleneksel Biber Reçeli 500 G,migros
migros-07050247,0.0,,1258.62,Antalya Reçelcisi Şeker İlavesiz Aronya Reçeli 290 G,migros
migros-07050161,0.0,,778.0,Neofarm Hatay Ceviz Reçeli 500 G,migros
migros-07045229,0.0,,4332.5,Mr.beast Sütlü Çikolata 60 G,migros
migros-07050166,0.0,,893.1,Antalya Reçelcisi Kamkat Reçeli %65 Meyve 290 G,migros
migros-07050197,0.0,,893.1,Antalya Reçelcisi Süt Reçeli 290 G,migros
migros-07050198,0.0,,896.21,Antalya Reçelcisi Acı Biber Reçeli 290 G,migros
migros-07050201,0.0,,289.34,Tamek Çilek Reçeli 380 G,migros
migros-07050202,0.0,,289.34,Tamek Portakal Reçeli 380 G,migros
migros-07050205,0.0,,289.34,Tamek Gül Reçeli 380 G,migros
migros-07050206,0.0,,289.34,Tamek Ayva Reçeli 380 G,migros
migros-07050207,0.0,,289.34,Tamek Kayısı Reçeli 380 G,migros
migros-07050229,0.0,,690.0,Antalya Reçelcisi 4'lü Hediye Seti 4X125 G,migros
migros-07050246,0.0,,886.21,Antalya Reçelcisi 7 Turuncu Meyve Reçeli 290 G,migros
migros-07050160,0.0,,347.44,Tamek Vişne Reçeli 800 G,migros
migros-07031592,0.0,,2685.07,Marabou Oreo Roll 67 G,migros
migros-07031596,0.0,,649.5,Beyoğlu Dubaco Hawaii Style Sütlü Çikolata 200 G,migros
migros-07031604,0.0,,1165.0,Miskets Simit Şekilli Susamlı Sütlü Çikolata 60 G,migros
migros-07031620,0.0,,1297.4,Kahve Dünyası Tambol Şeker İlavsiz Bol Sütlü Çikolata 77 G,migros
migros-07031622,0.0,,999.0,Kahve Dünyası Tambol Kakao Nibli Bitter Dolgulu Çikolata 100 G,migros
migros-07031626,0.0,,2068.28,Terry's Ball Simply Milk Dilim Sütlü Çikolata 145 G,migros
migros-07031632,0.0,,1750.0,Melodi Peanuts Collection Snoopy Çikolata Çakıltaşı 20 G,migros
migros-07031638,0.0,,1818.18,Melodi Peanuts Collection Şemsiye Çikolata 22 G,migros
migros-07031639,0.0,,1750.0,Melodi Peanuts Collection Snoopy Meyveli Çakıltaşı 20 G,migros
migros-07031641,0.0,,1290.83,Elit Sütlü Çikolatalı Bisküvi Fındıklı Krema Mozaik Çikolata 4 x 30 G,migros
migros-07031642,0.0,,1513.64,Nestle Kitkat F1 Araba Ikon Paket 6 x 11 G,migros
migros-07039791,0.0,,1165.0,Ülker Bitter Çikolata 30 G,migros
migros-07031647,0.0,,587.65,Dr Gerard Pasja Orange 170 G,migros
migros-07031648,0.0,,2973.81,Züber Bitter Çikolata 42 G,migros
migros-07031441,0.0,,4183.33,Jovia Premium %55 Bitter Frambuazlı Çikolata 30 G,migros
migros-07031655,0.0,,3568.57,Züber Pirinç Patlaklı Sütlü Çikolata 35 G,migros
migros-07031669,0.0,,4164.29,Züber Antep Fıstıklı Sütlü Çikolata 42 G,migros
migros-07031671,0.0,,1634.55,Ülker %90 Bitter Kare Çikolata 55 G,migros
migros-07031674,0.0,,2499.38,Godiva Sütlü Çikolata Kaplı Fındık Draje 80 G,migros
migros-07032098,0.0,,2210.58,Godiva %90 Bitter Çikolata Kare 52 G,migros
migros-07032099,0.0,,1321.43,Ülker Tablet Sütlü Çikolata 70 G,migros
migros-07032378,0.0,,642.14,Yupo Jelly Portakal Halkası 70 G,migros
migros-07032610,0.0,,1385.71,Elit Çilek Aromalı Dolgulu Sütlü Çikolata 35 G,migros
migros-07032891,0.0,,1325.0,Nestle Kurabiyeli Beyaz Çikolata 60 G,migros
migros-07031643,0.0,,1297.4,Kahve Dünyası Tambol Şeker İlavesiz %60 Bitter Çikolata 77 G,migros
migros-07031397,0.0,,916.67,Eti Karamela Karamel Dolgulu Sütlü Çikolata 30 G,migros
migros-07031400,0.0,,2437.5,Jovia Belgium Style Sütlü Üzüm & Bademli Çikolata 80 G,migros
migros-07031402,0.0,,1095.0,Kahve Dünyası Tambol Badem Krokan Dolgulu Sütlü Çikolata 100 G,migros
migros-07031403,0.0,,999.0,Kahve Dünyası Tambol Çilekli Milföy Dolgulu Sütlü Çikolata 100 G,migros
migros-07031406,0.0,,2375.0,Jovia Belgium Style Sütlü Çikolata 80 G,migros
migros-07031407,0.0,,2437.5,Jovia Belgium Style Bitter Frambuazlı Çikolata 80 G,migros
migros-07031412,0.0,,1499.38,Ülker Çikolata Dolu Dolu Fındıklı 80 G,migros
migros-07031440,0.0,,1890.0,Glories % 70 Kakao Acı Biber Bitter Çikolata 100 G,migros
migros-07031252,0.0,,1495.0,Kahve Dünyası Tambol Antep Fıstığı Krokan Dolgulu Çikolata 100 G,migros
migros-07031442,0.0,,3700.0,Jovia Premium %55 Bitter Portakallı Çikolata 30 G,migros
migros-07031443,0.0,,4433.33,Jovia Premium Sütlü Antep Fıstıklı Çikolata 30 G,migros
migros-07031447,0.0,,1890.0,Glories % 35 Kakao Türk Kahve Sütlü Çikolata 100 G,migros
migros-07031587,0.0,,1396.0,Migros Ekstra Tahinli Krema Dolgulu Sütlü Çikolata 25 G,migros
migros-07031476,0.0,,1090.62,Eti Mini Tablet Bol Sütlü Çikolata 32 G,migros
migros-07031477,0.0,,1299.0,Patislove Guilty Patlayan Şekerli Dolgulu Sütlü Çikolata 100 G,migros
migros-07031492,0.0,,49990.0,Hello Kitty Funky Fans 5 G,migros
migros-07031495,0.0,,1533.33,Nestle 1927 Bol Sütlü Çikolata 4 x 60 G,migros
migros-07031517,0.0,,6761.76,Unibon Gator Chomp Candy Lolipop 17 G,migros
migros-07031518,0.0,,11495.0,Unibon Barbie Petbox Kitty Surprize 10 G,migros
migros-07031519,0.0,,11495.0,Unibon Barbie Petbox Puppy Surprize 10 G,migros
migros-07031522,0.0,,1686.88,Patiswiss Sütlü Çikolatalı Çilek Draje 80 G,migros
migros-07031525,0.0,,906.25,Migros Ekstra Vegan Bitter Tablet Çikolata 80 G,migros
migros-07031534,0.0,,1052.94,Beyoğlu İstiklal 1968 Tane Fındıklı 170 G,migros
migros-07031541,0.0,,1082.5,Nestle Classic Sütlü Kare Çikolata 2 x 60 G,migros
migros-07031374,0.0,,1115.83,Eti Çikolata Bol Sütlü 60 G,migros
migros-07031452,0.0,,3300.0,Jovia Premium Sütlü Çikolata 30 G,migros
migros-07036378,0.0,,1699.17,Eti Antep Fıstıklı Kare Çikolata 60 g,migros
migros-07036601,0.0,,733.33,Ozmo Cool Bol Sütlü Ballı Krema Dolgulu Çikolata Kaplı Kek 30 G,migros
migros-07036673,0.0,,443.33,McVitie's Sütlü Kakaolu Kremalı Bisküvi 90 G,migros
migros-07036674,0.0,,453.41,McVitie's Karamelli Tarçınlı Kremalı Bisküvi  88 G,migros
migros-07036756,0.0,,1614.62,Torku Bütün Antep Fıstıklı Bol Sütlü Çikolata 65 G,migros
migros-07036790,0.0,,1699.17,Eti Gold Antep Fıstıklı Karamelize Kare Çikolata 60 g,migros
migros-07036802,0.0,,1658.33,Nestle Damak Karamel Krokan Antep Fıstıklı 60 G,migros
migros-07037054,0.0,,862.96,Ülker Çikolata Fındık Rüyası 40.5 G,migros
migros-07037078,0.0,,859.38,Ülker Caramio Karamel Dolgulu Sütlü Çikolata 32 G,migros
migros-07037272,0.0,,1282.5,Nestle Beyaz Kare Çikolata 60 G,migros
migros-07037273,0.0,,1282.5,Nestle Classic Bitter Kare Çikolata 60 G,migros
migros-07033578,0.0,,2500.0,Oreo Süt Dolgulu Kakao & Bisküvi Kaplamalı Kek 27 G,migros
migros-07032896,0.0,,1614.62,Ülker Bütün Antep Fıstıklı %60 Bitter Çikolata 65 G,migros
migros-07037410,0.0,,1321.43,Ülker Tablet Çikolata Bitter 70 G,migros
migros-07037850,0.0,,2199.0,Nestle Damak Sütlü Çikolata Kaplı Antep Fıstıklı Draje 50 G,migros
migros-07037871,0.0,,822.5,Ülker Yupo Çokojelo Böğürtlen 20 G,migros
migros-07037980,0.0,,1292.21,Kahve Dünyası Tambol Bademli Sütlü Çikolata 77 G,migros
migros-07038030,0.0,,1165.83,Ülker Bol Sütlü Kare Çikolata 60 G,migros
migros-07038032,0.0,,1199.17,Ülker Bitter Kare Çikolata %60 Kakaolu 60 G,migros
migros-07038033,0.0,,1165.83,Ülker Bitter Kare Çikolata %80 Kakaolu 60 G,migros
migros-07038585,0.0,,1283.33,Eti %27 Fındıklı Baton Çikolata 30 G,migros
migros-07039005,0.0,,2949.0,Toblerone Crunchy Almonds Çikolata 100 G,migros
migros-07039576,0.0,,1208.33,Ülker Fındıklı Sütlü Kare Çikolata 60 G,migros
migros-07039578,0.0,,1208.33,Ülker Fındıklı Üzümlü Bol Sütlü Çikolata 60G,migros
migros-07039749,0.0,,499.44,Ülker Çokomel Marshmallow Çilekli 180 G,migros
migros-07037333,0.0,,1090.62,Eti Karam Mini %54 Kakaolu Bitter Çikolata 32 G,migros
migros-07032907,0.0,,2721.67,Godiva Signature Bitter Çikolata %72 Kakao 90 G,migros
migros-07032985,0.0,,1915.83,Nestle Damak İlk Hasat Antep Fıstıklı Sütlü Çikolata 60 G,migros
migros-07033267,0.0,,2808.33,Elit Şeker İlavesiz ve Prebiyotik Sütlü Çikolata 60 G,migros
migros-07033268,0.0,,2808.33,Elit Şeker İlavesiz ve Prebiyotik Bitter Çikolata 60 G,migros
migros-07033379,0.0,,1883.33,Nestle Damak İnci Antep Fıstıklı Beyaz Çikolata 30 G,migros
migros-07031586,0.0,,1396.0,Migros Ekstra Böğürtlen Aromalı Kremalı Dolgulu Sütlü Çikolata 25 G,migros
migros-07033618,0.0,,1982.14,Eti Karam Antep Fıstıklı Bitter Çikolata 28 g,migros
migros-07033723,0.0,,1850.0,Eti İçibol %27 Antep Fıstıklı Çikolata 30 g,migros
migros-07033762,0.0,,1331.67,Nestle Classic Beyaz Çikolata Baton 30 G,migros
migros-07033763,0.0,,1331.67,Nestle Classic Bol Sütlü Çikolata Baton 30 G,migros
migros-07033825,0.0,,1883.33,Nestle Damak Antep Fıstıklı Sütlü Baton Çikolata 30 G,migros
migros-07033892,0.0,,1915.83,Nestle Damak Baklava Antep Fıstıklı Baklavalı Beyaz Çikolata 60 G,migros
migros-07036377,0.0,,1232.5,Eti Fındıklı Kare Çikolata 60 g,migros
migros-07034533,0.0,,1749.17,Nestle Antep Fıstıklı Sütlü Kare Çikolata 60 G,migros
migros-07034563,0.0,,1832.5,Nestle Damak Antep Fıstıklı Sütlü Kare Çikolata 60 G,migros
migros-07034564,0.0,,1832.5,Nestle Damak İnci Antep Fıstıklı Beyaz Çikolata 60 G,migros
migros-07034565,0.0,,1832.5,Nestle Damak Gece Antep Fıstıklı Bitter Çikolata 60 G,migros
migros-07034568,0.0,,1614.62,Ülker Bütün Antep Fıstıklı Sütlü Kare Çikolata 65 G,migros
migros-07036088,0.0,,1099.5,M&M's Çikolatalı Draje 100 G,migros
migros-07036296,0.0,,986.0,Ülker Çikolata Fındık Rüyası 75 G,migros
migros-07036370,0.0,,1115.83,Eti Karam %45 Kakaolu Bitter Çikolata 60 G,migros
migros-07031649,0.0,,2973.81,Züber Sütlü Çikolata 42 G,migros
migros-07036372,0.0,,1115.83,Eti Karam %70 Kakaolu Bitter Çikolata 60 G,migros
migros-07036373,0.0,,1115.83,Eti Karam %54 Kakaolu Bitter Çikolata 60 G,migros
migros-07036374,0.0,,1699.17,Eti Karam %54 Kakaolu Antep Fıstıklı Bitter Çikolata 60 g,migros
migros-07034532,0.0,,1749.17,Nestle Antep Fıstıklı Bitter Kare Çikolata 60 G,migros
migros-07079793,0.0,,3243.88,M Life 2 Mineral 2 Vitamin Bal Propolis Karışımı 7X7 G,migros
migros-07080020,0.0,,346.9,Koska Sade Helva Paket 500 G,migros
migros-07080022,0.0,,755.9,Koska Fıstıklı Helva Paket 500 G,migros
migros-07080025,0.0,,442.25,Koska Sade Helva Paket 200 G,migros
migros-07080026,0.0,,442.25,Koska Kakaolu Helva Paket 200 G,migros
migros-07080027,0.0,,864.75,Koska Fıstıklı Helva Paket 200 G,migros
migros-07080033,0.0,,903.8,Koska Fırında Helva 250 G,migros
migros-07080056,0.0,,848.75,Koska Süper İkili Tahin Pekmez Karışımı 40 G,migros
migros-07080057,0.0,,557.0,Koska Tahin Pekmez Karışımı 350 G,migros
migros-07080080,0.0,,314.95,Koska Sade Blok Helva Kg,migros
migros-07078077,0.0,,1257.0,Balparmak Çıt Kapak Çam Balı 350 G,migros
migros-07050521,0.0,,332.96,Ganik Süt Reçeli 270 G,migros
migros-07080108,0.0,,468.67,Yenigün Dut Özü 640G,migros
migros-07080115,0.0,,821.43,Lutfiye Organik Harnup Pekmezi 280 G,migros
migros-07080116,0.0,,857.14,Lutfiye Organik Üzüm Pekmezi 280 G,migros
migros-07080131,0.0,,1118.97,Yenigün Şeker İlavesiz Yaban Mersini Reçeli 290G,migros
migros-07080150,0.0,,266.5,Koska Bademli Helva Kg,migros
migros-07080151,0.0,,382.5,Koska Cevizli Helva Kg,migros
migros-07080167,0.0,,187.5,Migros Tahin 600 G,migros
migros-07080168,0.0,,248.75,Migros Üzüm Pekmezi 800 G,migros
migros-07080180,0.0,,395.0,Okyay Kavanoz Tahin 600G,migros
migros-07080181,0.0,,394.44,Okyay Vanilyalı Tahin Helvası 360G,migros
migros-07080182,0.0,,676.19,Okyay Antep Fıstıklı Tahin Helvası 840 G,migros
migros-07080183,0.0,,380.95,Okyay Kakaolu Tahin Helvası 840 G,migros
migros-07080082,0.0,,692.95,Koska Fıstıklı  Blok Helva Kg,migros
migros-07078013,0.0,,3000.0,Tulliana Premium Polifloralı Bitlis Süzme Çiçek Balı 300 G,migros
migros-07078015,0.0,,687.25,Migros Ekstra Ham Çam Balı 400 G,migros
migros-07078075,0.0,,1166.58,Balparmak Çıt Kapak Yayla Çiçek Balı 600 G,migros
migros-07078076,0.0,,1285.57,Balparmak Çıt Kapak Yayla Çiçek Balı 350 G,migros
migros-07070155,0.0,,1434.67,Balparmak Yüksek Yayla Çiçek Balı 460 G,migros
migros-07078078,0.0,,1166.58,Balparmak Çıt Kapak Çam  Balı 600 G,migros
migros-07079673,0.0,,1318.48,Balparmak Narenciye Balı 460 G,migros
migros-07079674,0.0,,4172.83,Balparmak Kestane Balı 460 G,migros
migros-07079680,0.0,,1233.53,Balparmak Yüksek Yayla Çiçek Balı 850 G,migros
migros-07079681,0.0,,1465.83,Balparmak Çıtkapak Yüksek Yayla Çiçek Balı 600 G,migros
migros-07079692,0.0,,822.94,Balparmak Yayla ve Ova Çiçek Balı 850 G,migros
migros-07079693,0.0,,836.96,Balparmak Yayla ve Ova  Çiçek Balı 460 G,migros
migros-07079792,0.0,,3243.88,M Life Bitki Özlü Bal Propolis Karışım 7X7 G,migros
migros-07079705,0.0,,2051.67,Beeo Yayla Çiçek Balı- Ham Bal (Hakkari Yöresi) 300 G,migros
migros-07079712,0.0,,28247.5,Beeo Propolis Suda Çözünebilir Damla 20 Ml,migros
migros-07079713,0.0,,1140.0,Anavarza Akıllı Kapak Çiçek Balı 325 G,migros
migros-07079729,0.0,,3433.0,Beeo Polen 150 G,migros
migros-07079730,0.0,,3289.75,Anavarza Stamina Krembal Propis Polen Arı Sütü 200 G,migros
migros-07079756,0.0,,1632.5,Balparmak Anadolu Lezzetleri Yüksekova Balı 460 G,migros
migros-07079758,0.0,,1632.5,Balparmak Anadolu Lezzetleri Kayseri Balı 460 G,migros
migros-07077990,0.0,,3672.45,Balparmak Apitera Up 7x7 G,migros
migros-07079760,0.0,,1632.5,Balparmak Anadolu Lezzetleri Şemdinli Balı 460 G,migros
migros-07079762,0.0,,3754.08,Beeo On The Go Propolis Karışım 7X7 G,migros
migros-07079765,0.0,,1642.86,Balparmak Katla Balla Süzme Çiçek Balı 7X7 G,migros
migros-07079767,0.0,,4759.52,Balparmak Apitera Mix Arı Sütü Polen Propolis 210G,migros
migros-07079694,0.0,,4341.84,Beeo 190 G Propolis Arı Sütü Ham Bal Karışımı,migros
migros-07080318,0.0,,377.5,Torku Sade Tahin Helvası 200 G,migros
migros-07080321,0.0,,377.5,Torku Tahin 600 G,migros
migros-07080325,0.0,,1008.33,Pol's Gurme Serisi Antep Fıstıklı Tahin Helvası 300 G,migros
migros-07080337,0.0,,1050.0,Servet Çifte Kavrulmuş Fethiye Tahini 300 G,migros
migros-07080339,0.0,,1377.38,Servet Antep Fıstıklı Tahin Helva 400 G,migros
migros-07080340,0.0,,917.38,Servet Kakaolu Tahin Helvası 400 G,migros
migros-07080351,0.0,,1498.0,Servet Tahin Pratik Şişe 500 G,migros
migros-07080186,0.0,,342.8,Okyay Vanilyalı Tahin Helvası 840 G,migros
migros-07080363,0.0,,1399.6,Maksilla Aronyalı Tahin Kreması 250 G,migros
migros-07080364,0.0,,539.8,Kartad Uşak Coğrafi İşaretli Sarı Haşhaş Ezme 500 G,migros
migros-07080365,0.0,,433.17,Kartad Cam Kavanoz Üzüm Pekmezi 600 G,migros
migros-07080184,0.0,,394.44,Okyay Kakaolu Tahin Helvası 360 G,migros
migros-07080382,0.0,,1919.8,Servet Tahin Gücü 250 G,migros
migros-07080385,0.0,,316.33,Kartad Cam Kavanoz Köpük Helvası 300 G,migros
migros-07080386,0.0,,459.6,Kartad Uşak Gelin Helvası 250 G,migros
migros-07080387,0.0,,459.6,Kartad Kakaolu Tahin Helvası 250 G,migros
migros-07080388,0.0,,695.0,Servet  Kakaolu Tahin Helvası 200 G,migros
migros-07080389,0.0,,1789.75,Servet Antep Fıstıklı Tahin Helvası 200 G,migros
migros-07080390,0.0,,343.37,Üçel Teneke Kutu Sade Tahin Helvası 830 G,migros
migros-07080391,0.0,,343.37,Üçel Teneke Kutu Kakaolu Tahin Helvası 830 G,migros
migros-07080392,0.0,,256.86,Seyidoğlu Bademli Helva 350 G,migros
migros-07080395,0.0,,695.0,Servet Sade Tahin Helvası 200 G,migros
migros-07080399,0.0,,1195.65,Lutfiye Organik Tahin 230 G,migros
migros-07080259,0.0,,243.8,Şanver Sade Tahin Helva 500 G,migros
migros-07080366,0.0,,459.6,Kartad Uşak Sade Tahin Helvası 250 G,migros
migros-07080185,0.0,,706.94,Okyay Antep Fıstıklı Tahin Helvası 360 G,migros
migros-07079759,0.0,,1632.5,Balparmak Anadolu Lezzetleri Muş Balı 460 G,migros
migros-07080191,0.0,,448.39,Antalya Reçelcisi Keçiboynuzu Pekmezi 620 G,migros
migros-07080192,0.0,,448.39,Antalya Reçelcisi Üzüm Pekmezi 620 G,migros
migros-07080193,0.0,,448.39,Antalya Reçelcisi Dut Pekmezi 620 G,migros
migros-07080194,0.0,,680.0,Antalya Reçelcisi Tahin 500 G,migros
migros-07080199,0.0,,781.09,Koska Fındık Püreli Tahin Pekmez Karışımı 320 G,migros
migros-07080205,0.0,,1163.17,Wefood Organik Tahin 300 G,migros
migros-07080240,0.0,,84.95,Erdem Sepetçioğlu Kastamonu Çik.kap.çekme Hel.160g,migros
migros-07080241,0.0,,1093.44,Erdem Sepetçioğlu Antep Fıstıklı Çikolata Kaplı Çekme Helva 160 G,migros
migros-07080242,0.0,,541.25,Erdem Sepetçioğlu Kastamonu Tereyağlı Çekme Helva 120G,migros
migros-07080243,0.0,,562.5,Erdem Sepetçioğlu Kastamonu Antep Fıstıklı Çekme Helva 120 G,migros
migros-07080316,0.0,,293.9,Torku Kakaolu Tahin Helvası 500 G,migros
migros-07080252,0.0,,499.82,Erdem Sepetçioğlu Kakaolu Fındıklı Çekme Helvası 280 G,migros
migros-07080253,0.0,,699.83,Pol’s Gurme Serisi Yerli Susam  Ermenek Helvası 300 g,migros
migros-07080256,0.0,,773.0,Pol’s Gurme Serisi Yerli Susam Çifte Kavrulmuş Tahin 500 g,migros
migros-07080258,0.0,,773.0,Pol’s Gurme Serisi Yerli Susam Tahin 500 G,migros
migros-07080081,0.0,,314.95,Koska Kakaolu Blok Helva Kg,migros
migros-07080262,0.0,,243.8,Şanver Kakaolu Tahin Helva 500 G,migros
migros-07080263,0.0,,501.8,Şanver Antep Fıstıklı Tahin Helva 500 G,migros
migros-07080264,0.0,,277.56,Şanver Tahin Kürek Helva 450 G,migros
migros-07080266,0.0,,277.56,Şanver Kakaolu Kürek Helva 450 G,migros
migros-07080267,0.0,,642.25,Şanver Antep Fıstıklı Kürek Helva 400 G,migros
migros-07080268,0.0,,219.8,Şanver Cevizli Kakaolu Yazlık Helva 500 G,migros
migros-07080315,0.0,,643.0,Torku Antep Fıstıklı Tahin Helvası 500 G,migros
migros-07080249,0.0,,374.58,Erdem Sepetçioğlu Kastamonu Sade Çekme Helva 120 G,migros
migros-07051108,0.0,,1267.25,St. Dalfour Böğürtlen Reçeli 284 G,migros
migros-07050430,0.0,,556.7,Gümöz Mandalina Tatlısı 440 G,migros
migros-07051120,0.0,,1013.51,Bonne Maman Kayısı Reçeli 370 G,migros
migros-07051126,0.0,,1013.51,Bonne Maman Çilek Reçeli 370 G,migros
migros-07051128,0.0,,1216.22,Bonne Maman Ekstra Orman Meyveli 370 G,migros
migros-07051130,0.0,,1216.22,Bonne Maman Ekstra Yaban Mersini Reçeli 370 G,migros
migros-07051131,0.0,,947.37,Bonne Maman Süt İçeren Sürülebilir Karamel 380 G,migros
migros-07052100,0.0,,262.89,Tatlan Çilek Reçeli 380 G Cam,migros
migros-07052101,0.0,,262.89,Tatlan Gül Reçeli 380 G Cam,migros
migros-07052102,0.0,,262.89,Tatlan Portakal Kabuğu Reçeli 380 G Cam,migros
migros-07052103,0.0,,262.89,Tatlan Ayva Reçeli 380 G Cam,migros
migros-07078012,0.0,,2444.44,Tulliana Premium Polifloralı Süzme Çiçek Balı 450 G,migros
migros-07056028,0.0,,294.94,Yenigün Harnup Pekmezi 800 G,migros
migros-07056051,0.0,,1555.0,Yenigün Organik Vişne Reçeli 290 G,migros
migros-07056056,0.0,,437.38,Yenigün Kuşburnu Marmelatı 400 G,migros
migros-07056061,0.0,,946.55,Yenigün Şeker İlavesiz Çilek Reçeli 290 G,migros
migros-07056062,0.0,,1203.28,Yenigün Şeker İlavesiz Vişne Reçeli 290 G,migros
migros-07050549,0.0,,701.58,Migros Ekstra Geleneksel Mango Reçeli 285 G,migros
migros-07056064,0.0,,946.55,Yenigün Şeker İlavesiz Şeftali Reçeli 290 G,migros
migros-07056066,0.0,,946.55,Yenigün Şeker İlavesiz İncir Reçeli 290 G,migros
migros-07058251,0.0,,462.44,Anadolu Lezzetleri Hatay Kıtır Kabak Tatlısı 800 G,migros
migros-07058252,0.0,,610.0,Anadolu Lezzetleri Hatay Kebbet Reçeli 450 G,migros
migros-07061602,0.0,,1181.36,Tilda Zencefilli Limon Marmelatı 220 G,migros
migros-07061604,0.0,,701.58,Migros Ekstra Geleneksel Mango Marmelatı 285 G,migros
migros-07052104,0.0,,262.89,Tatlan İncir Reçeli 380 G Cam,migros
migros-07050522,0.0,,481.11,Ganik Fındıklı Süt Reçeli 270 G,migros
migros-07050534,0.0,,929.65,Pol's Gurme Şeker İlavesiz Vişne Reçeli 285 G,migros
migros-07050535,0.0,,929.65,Pol's Gurme Şeker İlavesiz Böğürtlen Reçeli 285 G,migros
migros-07050536,0.0,,806.84,Pol's Gurme Şeker İlavesiz Çilek Reçeli 285 G,migros
migros-07050539,0.0,,649.88,Yenigün Yeşil İncir Reçeli Gold Seri 400 G,migros
migros-07050540,0.0,,946.25,Yenigün Vişne Reçeli Gold Seri 400 G,migros
migros-07050541,0.0,,649.88,Yenigün Antalya Turunç Kabuğu Reçel Gold Seri 400 G,migros
migros-07050542,0.0,,649.88,Yenigün Çilek Reçeli Gold Seri 400 G,migros
migros-07050543,0.0,,762.38,Yenigün Ahududu Reçeli Gold Seri 400 G,migros
migros-07050545,0.0,,299.63,Migros Süt Reçeli 270 G,migros
migros-07050548,0.0,,1114.88,Yenigün Ceviz Tatlısı Gold Seri 400 G,migros
migros-07050301,0.0,,447.24,Tat Geleneksel Vişne Reçeli 380 G,migros
migros-07051103,0.0,,1372.89,St. Dalfour Yaban Mersini Sürülebilir Meyve Reçeli 284 G,migros
migros-07050569,0.0,,807.25,Yenigün Cevizli İncir Tatlısı Gold Seri 400 G,migros
migros-07050607,0.0,,659.47,Pol's Gurme Serisi Çıtır Balkabağı 285 G,migros
migros-07050613,0.0,,929.65,Pol's Gurme Chia Tohumlu Ahududu Reçeli 285 G,migros
migros-07050732,0.0,,190.79,Seğmen Ekstra Geleneksel Kayısı Reçeli 380 G,migros
migros-07050733,0.0,,190.79,Seğmen Ekstra Geleneksel Gül Reçeli 380 G,migros
migros-07050745,0.0,,284.21,Seğmen Ekstra Geleneksel Kuru İncir Reçeli 380 G,migros
migros-07050746,0.0,,190.79,Seğmen Ekstra Geleneksel Portakal Reçeli 380 G,migros
migros-07050747,0.0,,236.71,Seğmen Ekstra Geleneksel Çilek Reçeli 380 G,migros
migros-07051078,0.0,,698.28,Tamek Stevialı Şeker İlavesiz Vişne Reçeli 290 G,migros
migros-07051079,0.0,,430.86,Tamek Stevialı Şeker İlavesiz Çilek Reçeli 290 G,migros
migros-07051101,0.0,,1267.25,St. Dalfour Kayısı Reçeli 284 G,migros
migros-07051102,0.0,,1267.25,St. Dalfour Frambuaz Reçeli 284 G,migros
migros-07050568,0.0,,649.88,Yenigün Antalya Bergamot Kabuğu Reçeli Gold Seri 400 G,migros
migros-07070160,0.0,,982.29,Balparmak Çam Balı 850 G,migros
migros-07070225,0.0,,788.89,Anavarza Süzme Çiçek Balı 450 G,migros
migros-07070235,0.0,,776.41,Anavarza Süzme Çiçek Balı 850 G,migros
migros-07070955,0.0,,442.39,Migros Çiçek Balı 460 G,migros
migros-07070960,0.0,,423.47,Migros Çiçek Balı 850 G,migros
migros-07077954,0.0,,1156.0,Balparmak Arı Serisi Çıtkapak Çiçek Balı 250 G,migros
migros-07077958,0.0,,546.56,Datçam Petek Çam Balı 320 G,migros
migros-07077961,0.0,,931.36,Datçam Kakaolu Fındık Kreması 220 G,migros
migros-07077963,0.0,,679.26,Origin Ayıcık Süzme Çam Balı Oyuncak Hediye 340 G,migros
migros-07077964,0.0,,952.14,Datçam Kekik Balı 420 G,migros
migros-07077965,0.0,,999.67,Datçam İri Badem Ezmesi 300 G,migros
migros-07077966,0.0,,1133.0,Datçam %100 İri Badem Ezmesi 300 G,migros
migros-07061608,0.0,,739.6,Tilda %80 Meyve Mandalina Marmelatı 250 G,migros
migros-07077989,0.0,,3672.45,Balparmak Apitera Propolis 7 x 7 G,migros
migros-07069981,0.0,,1267.86,Lutfiye Organik Çilek Reçeli 280 G,migros
migros-07077991,0.0,,862.5,Migros Ekstra Yayla Ham Çiçek Balı 400 G,migros
migros-07077992,0.0,,4118.0,Beeo Arı Sütü Shot 25 Ml,migros
migros-07077993,0.0,,1939.0,Beeo Kara Mürver Keçiboynuzu Shot Çocuk 50 Ml,migros
migros-07077994,0.0,,1939.0,Beeo Kudret Narı Kırmızı Ginseng Propolis Shot 50 Ml,migros
migros-07077995,0.0,,3672.45,Balparmak Apitera Zen 7 x 7 G,migros
migros-07078000,0.0,,690.24,Datçam Çiçek Balı 420 G,migros
migros-07078001,0.0,,690.24,Datçam Çam Balı 420 G,migros
migros-07078002,0.0,,564.59,Datçam Çiçek Balı 850 G,migros
migros-07078003,0.0,,564.59,Datçam Çam Balı 850 G,migros
migros-07078005,0.0,,2100.0,Tulliana Organik Bitlis Karakovan Balı Kg,migros
migros-07077981,0.0,,896.55,Origin Cam Ayıcık Yayla Süzme Çiçek Balı 725 G,migros
migros-07061609,0.0,,1135.91,Tilda %80 Meyve Geleneksel Şeftali Marmelatı 220 G,migros
migros-07061610,0.0,,1135.91,Tilda %80 Meyve Geleneksel Erik Marmelatı 220 G,migros
migros-07061611,0.0,,1340.45,Tilda %80 Meyve Geleneksel Çilek Marmelatı 220 G,migros
migros-07061615,0.0,,879.6,Tilda %80 Meyve Şeftali Reçeli 250 G,migros
migros-07069972,0.0,,1216.22,Bonne Maman Kestane Ezmesi 370 G,migros
migros-07069973,0.0,,1013.51,Bonne Maman İncir Reçeli 370G,migros
migros-07069974,0.0,,1013.51,Bonne Maman Dört Meyveli Reçel 370gr,migros
migros-07069980,0.0,,1714.29,Lütfiye Organik Vişne Reçeli 280 G,migros
migros-07051112,0.0,,1267.25,St. Dalfour Nar Ve Frambuaz Reçeli 284 G,migros
migros-07069989,0.0,,333.06,Uzungil Karışık Meyve Aromalı Mini Akide Şekeri 180 G,migros
migros-07069990,0.0,,333.06,Uzungil Nane Aromalı Akide Şekeri 180 G,migros
migros-07070026,0.0,,459.07,Migros Süzme Çiçek Balı 270 G,migros
migros-07070159,0.0,,1160.76,Balparmak Süzme Çam Balı 460 G,migros
migros-07070047,0.0,,1869.46,Kaldera Organik Bal 460 G,migros
migros-07070048,0.0,,858.76,Kaldera Bitlis Yüksek Yayla Çiçek Balı 850 G,migros
migros-07070064,0.0,,645.0,Kooperatif Balı Çiçek Balı Özel Seri 850 G,migros
migros-07070068,0.0,,720.0,Balparmak Yayla ve Ova Süzme Çiçek Balı 2 Kg,migros
migros-07070077,0.0,,1174.5,Datçam Ballı Badem Ezmesi 200 G,migros
migros-07070078,0.0,,1159.6,Datçam Ballı Badem 250 G,migros
migros-07070090,0.0,,594.06,Tkv Süzme Çiçek Balı 850 G,migros
migros-07070091,0.0,,679.35,Tkv Süzme Çiçek Balı 460 G,migros
migros-07070144,0.0,,1235.33,Balparmak Yayla Çiçek Balı 225 G,migros
migros-07070145,0.0,,1160.76,Balparmak Yayla Çiçek Balı 460 G,migros
migros-07070150,0.0,,982.29,Balparmak Yayla Çiçek Balı 850 G,migros
migros-07056063,0.0,,1118.97,Yenigün Şeker İlavesiz Dört Meyve Reçeli 290 G,migros
migros-07070029,0.0,,679.26,Origin Ayıcık Süzme Çiçek Balı 340 G,migros
migros-31115845,0.0,,149.95,Sleepy Natural Ultra Hassas Hijyenik Ped Normal 24'lü,migros
migros-31115856,0.0,,159.95,Molped Pure & Soft Normal Süper Ekonomik 24'lü,migros
migros-31115857,0.0,,159.95,Molped Pure&Soft Uzun Süper Ekonomik 18'li,migros
migros-31115858,0.0,,159.95,Molped Pure&Soft Gece Süper Ekonomik 16'lı,migros
migros-31115859,0.0,,299.95,Molped P&s Normal Mega Hijyenik Ped 46'lı,migros
migros-31115860,0.0,,299.95,Molped P&s Uzun Mega Hijyenik Ped 36'lı,migros
migros-31115861,0.0,,299.95,Molped P&s Gece Mega Hijyenik Ped 30'lu,migros
migros-31113715,0.0,,114.95,Prosafe Günlük Ped Uzun 22'li,migros
migros-31200073,0.0,,189.95,Koroplast Limon 3 Katlı  Büzgülü Orta Boy Çöp Torbası 15'li,migros
migros-31200074,0.0,,189.95,Koroplast Limon 3 Katlı  Büzgülü Büyük Boy Çöp Torbası 10'lu,migros
migros-31200075,0.0,,169.95,Koroplast Büzgülü Çöp Torbası Yasemin Kokulu Orta Boy 15'li,migros
migros-11552001,0.0,,362.5,Tikveşli %18 Yağlı Krema 200 Ml,migros
migros-31200078,0.0,,99.95,Koroplast Küçük Boy Çöp Torbası 30'lu,migros
migros-31200114,0.0,,159.95,Cook Büzgülü Çöp Torbası Büyük Limon Kokulu 10 Adet,migros
migros-31200122,0.0,,159.95,Cook Büzgülü Çöp Torbası Orta Boy Limon Kokulu 15'li,migros
migros-31200132,0.0,,99.95,Koroplast Orta Boy Çöp Torbası 15'li,migros
migros-31200176,0.0,,56.95,Migros Ekonomik Küçük Boy Çöp Torbası 40 Adet,migros
migros-31200177,0.0,,63.95,Migros Ekonomik Orta Boy Çöp Torbası 30'lu,migros
migros-31200228,0.0,,224.95,Macromax Büzgülü Orta Boy Çöp Torbası Vanilya 30'lu,migros
migros-31200276,0.0,,134.95,Koroplast Mandarin Çöp Torbası Küçük Boy 30'lu,migros
migros-31200277,0.0,,134.95,Koroplast Mandarin Çöp Torbası Orta Boy 15'li,migros
migros-31200278,0.0,,134.95,Koroplast Mandarin Çöp Torbası Büyük Boy 10'lu,migros
migros-31200370,0.0,,224.95,Macromax Büzgülü Büyük Çöp Torbası Vanilyalı 20'li,migros
migros-31115658,0.0,,99.95,Orkid Platinum Uzun Tekli 7'li,migros
migros-31200076,0.0,,169.95,Koroplast Büzgülü Çöp Torbası Yasemin Kokulu Büyük Boy 10’lu,migros
migros-31113713,0.0,,139.95,Prosafe Gece Külodu 2'li,migros
migros-31112503,0.0,,194.95,"O.B. ProComfort Tampon Süper, 16'lı",migros
migros-31113716,0.0,,299.95,Kotex Bio-Care Quadro Gece 14'lü,migros
migros-31113717,0.0,,99.95,Kotex Bio-Care İnce Günlük Ped 28'li,migros
migros-31113718,0.0,,137.95,Orkid Ultra Ekstra Eko Paket Uzun Ekstra 12'li,migros
migros-31113720,0.0,,174.95,Orkid Ultra Ekstra Uzun 18'li,migros
migros-31113721,0.0,,174.95,Orkid Ultra Uzun Ekstra 16'lı,migros
migros-31113722,0.0,,174.95,Orkid Ultra Gece Ekstra Plus 14'lü,migros
migros-31113723,0.0,,174.95,Orkid Ultra Ekstra Normal 24'lü,migros
migros-31113724,0.0,,139.95,Molped Hijyen Max Süper Ekonomik Uzun Hijyenik Ped 16'lı,migros
migros-31113725,0.0,,139.95,Molped Hijyen Max Süper Ekonomik Gece Hijyenik Ped 14'lü,migros
migros-31113726,0.0,,58.95,Migros Ultra Hijyenik Ped Gece Extra 12'li,migros
migros-31115840,0.0,,279.95,Kotex Natural Ultra Süper Eko Gece 14'lü,migros
migros-31115625,0.0,,199.95,Kotex Tampon Mini 16 Ped,migros
migros-31115627,0.0,,199.95,Kotex Tampon Super 16 Ped,migros
migros-31115639,0.0,,324.95,Orkid Günlük Koruma Süper Ekonomik Normal 80'li,migros
migros-31115657,0.0,,99.95,Orkid Platinum Normal Tekli 8'li,migros
migros-31113680,0.0,,89.95,Kotex Young Günlük Ped 30'lu,migros
migros-31115725,0.0,,439.95,Orkid Pamuksu Yaprak Deofresh Süper Ekonomik 80'li,migros
migros-31115768,0.0,,109.95,Orkid To Go Günlük Çanta Paketi 20'li,migros
migros-31115816,0.0,,174.95,Kotex Regl Gece Külodu 2'li,migros
migros-31115825,0.0,,99.95,Kotex Natural İnce Günlük Ped 32'li,migros
migros-31115830,0.0,,214.95,Kotex Natural Normal Günlük Ped 28'li,migros
migros-31115831,0.0,,214.95,Molped Süper Night Süper Ekonomik Uzun 18'li,migros
migros-31115832,0.0,,214.95,Molped Süper Night Süper Ekonomik Gece 16'lı,migros
migros-31113727,0.0,,139.95,Molped Hijyen Max Süper Ekonomik Normal Hijyenik Ped 20'li,migros
migros-31310163,0.0,,129.9,Porçöz Cam Temizleyici Sprey 500 Ml,migros
migros-31310164,0.0,,249.88,Porçöz Buharlı Ütü Temizleyici 400 Ml,migros
migros-31310171,0.0,,253.27,Domestos Tuvalet Temizleyici Çamaşır Suyu 750 ML,migros
migros-31310179,0.0,,133.27,Porçöz Hijyenik Tuvalet Temizleyici Okyanus Esintisi 750 Ml,migros
migros-31200435,0.0,,99.95,Koroplast Renkli Çöp Torbası Orta Boy 10'lu,migros
migros-31310201,0.0,,233.3,Domestos Sıvı Tuvalet Temizleyici 2 X 750 Ml,migros
migros-31310202,0.0,,999.75,Domestos Wc Blok 2'li Okyanus Ferahlığı 2 x 100 G,migros
migros-31310203,0.0,,119.95,Porçöz Cam Temizleyici Sprey 2 X 500 Ml,migros
migros-31310207,0.0,,894.75,Bref Reverzuar Küpleri Okyanus 2 x 100 G,migros
migros-31310208,0.0,,1194.75,Bref Power Aktif Wc Blok Çam Pro Paketi 2 x 100 G,migros
migros-31310209,0.0,,1194.75,Bref Aktif Power Wc Blok  Okyanus Promosyon Paket 2 x 100 G,migros
migros-31203720,0.0,,159.95,Cook  Çöp Torbası Orta Boy 30'lu,migros
migros-31310226,0.0,,331.9,Newo Cam Temizleyici Köpük 500 Ml,migros
migros-31310231,0.0,,1099.5,Domestos Wc Blok Manolya Ferahlığı 2 x 50 G,migros
migros-31310234,0.0,,999.75,Domestos Wc Blok 2'li Çam Ferahlığı 2x100 G,migros
migros-31310235,0.0,,999.75,Domestos Wc Blok 2'li Manolya 2x100 G,migros
migros-31310236,0.0,,1199.5,Domestos Wc Blok Lux Yıldız Çiçeği & Ejder Meyvesi 2 x 50 G,migros
migros-31310237,0.0,,1199.5,Domestos Wc Blok Lux Hibiskus & Kırmızı Meyveler 2 x 50 G,migros
migros-31310238,0.0,,166.6,Newo Sıvı Tuvalet Temizleyici Çam Kokulu 750 Ml,migros
migros-31310240,0.0,,1099.5,Domestos WC Blok Yoğun Parfümlü Limon Bahçesi 2x50 G,migros
migros-31205431,0.0,,139.95,Parex Büzgülü Çöp Torbası Vanilya Orta Boy 15'li,migros
migros-31310257,0.0,,119.9,Camsil Matik 500 Ml,migros
migros-31310270,0.0,,1099.5,Bref Power Aktiv Wc Blok Lavanta 2 x 50 G,migros
migros-31310272,0.0,,1099.5,Domestos Wc Blok Lotus 2 x 50 G,migros
migros-31310225,0.0,,331.9,Newo Tuvalet Temizleyici Köpük Limon 500 Ml,migros
migros-31203727,0.0,,199.95,Cook Ekonomik Büyük Boy Büzgülü Çöp Torbası Çam Kokulu 20'li,migros
migros-31203740,0.0,,129.95,Cook Ekonomik Büyük Çöp Torbası 20'li,migros
migros-31203749,0.0,,199.95,Roll-Up Battal Boy Çöp Torbası 72 x 95 Cm 10'lu,migros
migros-31203778,0.0,,79.95,Roll-Up Çöp Torbası Küçük 30'lu,migros
migros-31203779,0.0,,79.95,Roll-Up Çöp Torbası Orta 15'li,migros
migros-31203783,0.0,,79.95,Roll-Up Çöp Torbası Büyük Boy 10'lu,migros
migros-31203789,0.0,,199.95,Cook Eko Büzgülü Çöp Torbası Çam Kokusu Orta 30'lu,migros
migros-31203810,0.0,,129.95,Cook Ekonomik Küçük Çöp Torbası Şeffaf 60'lı,migros
migros-31203811,0.0,,129.95,Cook Ekonomik Orta Çöp Torbası 30'lu,migros
migros-31203820,0.0,,209.95,Koroplast Çöp Torbası Jumbo Boy 7'li,migros
migros-31205348,0.0,,79.95,Migros Ekonomik Çöp Torbası Büyük Boy 20 Adet,migros
migros-31205351,0.0,,99.95,Migros Çöp Torbası Büzgülü Büyük Boy Limon Kokulu 15'li,migros
migros-31310158,0.0,,799.8,Domestos Wc Blok Çam Ferahlığı 5 x 50 G,migros
migros-31205430,0.0,,84.95,Parex Güçlü Çöp Torbası Küçük Boy 30'lu,migros
migros-31200035,0.0,,84.95,Parex Çöp Torbası Büyük Boy 10 Adet,migros
migros-31310016,0.0,,51.33,Migros Cam Temizleyici 750 Ml,migros
migros-31310035,0.0,,651.04,Migros Çam Kokulu Wc  Blok 2 x 48 G,migros
migros-31310036,0.0,,651.04,Migros Okyanus Kokulu Wc Blok 2 x 48 G,migros
migros-31310064,0.0,,1294.69,Mr. Muscle Klozet Blok Çam 2'li 77.2 G,migros
migros-31310065,0.0,,1294.69,Mr. Muscle Klozet Blok Marine 2'li  77.2 G,migros
migros-31310073,0.0,,1399.5,Bref Deluxe Yasemin 2'li Paket 2 x 50 G,migros
migros-31310074,0.0,,1399.5,Bref Deluxe Manolya 2'li Paket 2 x 50 G,migros
migros-31310082,0.0,,142.79,Bref WC Tuvalet Temizleyici Jel 700ml Çiçek Ferahlığı,migros
migros-31310103,0.0,,1666.07,Bref Brilliant Gel Artctic Ocean Klozet Bloğu 2 x 42 G,migros
migros-31310104,0.0,,1666.07,Bref Brilliant Gel Spring Rain Klozet Bloğu 2 x 42 G,migros
migros-31205419,0.0,,74.95,Macromax Extra Güçlü Çöp Torbası Küçük Boy 30'lu,migros
migros-31110134,0.0,,249.95,OB Organic Super Tampon 16'lı,migros
migros-31110136,0.0,,269.95,Kotex Extra Uzun Gece 9'lu,migros
migros-31110143,0.0,,279.95,Ob Original Super Tampon 32'li,migros
migros-31110144,0.0,,119.0,Ob Original Normal Tampon 32'li,migros
migros-31110145,0.0,,280.95,Carefree Normal Cotton Parfümsüz Günlük Ped 100'lü,migros
migros-31110147,0.0,,175.95,Carefree Organıc Cotton Günlük Ped 30'lu,migros
migros-31110148,0.0,,175.95,Carefree Organıc Uzun Günlük Ped 24'lü,migros
migros-31110150,0.0,,29.95,Migros Günlük Ped Normal 20'li,migros
migros-31110152,0.0,,224.95,Orkid Günlük Ped Extra Uzun 40'lı,migros
migros-31110172,0.0,,137.95,Orkid Ultra Ekstra Ekonomik Paket Normal Ped 16'lı,migros
migros-31110189,0.0,,99.95,Orkid Platinum Tekli Paket Gece Ekstra 5'li,migros
migros-31113712,0.0,,114.95,Prosafe Günlük Ped Extra Uzun 20'li,migros
migros-31110194,0.0,,59.95,Kotex Natural Ultra Single Uzun Ped 6'lı,migros
migros-31110195,0.0,,289.95,Kotex Ultra Dev Eko Gece Ped 16+6,migros
migros-31049162,0.0,,49.95,Selpak Extra Desenli Peçete 20'li,migros
migros-31110224,0.0,,49.95,Orkid Ultra Extra Normal Tekli 8'li,migros
migros-31110228,0.0,,194.95,Orkid Günlük Ped Extra Koruma Uzun 40'lı,migros
migros-31110229,0.0,,134.95,Orkid Günlük Ped Extra Koruma Uzun 20'li,migros
migros-31110248,0.0,,58.95,Migros Ultra Hijyenik Ped Normal 20 Adet,migros
migros-31110257,0.0,,58.95,Migros Ultra Hijyenik Ped Gece 14 Adet,migros
migros-31110259,0.0,,269.95,Kotex Young Ultra Süper Ekonomik Paket Gece 16'lı,migros
migros-31110262,0.0,,114.95,Kotex Young Ultra Gündüz Pedi 7'li,migros
migros-31110263,0.0,,114.95,Kotex Young Ultra Gece Pedi 6'lı,migros
migros-31110264,0.0,,269.95,Kotex Young Ultra Süper Ekonomik Paket Gündüz 22'li,migros
migros-31110193,0.0,,59.95,Kotex Natural Ultra Single Normal Ped 7'li,migros
migros-31040208,0.0,,149.95,Solo Peçete 200 Yaprak,migros
migros-31041704,0.0,,49.95,Papia Decor  Desenli Peçete 20'li,migros
migros-31048130,0.0,,79.95,Solo Çek Al 3 Katlı Mendil 150'li,migros
migros-31048152,0.0,,39.95,Selpak Go Çek Al Havlu 50'li,migros
migros-31049032,0.0,,66.95,Servis Peçete Beyaz 200'lü,migros
migros-31049098,0.0,,129.95,Maylo Peçete 200'lü,migros
migros-31049124,0.0,,148.0,Duni Runner 40X480 Cm,migros
migros-31049135,0.0,,99.95,Selpak Trend Peçete 20'li,migros
migros-31031766,0.0,,89.95,Selpak Klasik Islak Cep Mendili 3 x 15'li,migros
migros-31064522,0.0,,149.95,Ece Çöp Torbası Orta 55 x 60 Cm 40'lı,migros
migros-31064530,0.0,,169.95,Koroplast Orkide Kokulu Büzgülü Orta Çöp Torbası 15'li,migros
migros-31064531,0.0,,189.95,Parex Büzgülü Çöp Torbası Çilek & Limon Kokulu Orta 2 x 10'lu,migros
migros-31110124,0.0,,249.95,Ob Organıc Normal Tampon 16'lı,migros
migros-31064540,0.0,,189.95,Koroplast Lotus 3 Katlı Büzgülü Büyük Çöp Torbası 10'lu,migros
migros-31064541,0.0,,169.95,Koroplast Orkide Kokulu Büzgülü Büyük Boy Çöp Torbası 10'lu,migros
migros-31064543,0.0,,189.95,Koroplast Lotus Katlı Büzgülü Orta Çöp Torbası 15'li,migros
migros-31100927,0.0,,109.95,Uni Baby Vücut Temizleme Havlusu XXL 50'li,migros
migros-31110054,0.0,,124.95,Kotex Active Tekli Normal 8'li,migros
migros-31110055,0.0,,94.95,Kotex Active Tekli Uzun 7'li,migros
migros-31110059,0.0,,104.95,Kotex Active Ultra İnce Günlük Ped 32'Li,migros
migros-31110065,0.0,,39.95,Molped Pure&Soft Günlük Ped 16'lı,migros
migros-31110066,0.0,,84.95,Molped Pure&Soft Günlük Ped 32'li,migros
migros-31110067,0.0,,84.95,Molped Pure&Soft Günlük Ped 30'lu (Tekli Paketli),migros
migros-31110071,0.0,,30.95,Molped Her Gün Ferahlık Günlük Ped 20'li,migros
migros-31040023,0.0,,89.95,Sofia Kumaş Dokulu Peçete Beyaz 25'li,migros
migros-31064534,0.0,,224.95,Koroplast Battal Boy Çöp Torbası 7'li,migros
migros-31113666,0.0,,174.95,Orkid Ekstra Hassas Uzun Ekstra 16'lı,migros
migros-31113667,0.0,,199.95,Orkid Platinum Gece Ekstra 16'lı,migros
migros-31113668,0.0,,174.95,Orkid Ultra Gece Ekstra 16'lı,migros
migros-31113669,0.0,,174.95,Orkid Ultra Ekstra Gece Ekstra Max 8'li,migros
migros-31113670,0.0,,199.95,Orkid Platinum Uzun 18'li,migros
migros-31113671,0.0,,199.95,Orkid Platinum Uzun Ekstra 16'lı,migros
migros-31113672,0.0,,199.95,Sleepy Bio Natural Premium Plus+ Uzun 36'lı,migros
migros-31113673,0.0,,199.95,Sleepy Bio Natural Premium Plus+ Gece 30'lu,migros
migros-31113674,0.0,,199.95,Sleepy Bio Ultra Gece Ped 18'li  + Günlük Ped 32'li,migros
migros-31113675,0.0,,199.95,Sleepy Bio Ultra Uzun Ped 20'li + Günlük Ped 32'li,migros
migros-31113677,0.0,,174.95,Orkid Ekstra Hassas Normal 24'lü,migros
migros-31110785,0.0,,279.95,Kotex Natural Ultra Süper Ekonomik Paket Uzun 16'lı,migros
migros-31110755,0.0,,114.95,Kotex Hijyenik Ped Normal 8'li,migros
migros-31113683,0.0,,69.95,Kotex Young Günlük Ped 16'lı,migros
migros-31113684,0.0,,149.95,Sleepy Bio Süper Eco Gece Hijyenik Ped 16'lı,migros
migros-31113685,0.0,,199.95,Sleepy Bio Natural Mega Normal Hijyenik Ped 46'lı,migros
migros-31113687,0.0,,149.95,Sleepy Bio Süper Eco Uzun Hijyenik Ped 18'li,migros
migros-31113688,0.0,,49.95,Orkid Ultra Extra Uzun Gece 6'lı,migros
migros-31113690,0.0,,289.95,Kotex Ultra Dev Eko Normal 30'lu,migros
migros-31113691,0.0,,289.95,Kotex Ultra Dev Eko Uzun 26'lı,migros
migros-31113692,0.0,,99.95,Sleepy Bio Premium Eco Hijyenik Ped Normal 14'lü,migros
migros-31113693,0.0,,99.95,Sleepy Bio Premium Eco Hijyenik Ped Uzun 12'li,migros
migros-31113694,0.0,,99.95,Orkid Platinum Tekli Paket Uzun Ekstra 6'lı,migros
migros-31113706,0.0,,249.95,Kotex Extra Protect Ultra Quadro Gece 14'lü,migros
migros-31113710,0.0,,159.95,Kotex Young Single Gece + Young Günlük Ped 6'lı 16'lı,migros
migros-31113682,0.0,,99.95,Sleepy Bio Premium Eco Hijyenik Ped Gece 10'lu,migros
migros-31110756,0.0,,114.95,Kotex Ultra Hijyenik Ped Uzun 7 Ped,migros
migros-31110757,0.0,,114.95,Kotex Ultra Hijyenik Ped Gece 6'lı,migros
migros-31110782,0.0,,259.95,Kotex Ultra Süper Ekonomik Paket Uzun 18'li,migros
migros-31110783,0.0,,259.95,Kotex Ultra Süper Ekonomik Paket Gece 16'lı,migros
migros-31110784,0.0,,259.95,Kotex Ultra Süper Ekonomik Paket Normal 24'lü,migros
migros-31110097,0.0,,49.95,Orkid Ultra Extra Tekli Gece Extra Plus 5'li,migros
migros-31110787,0.0,,279.95,Kotex Ultra  Active Süper Ekonomik Paket Uzun 16'lı,migros
migros-31110788,0.0,,279.95,Kotex Ultra Active Süper Ekonomik Paket Normal 22'li,migros
migros-31112019,0.0,,199.95,Orkid Günlük Koruma Çanta Paket Süper Ekonomik Normal 48'li,migros
migros-31112020,0.0,,169.95,Orkid Günlük Koruma Ekonomik Normal 40'lı,migros
migros-31112026,0.0,,134.95,Orkid Pamuksu Yaprak Çanta Paket 28'li,migros
migros-31112050,0.0,,124.95,Carefree Mini Günlük Ped Large 20 Ped,migros
migros-31113665,0.0,,199.95,Orkid Platinum Normal 24'lü,migros
migros-31112300,0.0,,139.95,Molped Yoğun Koruma Ekonomik 40'lı,migros
migros-31112400,0.0,,104.95,Kotex İnce Günlük Ped Parfümsüz 34'lü,migros
migros-31112402,0.0,,149.95,Kotex Günlük Ped Uzun Tekli Paket 16 Ped,migros
migros-31112405,0.0,,214.95,Kotex Günlük Ped Normal 34'lü,migros
migros-31112406,0.0,,214.95,Kotex Günlük Ped Uzun Ekonomik Paket 28 Ped,migros
migros-31112407,0.0,,99.95,Kotex İnce Günlük Ped Parfumlu 34'lü,migros
migros-31112409,0.0,,299.95,Kotex Günlük Ped Normal 56'lı,migros
migros-31112502,0.0,,194.95,O.b. Tampon Normal 16'lı,migros
migros-31110202,0.0,,49.95,Orkid Ultra Extra Tekli Uzun 7'li,migros
migros-31112553,0.0,,199.95,Tampax Compak Regular Aplikatörlü Tampon 22'li,migros
migros-31112554,0.0,,199.95,Tampax Compak Super Tampon Aplikatörlü 20'li,migros
migros-31113664,0.0,,199.95,Orkid Platinum Gece Ekstra Plus 14'lü,migros
migros-31112051,0.0,,90.95,"CAREFREE, Günlük Ped, Cotton, Parfümsüz, 20'li",migros
migros-34015543,0.0,,2332.67,Colgate Max White Kalıcı Beyazlık Diş Macunu 75 Ml,migros
migros-34015552,0.0,,3506.0,Parodontax Beyazlatıcı Diş Macunu75 Ml,migros
migros-34015632,0.0,,2666.0,Signal White Now Diş Macunu Lekesiz Beyazlık 75 Ml,migros
migros-34015858,0.0,,2999.5,Bıomed Gum Health Diş Macunu 100 G,migros
migros-34016777,0.0,,3999.33,Oral-B Advanced Diş Minesi Güçlendirme Diş Macunu 75 Ml,migros
migros-34017490,0.0,,2999.5,Biomed Citrus Fresh 100 G,migros
migros-34018763,0.0,,2066.0,Sıgnal Whıte System Güçlü Diş Minesi Diş Macunu 75Ml,migros
migros-34018764,0.0,,2066.0,Sıgnal Whıte System Arındırıcı Beyazlık Diş Macunu 75Ml,migros
migros-34018889,0.0,,3159.33,Parodontax Florürlü Diş Macunu 75 Ml,migros
migros-34018989,0.0,,2399.33,Himalaya Sparkly Whıte Bitkisel Diş Macunu 75 Ml,migros
migros-34013762,0.0,,1999.0,Oral-B Pro 3DW Luxe Perfection Diş Macunu 50 ml,migros
migros-31310273,0.0,,1099.5,Domestos WC Blok Yoğun Parfümlü Yağmur Ferahlığı 2x50 G,migros
migros-34019804,0.0,,2999.5,Bıomed Sensıtıve Diş Macunu 100 G,migros
migros-34019805,0.0,,2999.5,Bıomed Superwhıte Diş Macunu 100 G,migros
migros-34019806,0.0,,2999.5,Bıomed Charcoal Diş Macunu 100 G,migros
migros-34031241,0.0,,289.95,Colgate Mikro İnce Charcoal Yumuşak Diş Fırçası 1+1,migros
migros-34040023,0.0,,949.95,Oral-B Şarjlı Fırça Yedek Başlığı Cross Action 4Ct-Siyah 4'lü,migros
migros-34040024,0.0,,219.95,Colgate Zig Zag Charcoal Orta Diş Fırçası 1+1,migros
migros-34040103,0.0,,94.95,Sıgnal Beyaz Güç Diş Fırçası,migros
migros-34040134,0.0,,62.95,Banat Galaxy Power Black Diş Fırçası,migros
migros-34040136,0.0,,94.95,Banat Galaxy Color 3Lü Diş Fırçası,migros
migros-34040138,0.0,,119.95,Banat Galaxy Extrasoft 5950 Diş Fırçası (1+1),migros
migros-34040144,0.0,,2499.95,Oral-B Şarjlı Diş Fırçası Vitality Pro Çocuk Frozen,migros
migros-34040145,0.0,,119.95,Sıgnal Orta Performance Diş Fırçası,migros
migros-34019802,0.0,,2999.5,Bıomed Calcımax Diş Macunu 100 G,migros
migros-34013757,0.0,,3399.33,Sensodyne Hassasiyet Çürük Karşıtı Diş Macun 75 Ml,migros
migros-34013758,0.0,,3999.5,Colgate Optic White Radiant Pump Diş Macunu 100 Ml,migros
migros-34013760,0.0,,4666.0,Oral-B Klinik Çürük Kalkanı Diş Macunu 75 Ml,migros
migros-34013761,0.0,,3999.33,Oral-B Advanced Diş Eti Koruyucu Diş Macunu 75 Ml,migros
migros-34013699,0.0,,99.95,Signal Seyahat Seti,migros
migros-34013763,0.0,,3999.33,Oral-B Advanced Hassasiyet Koruması Diş Macunu 75 Ml,migros
migros-34013764,0.0,,3999.33,Oral-B Advanced Sağlıklı Beyazlık Diş Macunu 75 Ml,migros
migros-34013765,0.0,,2932.67,Oral-B Pro-Expert Hassasiyet Diş Macunu 75 Ml,migros
migros-34013768,0.0,,2399.0,Sensodyne Çok Yönlü Koruma Gelişmiş Beyazlık 50 Ml,migros
migros-34013781,0.0,,4306.0,Sensodyne Uzman Beyazlık Derin Temizlik 75 Ml,migros
migros-34013782,0.0,,3999.33,Oral-B Advanced Plak Kontrolü Diş Macunu 75 Ml,migros
migros-34013784,0.0,,4559.33,Sensodyne Onarım & Koruma Naneli 75 Ml,migros
migros-34015446,0.0,,2666.0,Signal White Now Sensitive Diş Macunu 75Ml,migros
migros-34013787,0.0,,4399.33,Sensodyne Hassasiyet & Diş Eti Beyazlatıcı Diş Macunu 75 Ml,migros
migros-34013794,0.0,,599.95,TAKK Tpt. Diş Macunu Tableti Seti Florürsüz,migros
migros-34013797,0.0,,1732.0,Oral-B Sensitive Diş Macunu 75 Ml,migros
migros-34013798,0.0,,4399.33,Sensodyne Hızlı Rahatlama Beyazlatıcı 75 Ml,migros
migros-34013799,0.0,,4759.33,Sensodyne Onarım & Koruma Beyazlatıcı 75 Ml,migros
migros-34013813,0.0,,2599.5,Sensodyne Onarım & Koruma 2 x 50 Ml,migros
migros-34013820,0.0,,4399.0,Sensodyne Sağlıklı Beyazlık Diş Macunu 50 Ml,migros
migros-34013721,0.0,,4666.0,Signal White Now 3In1 White Boost Diş Macunu 75 Ml,migros
migros-34014080,0.0,,4666.0,Colgate Optic White Parıldayan Beyazlık Beyazlatıcı Diş Macunu 75 Ml,migros
migros-34014356,0.0,,1133.0,Colgate Üçlü Etki Diş Macunu 150 Ml,migros
migros-34014785,0.0,,7497.5,Colgate Optic White Anında Beyazlık Diş Macunu 20 Ml,migros
migros-34014848,0.0,,2066.0,Signal White System Diş Macunu 75 Ml,migros
migros-34013785,0.0,,3506.0,Sensodyne Tam Koruma Beyazlatıcı 75 Ml,migros
migros-34046495,0.0,,209.95,Difaş Nano Soft Diş Fırçası,migros
migros-34046496,0.0,,279.95,Oral-B Pro-Sensitive Hassas Temizlik Diş Fırçası Ekstra Yumuşak,migros
migros-34046497,0.0,,279.95,Oral-B Pro-Expert Clinical Derinlemesine Temizlik Diş Fırçası Orta,migros
migros-34046499,0.0,,179.95,Banat Puresoft Pro 6240 Diş Fırçası (Kutulu),migros
migros-34046500,0.0,,324.95,Banat Puresoft Pro 12540 Diş Fırçası - Soft (Kutulu),migros
migros-34046501,0.0,,299.95,Banat Puresoft Pro 12540 Diş Fırçası - Soft,migros
migros-34046502,0.0,,229.95,Oral-B Pro-Expert Advanced Derinlemesine Temizlik Diş Fırçası Orta,migros
migros-34040164,0.0,,219.95,Colgate Extra Clean Colors Diş Fırçası 2+1,migros
migros-34046504,0.0,,349.95,Oral-B Pro-Expert Advenced Derinlemesine Temizlik Diş Fırçası Orta 2'li,migros
migros-34046506,0.0,,279.95,Oral-B Pro-Expert Derinlemesine Temizlik Diş Fırçası Orta 2'li,migros
migros-34046507,0.0,,489.95,Oral-B Pro-3D White Pulsar Beyazlık Diş Fırçası Yumuşak,migros
migros-34046508,0.0,,24996.67,Banat Traveler's Kıt - Kutulu - Macunlu 15 Ml,migros
migros-34040149,0.0,,3129.95,Oral-B Şarjlı Diş Fırçası Pro1 Siyah,migros
migros-34046510,0.0,,144.95,Banat Nature Greentea Diş Fırçası - Orta,migros
migros-34046517,0.0,,1899.95,Oral-B iO Stitch Şarjlı Diş Fırçası Yedek Başlığı 4'lü,migros
migros-34046519,0.0,,279.95,Oral-B Pro-3D White Clinical Beyazlık Diş Fırçası Orta,migros
migros-34046520,0.0,,179.95,Difaş Minnie Mouse Diş Fırçası 15+ Yaş,migros
migros-34046521,0.0,,179.95,Difaş Mickey Mouse Diş Fırçası 15+ Yaş,migros
migros-34046528,0.0,,3899.95,Philips Sonicare 1100 Şarj Edilebilir Diş Fırçası HX3901/03,migros
migros-34046529,0.0,,9999.95,Philips Sonicare Kompakt Ağız Duşu HX3333/24,migros
migros-34046530,0.0,,237.95,Banat Gerçek Taraftar Aile Paket Orta Yumuşak 2+1,migros
migros-34046532,0.0,,109.95,Signal Best Defernder Diş Fırçası,migros
migros-34046540,0.0,,4999.95,Philips Sonicare HX4021/01 Şarjlı Diş Fırçası 2100,migros
migros-34046474,0.0,,229.95,Oral-B Pro-Sensitive Clinical Hassas Temizlik Diş Fırçası,migros
migros-34046542,0.0,,2099.95,Philips Sonicare 2'li Yedek Başlık Siyah HX6062/88,migros
migros-34046509,0.0,,179.95,Signal 4D White Expert Diş Fırçası,migros
migros-34040153,0.0,,3129.95,Oral-B Şarjlı Diş Fırçası Pro1 Pembe,migros
migros-34013831,0.0,,3199.5,Colgate Hassasiyete Çözüm Onarımı Hassas Beyaz 100 Ml,migros
migros-34040185,0.0,,1299.95,Oral-B Yedek Başlık Sensitive 6'lı,migros
migros-34040194,0.0,,206.95,Sensodyne Hassas Temizlik Diş Fırçası 1+1,migros
migros-34040256,0.0,,159.95,Colgate Extra Clean Orta Diş Fırçası 1+1,migros
migros-34040283,0.0,,179.95,Signal 4D Clean Expert Diş Fırçası,migros
migros-34040284,0.0,,249.95,Signal 4D Clean Expert Diş Fırçası 1+1,migros
migros-34040287,0.0,,269.95,Miowak Premium Misvak Diş Fırçası,migros
migros-34040288,0.0,,179.95,Miowak Ekonomik Misvak Diş Fırçası,migros
migros-34040289,0.0,,179.95,Miowak 4'lü Misvak Yedek Başlık,migros
migros-34040295,0.0,,179.95,Miowak Misvak Diş Tozu,migros
migros-34040298,0.0,,239.95,Sensodyne Çok Yönlü Koruma + Komple Ağız Temizliği Diş Fırçası,migros
migros-34046494,0.0,,349.95,Colgate Total White Foaming Clean Diş Fırçası 1+1,migros
migros-34043590,0.0,,379.95,Colgate 360 Optik Beyaz Orta Diş Fırçası 1+1,migros
migros-34043642,0.0,,239.95,Sensodyne True White Diş Fırçası Orta,migros
migros-34046465,0.0,,1899.95,Oral-B iO Çocuk 6+ Spiderman Diş Fırçası Yedek Başlığı 4 Adet,migros
migros-34046471,0.0,,3149.95,Oral-B IO 2 Şarjlı Diş Fırçası - Siyah,migros
migros-34019228,0.0,,4932.67,Colgate Optic White Aninda Beyazlik Diş Macunu 75 Ml,migros
migros-34046480,0.0,,209.95,Difaş Nano Wave Diş Fırçası,migros
migros-34046481,0.0,,209.95,Difaş Nano Polish Diş Fırçası,migros
migros-34046483,0.0,,169.95,Colgate Ultra Soft Yumuşak Diş Fırçası,migros
migros-34046485,0.0,,179.95,Signal 4D Sensitive Expert Diş Fırçası,migros
migros-34046486,0.0,,189.95,Colgate Gentle Clean Diş Fırçası 2+1,migros
migros-34046488,0.0,,229.95,Oral-B Junior 6-12 Yaş Diş Fırçası - Ekstra Yumuşak,migros
migros-34046493,0.0,,349.95,Colgate Total Black Whitening Restore Diş Fırçası 1+1,migros
migros-34043583,0.0,,379.95,Colgate 360 Komple Ağız Temizliği Orta Diş Fırçası 1+1,migros
migros-31604928,0.0,,299.95,Uni Baby Yenidoğan ve Premature Islak Mendil 3 x 40'lı,migros
migros-31310254,0.0,,129.9,Camsil Toz-Al Floral 500 Ml,migros
migros-31604934,0.0,,1249.75,Dalin Peri Işıltısı Kolay Tarama Spreyi 200 Ml,migros
migros-31604936,0.0,,239.95,Roll-Up Jumbo Çöp Torbası 80 x 110 Cm 10'lu,migros
migros-31998440,0.0,,153.77,Asperox Sparx Elma Kokulu Sıvı Bulaşık Deterjanı 650 Ml,migros
migros-32090015,0.0,,106.95,Migros Orta Boy Çöp Torbası 20'li,migros
migros-32090016,0.0,,89.95,Migros Büyük Boy Çöp Torbası 65 x 80 10 Adet,migros
migros-32090017,0.0,,199.95,Migros Battal Boy Çöp Torbası 72X95 Cm 10 Adet,migros
migros-32090018,0.0,,256.95,Migros Jumbo Boy Çöp Torbası 10'lu,migros
migros-32090089,0.0,,199.95,Macromax Extra Güçlü Çöp Torbası Jumbo Boy 10 Adet,migros
migros-32090091,0.0,,169.95,Macromax Extra Güçlü Çöp Torbası Battal Boy 10 Adet,migros
migros-34013756,0.0,,94.95,Miowak Misvak Özlü Yetişkin Diş Fırçası,migros
migros-32100234,0.0,,58.95,Migros Ultra Hijyenik Ped Uzun 18 Adet,migros
migros-34010314,0.0,,3759.33,Parodontax Tam Koruma Beyazlatıcı Diş Macunu 75 Ml,migros
migros-34010323,0.0,,5332.67,Colgate Optic White Expert White Diş Macunu 75 Ml,migros
migros-34010354,0.0,,4106.0,Parodontax Aktif Diş Eti Onarımı Beyazlatıcı 75Ml,migros
migros-34010361,0.0,,6532.67,Clinomyn Smokers Sigara İçenler İçin Diş Macunu 75Ml,migros
migros-31310527,0.0,,1189.88,Bref Rezervuar Küpleri Okyanus 2 x 42 G,migros
migros-34010396,0.0,,2599.5,Sensodyne Çok Yönlü Koruma Diş Macunu 2x50 Ml,migros
migros-34010398,0.0,,4999.33,Sensodyne Klinik Beyazlık Güçlü Diş Minesi Diş Macunu 75ml,migros
migros-34010399,0.0,,4999.33,Sensodyne Klinik Beyazlık Diş Lekelerine Karşı Macunu 75Ml,migros
migros-34010431,0.0,,4399.33,Oral-B 3D White Clinical Parlak Mükemmellik Diş Macunu 75 Ml,migros
migros-34010432,0.0,,4399.33,Oral-B 3D White Clinical Parlak Beyazlatıcı Diş Macunu 75 Ml,migros
migros-34010433,0.0,,4532.67,Oral-B  3D White Advenced Ekspres Beyazlatıcı Parlak Diş Macunu 75 Ml,migros
migros-32096528,0.0,,99.95,Koroplast Büyük Boy Çöp Torbası 10'lu,migros
migros-31310275,0.0,,1399.5,Bref Wc Blok Spa Moments Huzur Esintisi 2 x 50 G,migros
migros-31310276,0.0,,133.27,Stop Forte Cam Temizleyici 750 Ml,migros
migros-31310277,0.0,,133.27,Stop Forte Leke Çıkarıcı 750 Ml,migros
migros-31310280,0.0,,933.0,Bref Wc Blok Power Aktiv Okyanus 3 x 50 G,migros
migros-31310281,0.0,,1399.5,Bref Wc Blok Self Aktif Klor Etkisi 2 x 50 G,migros
migros-31310283,0.0,,933.0,Bref Wc Blok Power Aktif Çam 3 x 50 G,migros
migros-31310286,0.0,,1399.5,Bref Wc Blok Self Aktif Okyanus 2 x 50 G,migros
migros-31310290,0.0,,1099.5,Bref Wc Blok Power Aktiv Çiçek 2 x 50 G,migros
migros-31310296,0.0,,1199.5,Domestos Wc Blok Lux Şeftali Çiçeği 2 x 50 G,migros
migros-31310333,0.0,,1399.5,Bref Wc Blok Spa Moments Ferahlık Terapisi 2 x 50 G,migros
migros-31310515,0.0,,949.5,Mr. Muscle Rezervuar Blok 2 x 50 G,migros
migros-31310189,0.0,,133.27,Porçöz Sıvı Tuvalet Temizleyici Orkide 750 Ml,migros
migros-31600273,0.0,,199.95,Dalin Islak Havlu 3x56'lı,migros
migros-31315461,0.0,,1099.5,Bref Power Aktif Wc Blok Çam 2 x 50 G,migros
migros-31315463,0.0,,1099.5,Bref Power Aktiv Wc Blok Okyanus 2 x 50 G,migros
migros-31315524,0.0,,1527.08,Mr. Muscle Wc Blok Aqua Paket 2 x 36 G,migros
migros-31315552,0.0,,3609.72,Mr. Muscle Klozet Jel Marine 36 Ml,migros
migros-31315616,0.0,,459.9,Frosch Limonlu Banyo Temizleyici 500 Ml,migros
migros-31315655,0.0,,1099.5,Domestos Wc Blok Çam Ferahlığı 2 x 50 G,migros
migros-31315656,0.0,,1099.5,Domestos Wc Blok Okyanus Ferahlığı 2 x 50 G,migros
migros-31315658,0.0,,1299.0,Domestos Wc Blok Okyanus Ferahlığı Tekli 50 G,migros
migros-31315659,0.0,,1299.0,Domestos Wc Blok Çam Ferahlığı Tekli 50 G,migros
migros-31500164,0.0,,129.9,Camsil Toz-Al Silikonlu 500 Ml,migros
migros-31600021,0.0,,399.95,Duru Granül Sabun Lavanta 1 Kg,migros
migros-31600022,0.0,,399.95,Duru Granül Sabun Klasik 1 Kg,migros
migros-31315417,0.0,,142.79,Jet Tuzruhu Süper Kokusuz 700 G,migros
migros-34013701,0.0,,3332.67,Colgate Total Nane Temizliği Diş Macunu 75 Ml,migros
migros-34013702,0.0,,3332.67,Colgate Total Gelişmiş Beyazlik Diş Macunu 75 Ml,migros
migros-34013703,0.0,,3332.67,Colgate Total Aktif Koruma Diş Macunu 75 Ml,migros
migros-34013704,0.0,,7431.76,Rocs Sensation Whitening Beyazlatıcı Diş Macunu 74 G,migros
migros-34013707,0.0,,6599.0,Euphrosyn Toothpaste Coconut 50 Ml,migros
migros-34013708,0.0,,6599.0,Euphrosyn Passionfruit Toothpaste 50 Ml,migros
migros-34013709,0.0,,6599.0,Euphrosyn Spearmint Toothpaste 50 Ml,migros
migros-34013710,0.0,,6599.0,Euphrosyn Toothpaste Watermelon 50 Ml,migros
migros-34013712,0.0,,4748.75,Fixodent Ultimate Ferah Tat 40 G,migros
migros-34013715,0.0,,1649.5,Sensodyne Ferah Nefes Diş Macunu 100 Ml,migros
migros-34013716,0.0,,1649.5,Sensodyne Florürlü Diş Macunu 100 Ml,migros
migros-34013717,0.0,,4399.33,Sensodyne Promine Onarım Beyazlatıcı Diş Macunu 75 Ml,migros
migros-34010434,0.0,,4532.67,Oral-B 3D White Advanced Ekspres Beyazlatma Ferahlık Diş Macunu 75 Ml,migros
migros-34013719,0.0,,3506.0,Sensodyne Tam Koruma Diş Macunu 75 Ml,migros
migros-34010459,0.0,,679.67,Colgate Çürüklere Karşı Koruma 150 Ml,migros
migros-34013724,0.0,,4666.0,Signal White Now 3In1 Shine Diş Macunu 75 Ml,migros
migros-34013725,0.0,,4666.0,Signal White Now 3In1 Hello Glow Diş Macunu 75 Ml,migros
migros-34013726,0.0,,4666.0,Signal White Now 3In1 Original Diş Macunu 75 Ml,migros
migros-34013737,0.0,,1332.67,Colgate Üçlü Etki Diş Macunu 75 Ml,migros
migros-34013744,0.0,,3332.67,Colgate Total Nane Temizliği 75 Ml + Beyazlık 50 Ml,migros
migros-34013749,0.0,,2233.0,Parodontax Beyazlatıcı Diş Macunu 2 x 75 Ml,migros
migros-34013752,0.0,,2666.0,Signal White Now Origınal 75 Ml,migros
migros-34013753,0.0,,1999.67,Sensodyne Tam Koruma Beyazlatıcı Diş Macunu 2 x 75 Ml,migros
migros-34013754,0.0,,6799.0,Sensodyne Onarım ve Koruma Naneli 50 Ml,migros
migros-34013755,0.0,,2332.67,Colgate Max White Purple Reveal Diş Macunu 75 Ml,migros
migros-34013718,0.0,,2199.33,Sensodyne Whitening Diş Macunu 75 Ml,migros
migros-34010435,0.0,,799.8,Colgate Üçlü Etki Diş Macunu 2x125 Ml,migros
migros-34010436,0.0,,3999.33,Oral-B 3D White Advanced Luxe Perfection Diş Macunu 75 Ml,migros
migros-34010438,0.0,,2932.67,Oral-B Pro-Expert Profesyonel Koruma Diş Macunu 75 Ml,migros
migros-34010439,0.0,,2932.67,Oral-B Pro 3D White Kömür Özlü Diş Macunu 75 Ml,migros
migros-34010440,0.0,,2932.67,Oral-B 3D White Çay ve Kahve İçenler İçin Diş Macunu 75 Ml,migros
migros-34010441,0.0,,2932.67,Oral-B Pro 3D White Canlandıran Ferahlık Diş Macunu 75 Ml,migros
migros-34010444,0.0,,1772.67,Oral-B Pro 3D White Advanced Luxe Glamorous White Diş Macunu 75 Ml,migros
migros-34010445,0.0,,4666.0,Colgate Optic White Purple Reveal Beyazlatıcı Diş Macunu 75 Ml,migros
migros-31604931,0.0,,109.95,Uni Baby Yenidoğan & Premature Islak Mendil 40'lı,migros
migros-34010461,0.0,,4932.67,Colgate Optic White Kahve Çay & Tütün Kullananlar İçin 75Ml,migros
migros-34010463,0.0,,4666.0,Colgate Hassasiyete Anında Çözüm Onarım ve Diş Minesi Güçlendirme Diş Macunu 75 ml,migros
migros-34010464,0.0,,4666.0,Colgate Hassasiyete Anında Çözüm Onarım ve Hassas Beyazlık Diş Macunu 75 ml,migros
migros-34013700,0.0,,179.95,Signal Seyahat Seti 2'li,migros
migros-34010466,0.0,,3999.0,Colgate Çay Kahve Tütün 50 Ml + Parıldayan Beyazlık 50 Ml,migros
migros-34010467,0.0,,2666.0,Signal White Now Color Correct Diş Macunu 75 Ml,migros
migros-34010539,0.0,,2666.0,Signal White Now Diş Macunu Extra Fresh 75 Ml,migros
migros-34011993,0.0,,7532.67,Pearl Drops Strong Polished Whıte Diş Macunu 75Ml,migros
migros-34012121,0.0,,832.92,Sıgnal Diş Macunu Üçlü Koruma 120 Ml,migros
migros-34012346,0.0,,2399.33,Himalaya Complete Care Bitkisel Diş Macunu 75 Ml,migros
migros-34013464,0.0,,719.5,Sıgnal Çürüklere Karşı Nane Ferahlığı 100 Ml,migros
migros-34013479,0.0,,4499.0,Parodontax Tam Koruma Ferahlık Diş Macunu 50 Ml,migros
migros-34013480,0.0,,3652.67,Parodontax Tam Koruma Ferahlık Diş Macunu 75 Ml,migros
migros-34013696,0.0,,4999.33,Sensodyne Klinik Onarım Aktif Beyazlık Diş Macunu 75 Ml,migros
migros-34013697,0.0,,4999.33,Sensodyne Klinik Onarım Derin Temizlik Diş Macunu 75 Ml,migros
migros-34010385,0.0,,4106.0,Parodontax Diş Eti Güçlendirme Koruma Beyazlatıcı Diş Macunu 75 Ml,migros
migros-34010465,0.0,,4666.0,Colgate Hassasiyete Anında Çözüm Onarım ve Diş Eti Bakımı Diş Macunu 75 ml,migros
migros-30581158,0.0,,275.93,Frosch Zero Çamaşır Yumuşatıcısı 750 Ml,migros
migros-30581200,0.0,,255.79,Yumoş Çamaşır Yumuşatıcısı Doğal Özler Vanilya 50 Yıkama 1200 Ml,migros
migros-30573013,0.0,,0.19,Vernel Max Lilyum 1.440 L,migros
migros-30582120,0.0,,69.65,Bingo Soft Yumuşatıcı 3 L Sensitive,migros
migros-30582130,0.0,,69.65,Bingo Soft Yumuşatıcı 3 L Lovely,migros
migros-30582222,0.0,,39.79,Migros Yumuşatıcı Kır Çiçeği Buketi 5L,migros
migros-30583301,0.0,,183.99,Bingo Soft Konsantre Yumuşatıcı 1440 Ml Sensitive,migros
migros-30583303,0.0,,183.99,Bingo Soft Konsantre Yumuşatıcı 1440 Ml Lovely,migros
migros-30585456,0.0,,73.32,Vernel Çamaşır Yumuşatıcısı 3L (30 Yıkama) Gülün Büyüsü,migros
migros-30585458,0.0,,73.32,Vernel Çamaşır Yumuşatıcısı 3L (30 Yıkama) Aromatherapy Relax,migros
migros-30585460,0.0,,61.99,Vernel Çamaşır Yumuşatıcısı 5L (50 Yıkama) Gülün Büyüsü,migros
migros-31040205,0.0,,29.95,Viva Peçete 100 Yaprak,migros
migros-30585464,0.0,,73.32,Vernel Çamaşır Yumuşatıcısı 3L (30 Yıkama) Hassas&Yumuşak,migros
migros-30585500,0.0,,61.99,Vernel Hassas & Yumuşak 5 L,migros
migros-30589376,0.0,,166.62,Perwoll Yumuşatıcı Derin Ferahlık 1.2 L,migros
migros-30589378,0.0,,166.62,Perwoll Yumuşatıcı Çiçek Ferahlığı 1.2 L,migros
migros-30589379,0.0,,166.62,Perwoll Yumuşatıcı Amber Işıltısı 1.2 L,migros
migros-30589392,0.0,,183.99,Bingo Soft Begonvil Yumuşatıcı 1440 Ml,migros
migros-30575006,0.0,,152.74,Yumoş Extra Konsantre Çamaşır Yumuşatıcı Şakayık 1440 ml 60 Yıkama,migros
migros-30589510,0.0,,152.74,Yumoş Çamaşır Yumuşatıcısı Extra Konsantre Orkide 1440 ML 60 Yıkama,migros
migros-30589511,0.0,,152.74,Yumoş Extra Konsantre Çamaşır Yumuşatıcısı Lilyum 1440 ML 60 Yıkama,migros
migros-30589950,0.0,,39.99,Bingo Soft Yumuşatıcı 5 L Sensitive,migros
migros-30589997,0.0,,39.99,Bingo Soft Yumuşatıcı 5 L Lovely,migros
migros-30591187,0.0,,188.47,Yumoş Extra Konsantre Çamaşır Yumuşatıcısı Orkide 2520 Ml,migros
migros-30585462,0.0,,61.99,Vernel Çamaşır Yumuşatıcısı 5L (50 Yıkama) Aromatherapy Relax,migros
migros-30573017,0.0,,187.47,Vernel Max Sensitive 1.44 L,migros
migros-30573018,0.0,,0.19,Vernel Max Amber 1.440 L,migros
migros-30573019,0.0,,0.19,Vernel Max Lavanta 1.440 L,migros
migros-30573020,0.0,,183.99,Bingo Soft Konsantre Yumuşatıcı Nergis 1.440 Ml,migros
migros-30573021,0.0,,220.79,Bingo Soft Premium Kırışıklık Karşıtı Lotus 1.2 L,migros
migros-30573022,0.0,,555.51,Yumoş Extra Orkide 1008 Ml + Çamaşır Parfümü Begonvil 200 G,migros
migros-30573023,0.0,,555.51,Yumoş Extra Lilyum 1008 Ml + Çamaşır Parfümü Mavi Şakayık  200 G,migros
migros-30575000,0.0,,152.74,Yumoş Extra Konsantre Çamaşır Yumuşatıcı Amber 1440 ml 60 Yıkama,migros
migros-30575001,0.0,,45.65,Migros Yumuşatıcı Sensitive 3 L,migros
migros-30575002,0.0,,138.85,Peros Soft Konsantre Mavi Orkide&Lilyum 1.440Ml,migros
migros-30575003,0.0,,138.85,Peros Soft Konsantre Yaseminneroli Çiçeği 1440Ml,migros
migros-30575004,0.0,,138.85,Peros Soft Konsantre İnci Çiçeği Kaşmir 1440Ml,migros
migros-30581113,0.0,,335.95,Frosch Badem Sütlü Çamaşır Yumuşatıcısı 1 L,migros
migros-30580028,0.0,,145.82,Yumoş Extra Orkide 3 x 1.440 Ml,migros
migros-30580058,0.0,,48.0,Vernel Taze Gül 2 x 5L,migros
migros-30580062,0.0,,48.0,Vernel Aromatherapy Relax 2 x 5L,migros
migros-30580065,0.0,,152.74,Yumoş Extra Konsantre Çamaşır Yumuşatıcı Sakura 1440 Ml 60 Yıkama,migros
migros-30580068,0.0,,212.46,Yumoş Extra Amber Konsantre Yumuşatıcı Pouch 1200 Ml,migros
migros-30580069,0.0,,152.74,Yumoş Extra Çamaşır Yumuşatıcı Lotus 1440 Ml 60 Yıkama,migros
migros-30580075,0.0,,145.82,Yumoş Extra Lotus 3 x 1.440 Ml,migros
migros-30581050,0.0,,43.99,Yumoş Çamaşır Yumuşatıcısı Çiçek Bahçesi 5 LT 50 Yıkama ,migros
migros-30581051,0.0,,43.99,Yumoş Çamaşır Yumuşatıcısı Bahar Tazeliği 5 LT 50 Yıkama ,migros
migros-30581053,0.0,,109.98,Yumoş Çamaşır Yumuşatıcısı Bahar Tazeliği 3 LT 30 Yikama ,migros
migros-30581057,0.0,,45.65,Migros Yumuşatıcı 3 L Kır Çiçeği,migros
migros-30581110,0.0,,415.93,Frosch Badem Sütlü Çamaşır Yumuşatıcısı 750 Ml,migros
migros-30570150,0.0,,90.94,Migros Mystıique Touch Konsantre Yumuşatıcı 1440 Ml,migros
migros-30619753,0.0,,74.99,Pril Sıvı Bulaşık Deterjanı 4kg Elma,migros
migros-30619765,0.0,,39.99,Migros Sıvı Bulaşık Deterjanı Limon Kokulu 4000 Ml,migros
migros-30619767,0.0,,171.93,Turmepa Sıvı Bulaşık Deterjanı 750Ml,migros
migros-30619776,0.0,,67.0,Peros Limon Sıvı Bulaşık Deterjanı 3.88 L,migros
migros-30619779,0.0,,226.6,Just Green Organic Bulaşık Temizleyici 750 Ml,migros
migros-30619780,0.0,,146.6,Pril Elde Yıkama Sıvı Bulaşık Deterjanı 750ml Losyon Aloe Vera,migros
migros-30619785,0.0,,333.9,Frosch Zero Bulaşık Deterjanı 500 Ml,migros
migros-30619806,0.0,,211.3,Fairy Platinum Limon 1.5 L,migros
migros-30619811,0.0,,153.83,Fairy Limon Kokulu Elde Yıkama Süper Ekonomik Paket 2.6 L,migros
migros-30619813,0.0,,141.97,Fairy Temiz & Ferah Elma Kokulu Elde Yıkama 1.5 L,migros
migros-30620004,0.0,,537.43,Renax Bulaşık Makinesi Kapsülü Hepsi Bir Arada 33'lü 346 G,migros
migros-30591228,0.0,,245.95,Just Green Organic Yumuşatıcı 32 Yıkama 1 L,migros
migros-30622168,0.0,,503.28,Pril Excellence 5i1 Arada Hijyen Jel 900 Ml,migros
migros-30622169,0.0,,299.95,Sır Bio Beyaz Sirke Bitkisel Özlü Bulaşık Deterjanı 1 L,migros
migros-30622170,0.0,,503.28,Pril Excellence 5 İ 1 Arada Yağ Çözücü Jel 900 Ml,migros
migros-30610384,0.0,,161.46,Bingo Elde Bulaşık Deterjanı Sensitive 650 Ml,migros
migros-30628720,0.0,,497.9,Marc Çamaşır Makinesi Temizleyici Floral 500 Ml,migros
migros-30628722,0.0,,399.95,Just Green Organic Bulaşık Makinesi Jeli 45 Yıkama 1 L,migros
migros-30628727,0.0,,607.8,Marc Çamaşır Makinesi Temizleyici Tekli 250 Ml,migros
migros-30628730,0.0,,749.88,Omo Çamaşır Makinesi Temizleyicisi Çam Esintisi 2x200 Ml,migros
migros-30628735,0.0,,140.95,Migros Bulaşık Makinesi Jel Deterjan 1 Lt,migros
migros-30630001,0.0,,149.9,Doa Bulaşık Parlatıcısı 500 Ml,migros
migros-30630002,0.0,,103.9,Migros Bulaşık Makinesi Parlatıcı 500 Ml,migros
migros-30630004,0.0,,627.8,Finish Parlatıcı Limon 250 Ml,migros
migros-30622165,0.0,,244.39,Doa Bulaşık Makinesi Jel Deterjan 900 Ml,migros
migros-30591237,0.0,,45.0,Bingo Matik Mutlu Yuvam 10 Kg,migros
migros-30600505,0.0,,230.6,Frosch Badem Özlü Bulaşık Deterjanı 750 Ml,migros
migros-30610045,0.0,,319.93,Pril Ekstra Kurutma Etkili Parlatıcı 750 Ml,migros
migros-30610047,0.0,,226.6,Just Green Organik Bulaşık Temizleyici Okaliptus Lime 750Ml,migros
migros-30610372,0.0,,149.96,Asperox Sparx Elma Kokulu Sıvı Bulaşık Deterjan 1.2 L,migros
migros-30610373,0.0,,153.77,Asperox Sparx Limon Kokulu Sıvı Bulaşık Deterjanı 650 ML,migros
migros-30610377,0.0,,169.15,Asperox Sparx Aloe Veralı Sıvı Bulaşık Deterjanı 650 Ml,migros
migros-30610379,0.0,,149.96,Asperox Sparx Limon Kokulu Sıvı Bulaşık Deterjan 1.2 L,migros
migros-30610382,0.0,,177.74,Fairy Sıvı Bulaşık Deterjanı Limon 1350 Ml,migros
migros-30581287,0.0,,109.98,Yumoş Yumuşatıcı Hassas Ciltler İçin 3000 ML 30 Yıkama ,migros
migros-30610385,0.0,,161.46,Bingo Elde Bulaşık Deterjanı Mandalina 650 Ml,migros
migros-30610386,0.0,,161.46,Bingo Elde Bulaşık Deterjanı Limon 650 Ml,migros
migros-30589395,0.0,,183.99,Bingo Soft Konsantre Yumuşatıcı Lilyum 1.440 Ml,migros
migros-30610389,0.0,,153.3,Bingo Elde Bulaşık Deterjanı Sensitive 1500 Ml,migros
migros-30610390,0.0,,153.3,Bingo Elde Bulaşık Deterjanı Mandalina 1500 Ml,migros
migros-30610391,0.0,,153.3,Bingo Elde Bulaşık Deterjanı Limon 1500 Ml,migros
migros-30611212,0.0,,0.12,Pril Limon 2.418 L,migros
migros-30611249,0.0,,0.15,Pril Losyon Aloe Vera 1.405 L,migros
migros-30619503,0.0,,230.6,Frosch Bulaşık Deterjanı Limon 750 Ml,migros
migros-30619668,0.0,,189.15,Fairy Sıvı Bulaşık Deterjanı Limon 650 Ml,migros
migros-30619670,0.0,,184.54,Fairy Sıvı Bulaşık Deterjanı Elma 650 Ml,migros
migros-30619695,0.0,,89.27,Migros Sıvı Bulaşık Deterjanı Elma Kokulu 750 Ml,migros
migros-30619696,0.0,,89.27,Migros Sıvı Bulaşık Deterjanı Limon Kokulu 750 Ml,migros
migros-30619697,0.0,,89.27,Migros Sıvı Bulaşık Deterjanı Losyon 750 Ml,migros
migros-30619702,0.0,,230.6,Frosch Aloe Veralı Bulaşık Deterjanı 750 Ml,migros
migros-30610388,0.0,,74.65,Bingo Bulaşık Deterjanı 3.884 Ml,migros
migros-30560028,0.0,,265.64,Ace Ultra Genel Kullanım Çamaşır Sulu Sprey 700Ml,migros
migros-30560049,0.0,,115.11,Domestos Bio Active Çamaşır Suyu Mutfak Maksimum Hijyen 1850 ml,migros
migros-30560052,0.0,,134.6,Domestos Yoğun Kıvamlı Çamaşır Suyu Beyaz Sabun Ferahlığı 750 Ml,migros
migros-30560053,0.0,,62.98,Newo Sıvı Çamaşır Bakım Deterjanı Beyaz 3L,migros
migros-30560054,0.0,,62.98,Newo Sıvı Çamaşır Bakım Deterjanı Renkli 3L,migros
migros-30560057,0.0,,62.98,Newo Sıvı Çamaşır Bakım Deterjanı Siyahlar İçin 3L,migros
migros-30560058,0.0,,132.46,Newo Konsantre Yumuşatıcı Kolay Kurutma Etkili 1.200Ml,migros
migros-30560059,0.0,,132.46,Newo Konsantre Yumuşatıcı Kolay Ütü Etkisi 1.200Ml,migros
migros-30560060,0.0,,99.96,Newo Konsantre Yumuşatıcı Renk Koruma 1200 Ml,migros
migros-30530554,0.0,,472.94,Omo Express Kötü Koku Karşıtı 1480 Ml + Yumoş Mavi Gelincik 1440 Ml,migros
migros-30560063,0.0,,105.95,Ace Platinum Anadolu Ferahlığı Çamaşır Suyu 1L,migros
migros-30573016,0.0,,0.19,Vernel Max Gül 1.440 L,migros
migros-30560194,0.0,,388.78,Domestos Köpük Gücü Kar Beyaz Çamaşır Suyu 450 Ml,migros
migros-30560201,0.0,,179.95,Omo Leke Çıkarıcı Renkliler 1 L,migros
migros-30560206,0.0,,179.95,Omo Leke Çıkarıcı Beyazlar 1 L,migros
migros-30560207,0.0,,59.99,Ace Çamaşır Suyu Klasik 5 L,migros
migros-30560212,0.0,,76.74,Bingo Oksijen Çamaşır Suyu Okaliptus 4 L,migros
migros-30560213,0.0,,76.74,Bingo Oksijen Çamaşır Suyu Limon Kokulu 4 L,migros
migros-30560216,0.0,,114.03,Domestos Çamaşır Suyu Ultra Beyaz 1.850 Ml,migros
migros-30560217,0.0,,114.03,Domestos Yoğun Kıvamlı Çamaşır Suyu Limon Esintisi 1.850 Ml,migros
migros-30560218,0.0,,73.99,Domestos Çam Ferahlığı Çamaşır Suyu 5 L,migros
migros-30560219,0.0,,114.03,Domestos Çamaşır Suyu Çam Ferahlığı 1.850 Ml,migros
migros-30560220,0.0,,91.03,Domestos Çam Ferahlığı Çamaşır Suyu 3.240 Ml,migros
migros-30560221,0.0,,388.78,Domestos Köpük Gücü Çam Esintisi Çamaşır Suyu 450 Ml,migros
migros-30560066,0.0,,82.49,Ace Platinum Anadolu Ferahlığı Çamaşır Suyu 4 L,migros
migros-30530549,0.0,,1004.08,Ariel OXI PODS® Çamaşır Deterjanı Kapsülü 20'li 478 G,migros
migros-30530550,0.0,,415.93,Frosch Lavantalı Çamaşır Yumuşatıcısı 750 Ml,migros
migros-30530552,0.0,,109.98,Perwoll Hızlı Yıkama Sıvı Bakım Deterjanı 2 L,migros
migros-30530511,0.0,,423.1,Ariel Oxi Extra Leke Çıkarma Sıvı Çamaşır Deterjanı 24 Yıkama 1.080 Ml,migros
migros-30530555,0.0,,472.94,Omo Express Beyazlar 1.480 Ml + Yumoş Mavi Gelincik 1.440 Ml,migros
migros-30530556,0.0,,114.83,Mr.Oxy Fast Sıvı Çamaşır Deterjanı Beyaz ve Renkliler 1.480 Ml,migros
migros-30530557,0.0,,317.53,Omo Express Fresh Sensitive Beyaz ve Renkliler Sıvı Çamaşır Deterjanı 1480 Ml,migros
migros-30530558,0.0,,831.24,Peros Pratik Çamaşır Kapsülü Siyahlar 26'lı 421 G,migros
migros-30530559,0.0,,114.83,Mr.Oxy Fast Hızlı Yıkama Sıvı Çamaşır Deterjanı 1.480 Ml,migros
migros-30539501,0.0,,387.97,"Frosch Aloe Veralı Sıvı Çamaşır Deterjanı 1,5 L 20 Yıkama",migros
migros-30539566,0.0,,154.98,Bingo Sıvı Deterjan Bakım 2 L Renkli 33 Yıkama,migros
migros-30539572,0.0,,154.98,Bingo Sıvı Deterjan Bakım 2 L Onaran Koruma 33 Yıkama,migros
migros-30560027,0.0,,114.2,Domestos Dağ Esintisi 3x750 Ml,migros
migros-30539574,0.0,,139.99,Bingo Sıvı Deterjan Bakım 4 L Renkli 67 Yıkama,migros
migros-30539575,0.0,,139.99,Bingo Sıvı Deterjan Bakım 4 L Onaran Koruma 67 Yıkama,migros
migros-30539647,0.0,,79.97,Migros Sıvı Deterjan 1500 Ml Beyazlar İçın,migros
migros-30539687,0.0,,283.3,Just Green Organic Çamaşır Temizleyici 30 Yıkama 1.5 L,migros
migros-30539698,0.0,,79.97,Migros Sıvı Deterjan Renkliler 1500 Ml,migros
migros-30539739,0.0,,387.97,Frosch Badem Özlü Hassas ve Yünlüler Çamaşır Deterjanı 1.5 L,migros
migros-30530536,0.0,,430.95,Kosla Vanish Multipower Sıvı Leke Çıkarıcı Pembe 1 L,migros
migros-30539756,0.0,,0.13,Tursil Leylak Bahçesi 33 Yıkama 2.145 L,migros
migros-30539773,0.0,,299.88,Just Green Organic Hindistan Cevizli Sıvı Sabun 400 Ml,migros
migros-30539774,0.0,,299.88,Just Green Organic Aloe Veralı Sıvı Sabun 400 Ml,migros
migros-30539793,0.0,,220.09,Persil Power Jel Color 26 Yıkama 1.69 L,migros
migros-30550011,0.0,,138.85,Peros Konsantre Yumuşatıcı Lavanta Begonvil 1440 Ml,migros
migros-30539573,0.0,,139.99,Bingo Sıvı Deterjan Bakım 4 L Siyah 67 Yıkama,migros
migros-30570088,0.0,,45.65,Migros Yumuşatıcı 3 L Lavanta,migros
migros-30570104,0.0,,264.83,Yumoş Extra Konsantre Çamaşır Yumuşatıcı Lilyum 1008 ml 42 Yıkama,migros
migros-30570129,0.0,,94.6,Migros Konsantre Yumuşatıcı Lovely Touch 750 Ml,migros
migros-30570130,0.0,,94.6,Migros Konsantre Yumuşatıcı Mystique Touch 750 Ml,migros
migros-30570143,0.0,,183.99,Bingo Soft Konsantre Yumuşatıcı 1440 Ml Manolya Bahçesi,migros
migros-30570149,0.0,,90.94,Migros Lovely Touch Konsantre Yumuşatıcı 1440 Ml,migros
migros-30560223,0.0,,91.03,Domestos Yoğun Kıvamlı Çamaşır Suyu Ultra Beyaz 3240 Ml,migros
migros-30570164,0.0,,264.83,Yumoş Extra Konsantre Çamaşır Yumuşatıcı  Orkide 1008 ml 42 Yıkama,migros
migros-30570166,0.0,,59.33,Migros Konsantre Yumuşatıcı Düş Bahçesi 1500 Ml,migros
migros-30570167,0.0,,59.33,Migros Konsantre Yumuşatıcı Çiçeklerin Büyüsü 1500Ml,migros
migros-30570173,0.0,,255.79,Yumoş Uzman Renk Koruma Konsantre Yumuşatıcı 1200 Ml,migros
migros-30570174,0.0,,255.79,Yumoş Uzman Kolay Ütü Konsantre Yumuşatıcı 1200 Ml,migros
migros-30560222,0.0,,114.03,Domestos Yoğun Kıvamlı Çamaşır Suyu Kötü Koku Karşıtı 1850 Ml,migros
migros-30570184,0.0,,145.82,Yumoş Extra Lilyum 3 x 1.440 Ml,migros
migros-30570185,0.0,,145.82,Yumoş Extra Amber 3 x 1440 Ml,migros
migros-30570191,0.0,,177.03,Peros Mavi Orkide Konsantre Yumuşatıcı 960 Ml,migros
migros-30570193,0.0,,177.03,Peros Amber Konsantre Yumuşatıcı 960 Ml,migros
migros-30570194,0.0,,255.79,Yumoş Uzman Açık Hava Etkisi Konsantre Yumuşatıcı 1200 Ml,migros
migros-30572994,0.0,,220.79,Bingo Soft Premium Nem Kokusu Karşıtı Frezya 1.2 L,migros
migros-30573010,0.0,,152.74,Yumoş Açık Hava Etkisi Konsantre Çamaşır Yumuşatıcısı Mavi Gelincik 1440 Ml 60 Yıkama,migros
migros-30573011,0.0,,152.74,Yumoş Açık Hava Etkisi Nergis 1.440 Ml,migros
migros-30573012,0.0,,0.19,Vernel Max Ihlamur Çiçeği 1.440 L,migros
migros-30569612,0.0,,24.99,Migros Çamaşır Suyu Parfümlü 4 L,migros
migros-30573014,0.0,,152.74,Yumoş Extra Konsantre Çamaşır Yumuşatıcı Manolya 1440 Ml,migros
migros-30573015,0.0,,0.19,Vernel Max Orkide 1.440 L,migros
migros-30570183,0.0,,138.85,Peros Soft Konsantre Amber Çiçeği & Sandal Ağacı 1440 Ml,migros
migros-30539740,0.0,,415.93,Frosch Aloe Vera Yumuşatıcı 750 Ml,migros
migros-30560226,0.0,,119.93,Domestos Dual Action Kötü Koku Karşıtı Çamaşır Suyu 750 Ml,migros
migros-30560253,0.0,,119.93,Domestos Dual Action Kireç Karşıtı Çamaşır Suyu 750 Ml,migros
migros-30560255,0.0,,99.93,Hypo Gider Açıcı Çamaşır Suyu 750 G,migros
migros-30560510,0.0,,134.6,Domestos Yoğun Kıvamlı Çamaşır Suyu Okaliptüs Ferahlığı 750 Ml,migros
migros-30560511,0.0,,134.6,Domestos Yoğun Kıvamlı Çamaşır Suyu Kar Beyazı 750 Ml,migros
migros-30560515,0.0,,134.6,Domestos Yoğun Kıvamlı Çamaşır Suyu Dağ Esintisi 750 Ml,migros
migros-30560517,0.0,,134.6,Domestos Yoğun Kıvamlı Çamaşır Suyu Limon Ferahlığı 750 Ml,migros
migros-30560904,0.0,,85.95,Ace Çamaşır Suyu Klasik 1 L,migros
migros-30560920,0.0,,64.99,Ace Çamaşır Suyu Klasik 4 L,migros
migros-30560922,0.0,,71.47,Ace Çamaşır Suyu Klasik 2 L,migros
migros-30560927,0.0,,71.47,Ace Çamaşır Suyu Bahar Ferahlığı 2 L,migros
migros-30569760,0.0,,138.6,Domestos Bio Active Çamaşır Suyu  Mutfak Maksimum Hijyen 750 Ml,migros
migros-30569608,0.0,,35.95,Migros Çamaşır Suyu Parfümlü 1 L,migros
migros-30569610,0.0,,25.98,"Migros Çamaşır Suyu Parfümlü 2,5 L",migros
migros-30569611,0.0,,24.99,Migros Çamaşır Suyu 4 L,migros
migros-30560061,0.0,,133.27,Newo Silikonlu Cam Temizleyici 750 Ml,migros
migros-30569626,0.0,,51.95,Migros Ultra Çamaşır Suyu Fresh 1000 Ml,migros
migros-30569627,0.0,,51.95,Migros Ultra Çamaşır Suyu  Ocean 1000 Ml,migros
migros-30569675,0.0,,54.04,Peros Ultra Çamaşır Suyu Bahar Ferahlığı 3.7 L,migros
migros-30569676,0.0,,265.64,Ace Ultra Sprey Banyo 700 Ml,migros
migros-30569679,0.0,,133.27,Ace Ultra Kıvamlı Çamaşır Suyu Okaliptüs 750 Ml,migros
migros-30569736,0.0,,1849.75,Vanish Kosla Ön İşlem İçin Leke Çıkarıcı Jel 200 Ml,migros
migros-30569754,0.0,,265.64,Ace Çamaşır Susuz Yağ Çözücü Sprey Mutfak 700Ml,migros
migros-30569756,0.0,,265.64,Ace Çamaşır Sulu Pro.formül Köpük Sprey 700Ml,migros
migros-30560928,0.0,,63.24,Ace Çamaşır Suyu Ekstra Hijyen 4 L,migros
migros-31020058,0.0,,209.95,Papia Biocare Kağıt Havlu 6'lı,migros
migros-31020070,0.0,,249.95,Selpak Yağ Emici Havlu 8'li,migros
migros-31020084,0.0,,379.95,Süper Maylo Bambu Katkılı Kağıt Havlu 16'lı,migros
migros-31020085,0.0,,179.95,Süper Maylo Bambu Katkılı Dev Havlu 2=6 Rulo,migros
migros-31020107,0.0,,209.95,Selpak Havlu 6'lı,migros
migros-31010063,0.0,,489.95,Familia Plus Natural Tuvalet Kağıdı 32'li,migros
migros-31020492,0.0,,289.95,Solo Ultra Organik Bambu Özlü Havlu 12'li,migros
migros-31020494,0.0,,259.95,Selpak El Yüz Havlusu Kaşmir Özlü 150'li,migros
migros-31020495,0.0,,189.95,Solo Ultra Organik Bambu Özlü Havlu 6'lı,migros
migros-31020502,0.0,,279.95,Solo Asılabilir Havlu 1=7 Rulo 325 Yaprak,migros
migros-31020504,0.0,,99.95,Süper Maylo Dev Havlu 1=3 Rulo,migros
migros-30638550,0.0,,167.9,Sır Bio Bitkisel Özlü Bulaşık Makinesi Parlatıcı Kurutucu 500 Ml,migros
migros-31021003,0.0,,93.95,Viva Havlu 6'lı,migros
migros-31021069,0.0,,87.95,Ecco Yeşil Dünya Havlu 6'lı,migros
migros-31030016,0.0,,79.95,Maylo Puf Mendil 150'li,migros
migros-31030042,0.0,,229.95,Sleepy Natural Yenidoğan Islak Havlu 3 x 40'lı,migros
migros-31030063,0.0,,899.95,Sleepy Natural Yenidoğan Islak Havlu 12 x 40'lı,migros
migros-31030066,0.0,,79.95,Sleepy Doğal Organik Pamuklu Islak Havlu 50'li,migros
migros-31030080,0.0,,112.95,Sleepy Doğal Organik Pamuklu Islak Cep Mendili 3X15'li,migros
migros-31030085,0.0,,114.95,Sofia Kutu Mendil 100'lü,migros
migros-31030088,0.0,,89.95,Sofia Skin Love Pudra Kokulu Mendil 100'lü,migros
migros-31015374,0.0,,259.95,Selpak Premium 4 Katlı Tuvalet Kağıdı 12'li,migros
migros-31030090,0.0,,59.95,Sofia Skin Love Mini Mendil 75'li,migros
migros-31030101,0.0,,99.95,Selpak Klasik Mendil 10'lu,migros
migros-31020509,0.0,,99.95,Familia Plus 1=3 Jumbo Dev Havlu,migros
migros-31010073,0.0,,329.95,Mare Ekstra Tuvalet Kağıdı 32'li,migros
migros-31010075,0.0,,339.95,Papia Biocare Tuvalet Kağıdı 16'lı,migros
migros-31010076,0.0,,339.95,Papia Platinum 4 Katlı Tuvalet Kağıdı 16'lı,migros
migros-31010086,0.0,,179.95,Mare Ekstra Tuvalet Kagıdı 16'lı,migros
migros-31010089,0.0,,319.95,Sofia Tuvalet Kağıdı 16'lı,migros
migros-31010092,0.0,,69.95,Minies Islak Tuvalet Kağıdı 60'lı,migros
migros-31010095,0.0,,559.95,Süper Maylo Bambu Katkılı Tuvalet Kagıdı 40'lı,migros
migros-31011315,0.0,,127.5,Viva Tuvalet Kağıdı 16'lı,migros
migros-31011983,0.0,,109.95,Ecco Yeşil Dünya Tuvalet Kağıdı 12'li,migros
migros-31015360,0.0,,339.95,Selpak Deluxe Tuvalet Kağıdı 16'lı,migros
migros-31015361,0.0,,569.95,Sofia Tuvalet Kağıdı 32'li,migros
migros-31015363,0.0,,319.95,Sofia Tuvalet Kağıdı 16'lı,migros
migros-31020055,0.0,,199.95,Familia Plus Natural Havlu 6'lı,migros
migros-31015372,0.0,,269.95,Solo Ultra Organik Bambu & Pamuk Özlü Tuvalet Kağıdı 16'lı,migros
migros-31015373,0.0,,469.95,Solo Ultra Organik Bambu & Pamuk Özlü Tuvalet Kağıdı 32'li,migros
migros-30980059,0.0,,1140.83,Fairy Platinum 30'lu 447 G,migros
migros-31015391,0.0,,339.95,Selpak Kaşmir Özlü Tuvalet Kağıdı 16'lı,migros
migros-31019956,0.0,,379.95,Papia Havlu 12'li,migros
migros-31019960,0.0,,599.95,Papia Tuvalet Kağıdı 32'li,migros
migros-31020019,0.0,,159.95,Migros İçten Çekmeli Jumbo Havlu 1=10 Rulo,migros
migros-31020027,0.0,,379.95,Selpak Deluxe Bambu Katkılı Havlu 12'li,migros
migros-31020028,0.0,,109.95,Mare Ekstra Havlu 6'lı,migros
migros-31020030,0.0,,79.95,Selpak Havlu Dev Rulo 1=2,migros
migros-31020031,0.0,,109.95,Ecco Yeşil Dünya Dev Havlu 1=7 Rulo,migros
migros-31020032,0.0,,149.95,Selpak Dev Havlu 2=4 Rulo,migros
migros-31015370,0.0,,149.95,Selpak El Yüz Havlusu Kaşmir Özlü 80'li,migros
migros-31031752,0.0,,179.95,Sleepy Aqua Care Islak Havlu 50'li,migros
migros-31031753,0.0,,89.95,Selpak Antibakteriyel Islak Cep Mendili 3 x 15'li,migros
migros-31030089,0.0,,89.95,Sofia Skin Love Mendil 100'lü,migros
migros-31031767,0.0,,19.95,Fibril Go Wipes Islak Mendil Limon Ferahlığı 20'li,migros
migros-31031771,0.0,,25.95,Migros Islak Cep Mendili 3 x 15,migros
migros-31031786,0.0,,129.95,Uni Baby Sensitive Islak Mendil 3 x 50'li,migros
migros-31031787,0.0,,109.95,Selpak Kaşmir Özlü Mendil 10'lu,migros
migros-31031788,0.0,,119.95,Uni Baby Softcare Hindistan Cevizi Yağlı Islak Mendil 3 x 50'li,migros
migros-31031789,0.0,,129.95,Uni Baby Sensitive Bambu & Pamuk Özü Islak Mendil 3 x 50'li,migros
migros-31031802,0.0,,59.95,Sleepy Floral Kiraz Lilyum Kişisel Bakım Havlusu 25'li,migros
migros-31031806,0.0,,499.95,Prima Pampers Sensitive Islak Havlu 3 x 80'li,migros
migros-31031807,0.0,,329.95,Prima Pampers Aqua Soft Touch Islak Havlu 60'lı,migros
migros-31030103,0.0,,109.95,Selpak Mentollü Mendil 10'lu,migros
migros-31032224,0.0,,129.95,Sleepy Sensitive Islak Havlu 3 x 50'li,migros
migros-31032229,0.0,,69.95,Sleepy Doğal Zeytinyağlı Islak Havlu 90'lı,migros
migros-31040014,0.0,,27.95,M Süper Ekonomik Peçete 200'lü,migros
migros-31040016,0.0,,109.95,Selpak Peçete 75'li,migros
migros-31040022,0.0,,99.95,Sofia El ve Yüz Havlusu 100'lü,migros
migros-31030158,0.0,,46.95,Maylo Puf Mini Mendil 80'li,migros
migros-31040030,0.0,,79.95,Sofia Kumaş Dokulu Peçete Pembe 30'lu,migros
migros-31040031,0.0,,79.95,Sofia Kumaş Dokulu Peçete Yeşil 30'lu,migros
migros-31040032,0.0,,79.95,Sofia Kumaş Dokulu Peçete Beyaz 30'lu,migros
migros-31040039,0.0,,149.95,Selpak El ve Yüz Havlusu 80'li,migros
migros-31040042,0.0,,99.95,Selpak El Yüz Havlusu 100'lü,migros
migros-31040202,0.0,,79.95,Solo Peçete 100 Yaprak,migros
migros-31032128,0.0,,74.95,Maylo Cep Mendili 10'Lu Paket,migros
migros-31030107,0.0,,55.95,Selpak Cep Mendil  6'lı Paket,migros
migros-31030111,0.0,,29.95,Viva Mendil 10'Lu Paket,migros
migros-31030114,0.0,,109.95,Selpak Losyonlu Mendil 10'lu,migros
migros-31030137,0.0,,64.95,Selpak Organik Bambu Özlü & Pamuk Özlü Islak Mendil 50'li,migros
migros-31030138,0.0,,64.95,Selpak Organik Bambu & Zeytinyağlı Özlü Islak Mendil 50'li,migros
migros-31030141,0.0,,13.9,Migros Islak Havlu 45'li,migros
migros-31030142,0.0,,45.95,Migros Islak Havlu 72'li,migros
migros-31030143,0.0,,117.95,Migros Islak Havlu 3x72'li,migros
migros-31030146,0.0,,74.95,Uni Baby Soft Clean Organik Zeytinyağlı Islak Havlu 90'lı,migros
migros-31030149,0.0,,79.95,Maylo Puf Mandalina Kokulu Mendil 150'li,migros
migros-31030154,0.0,,6.5,Minies Islak Cep Mendili 15 Yaprak,migros
migros-31030156,0.0,,129.95,Minies Islak Havlu 3x72'li,migros
migros-31031749,0.0,,159.95,Sleepy Natural Kişisel Bakım Havlusu 100'lü,migros
migros-31030159,0.0,,79.95,Sofia Cep Mendil 8'li,migros
migros-31030164,0.0,,49.95,Fibril Sedir Ağacı Islak Mendil 90'lı,migros
migros-31030165,0.0,,49.95,Fibril Zeytinyağlı Bebek Islak Mendil 90'lı,migros
migros-31030166,0.0,,79.95,Sofia Küp Kutu Mendil 50'li,migros
migros-31030300,0.0,,86.95,Selpak Kutu Mendil 50'li,migros
migros-31030304,0.0,,89.95,Selpak Butik Kutu Mendil 48'li,migros
migros-31030305,0.0,,46.95,Viva Kutu Mendil 80 Yaprak,migros
migros-31030307,0.0,,119.95,Selpak Maksi Kutu Mendil 100'lü,migros
migros-31030333,0.0,,69.95,Selpak Çek-Al Mendil 100'lü,migros
migros-31030671,0.0,,99.95,Canped Vücut Temizleme Havlusu 22 x 25 Cm 48'li,migros
migros-31031744,0.0,,74.95,Familia Plus Natural Çek Al Mendil 150'li,migros
migros-31031746,0.0,,119.95,Papia Kutu Mendil 100'lü,migros
migros-31020480,0.0,,369.95,Sofia Kağıt Havlu 12'li,migros
migros-30719686,0.0,,66.63,Domestos Yoğun Kıvamlı Yüzey Temizleyici Okyanus Esintisi 1500 Ml,migros
migros-30719696,0.0,,133.27,Cillit Bang Dezenfektan Mutfak Temizleyici Sprey 750 Ml,migros
migros-30719697,0.0,,133.27,Cillit Bang Dezenfektan Banyo Temizleyici Sprey 750 Ml,migros
migros-30719700,0.0,,39.97,Migros Sirkeli Yüzey Temizleyici 1500 Ml,migros
migros-30719701,0.0,,83.95,Migros Banyo Temizleyici Sprey 1000 Ml,migros
migros-30719702,0.0,,83.95,Migros Mutfak Temizleyici Sprey 1000 Ml,migros
migros-30719703,0.0,,90.6,Migros Krem Temizleyici Amonyaklı 750 Ml,migros
migros-30719704,0.0,,90.6,Migros Krem Temizleyici Limonlu 750 Ml,migros
migros-30719709,0.0,,47.98,Asperox Yüzey Temizleyici Manolya & Frezya 2.5 L,migros
migros-30719710,0.0,,47.98,Asperox Yüzey Temizleyici Menekşe & Yasemin 2.5 L,migros
migros-30719711,0.0,,47.98,Asperox Yüzey Temizleyici Beyaz Sabun 2.5 L,migros
migros-30980020,0.0,,686.95,Frosch Yeşil Limon Bulaşık Makinesi Tablet 30'lu,migros
migros-30710026,0.0,,35.98,Doa Yüzey Temizleyici Pudra Kokulu 2.5 L,migros
migros-30720565,0.0,,133.27,Cif Jel Yüzey Temizleyici Cleanboost Tüm Yüzeyler İçin Leke Çıkarıcı Çamaşır Sulu Çiçek Ferahlığı 750 ML,migros
migros-30721821,0.0,,113.27,Marc Banyo Power Sprey 750 Ml,migros
migros-30729999,0.0,,133.27,Cif Ultra Hijyen Jel 750 Ml,migros
migros-30730008,0.0,,159.93,Cif Power & Shine Sprey Banyo Kireç Çözücü 2 x 750 Ml,migros
migros-30730009,0.0,,159.93,Cif Power & Shine Sprey Mutfak Yağ Çözücü 2 x 750 Ml,migros
migros-30730018,0.0,,213.27,Clonet Mutfak Yağ Sökücü Sprey 750 Ml,migros
migros-30730024,0.0,,93.28,Mr Muscle Süper Güç Banyo 750 Ml,migros
migros-30730025,0.0,,93.28,Mr Muscle Süper Güç Mutfak 750 Ml,migros
migros-30731802,0.0,,113.27,Marc Mutfak Sprey Power Hijyen 750 Ml,migros
migros-30731806,0.0,,133.27,Cillit Bang Banyo Kir ve Kireç Sökücü Sprey 750 Ml,migros
migros-30731807,0.0,,133.27,Cillit Bang Yağ Sökücü Sprey 750 Ml,migros
migros-30719715,0.0,,66.63,Domestos Yoğun Kıvamlı Yüzey Temizleyici Bahar Çiçekleri 1500 Ml,migros
migros-30638706,0.0,,567.44,Finish Bulaşık Makinesi Parlatıcı  800 Ml,migros
migros-30638720,0.0,,257.27,Frosch Bulaşık Makinesi Parlatıcısı 750 Ml,migros
migros-30638724,0.0,,597.38,Finish Parlatıcı Limon 400 Ml,migros
migros-30710005,0.0,,88.78,Dixi Bref Gül Yüzey Temizleyici 2.5 L,migros
migros-30710009,0.0,,88.78,Dixi Bref Çam Yüzey Temizleyici 2.5L,migros
migros-30710018,0.0,,47.98,Bingo Fresh Ferah Evim 2.5L,migros
migros-30619752,0.0,,74.99,Pril Sıvı Bulaşık Deterjanı 4kg Limon,migros
migros-30710037,0.0,,84.95,Bingo Fresh Ferah Evim 1 L,migros
migros-30710054,0.0,,164.95,Just Green Organic Çok Amaçlı Yüzey Temizleyici Sirkeli 1 L,migros
migros-30710212,0.0,,67.98,Cif Zemin Temizleyici Lotus 2500 Ml,migros
migros-30710213,0.0,,67.98,Cif Zemin Temizleyici Limon Çiçeği 2500 Ml,migros
migros-30710224,0.0,,47.98,Asperox Yüzey Temizleyici Doğaya Kaçış 2.5 L,migros
migros-30719685,0.0,,66.63,Domestos Yoğun Kıvamlı Yüzey Temizleyici Çam Ferahlığı 1500 Ml,migros
migros-30710228,0.0,,73.3,Cif Zemin Temizleyici Sakura 1500 Ml,migros
migros-30710230,0.0,,103.3,Cif Zemin Temizleyici Lotus 1500 Ml,migros
migros-30710232,0.0,,84.95,Newo Sıvı Beyaz Temizlik Sabunu 1 L,migros
migros-30719539,0.0,,172.95,Turmepa Genel Yüzey Temizleyici  1000 Ml,migros
migros-30719557,0.0,,47.98,Bingo Yüzey Temizleyici 2.5L Fresh Lovely,migros
migros-30719575,0.0,,569.9,Frosch Greyfurt Özlü Mutfak Yüzey Temizleyici 500 Ml,migros
migros-30719579,0.0,,47.98,Bingo Yüzey Temizleyici 2.5L Fresh Mutlu Yuvam,migros
migros-30719582,0.0,,39.97,Migros Sıvı Yüzey Temizleyici Lavanta 1500 Ml,migros
migros-30719584,0.0,,39.97,Migros Sıvı Yüzey Temizleyici Çiçek 1500 Ml,migros
migros-30628716,0.0,,394.33,Turmepa Jel Bulaşık Makinesi Deterjanı 750Ml,migros
migros-30719635,0.0,,39.97,Migros Yüzey Temizleyici Beyaz Sabun Kokulu 1500Ml,migros
migros-30719656,0.0,,164.95,Just Green Organic Yüzey Temizleyici 1 L,migros
migros-30710225,0.0,,47.98,Asperox Yüzey Temizleyici Okyanus Maviliği 2.5 L,migros
migros-30980030,0.0,,652.64,Renax Gold Bulaşık Makinesi Kapsülü 30'lu 360 G,migros
migros-30980041,0.0,,738.14,Fairy Platinum Fresh Tablet 30'lu 447 G,migros
migros-30980042,0.0,,1429.46,Fairy Platinum Fresh Tablet 50'li 745 G,migros
migros-30980044,0.0,,125.27,Tursil Sıvı Bulaşık Deterjanı Limon 750 Ml,migros
migros-30980048,0.0,,1518.77,Fairy Mucize 50'li 823 G,migros
migros-30980050,0.0,,86.63,Bingo Bulaşık Makinesi Tuzu 1.5 Kg,migros
migros-30980051,0.0,,307.38,Bingo Parlatıcı 400 Ml,migros
migros-30980053,0.0,,559.8,Bingo Bulaşık Makinesi Temizleyici 250 Ml,migros
migros-30980057,0.0,,805.17,Bingo Akıllı Bulaşık Kapsülü Pro 36'lı 493 G,migros
migros-30733235,0.0,,159.93,Cif Power & Shine Sprey Banyo İçin Temizleyici ve Kireç Çözücü 750 Ml,migros
migros-30980060,0.0,,536.85,Fairy Platinum 50'li 745 G,migros
migros-30980063,0.0,,1771.15,Fairy Mucize 30'lu 494 G,migros
migros-30732703,0.0,,139.93,Mr. Muscle Advanced Power Mutfak Temizleyici Limon 750ml,migros
migros-30980457,0.0,,931.92,Fairy Platinum Limon Kokulu 72'li 1.073 G,migros
migros-30980526,0.0,,916.56,Just Green Organic Bulaşık Makinesi Tableti 30'lu 480 G,migros
migros-30980565,0.0,,448.95,Finish Quantum 30 Kapsül Bulaşık Makinesi Deterjanı Tableti,migros
migros-30980566,0.0,,713.95,Finish Quantum 50 Kapsül Bulaşık Makinesi Deterjanı Tableti,migros
migros-30980585,0.0,,2143.24,Finish Ultimate Plus Hepsi 1 Arada 20 Tablet 244 G,migros
migros-30980586,0.0,,1985.55,Finish Ultimate Plus Hepsi 1 Arada 40 Tablet 488 G,migros
migros-30980587,0.0,,1856.49,Finish Ultimate Plus Hepsi 1 Arada 60 Tablet 732 G,migros
migros-30980595,0.0,,1420.32,Finish Ultimate Hepsi 1 Arada 22 Tablet 283G,migros
migros-31010013,0.0,,469.95,Selpak Deluxe Tuvalet Kağıdı 24'lü,migros
migros-31010027,0.0,,125.95,Viva Selection 3 Katlı Tuvalet Kağıdı 12'li,migros
migros-31010032,0.0,,599.95,Selpak Deluxe Pamuk Katkılı Tuvalet Kağıdı 32'li,migros
migros-31010062,0.0,,279.95,Familia Plus Natural Tuvalet Kağıdı 16'lı,migros
migros-30980296,0.0,,851.9,Finish Bulaşık Makinesi Temizleyici Sıvı 2X250 Ml,migros
migros-30733188,0.0,,119.97,Cif Krem Yeni Nesil Yüzey Temizleyici Limon 1500 Ml,migros
migros-30733217,0.0,,109.95,Cif Ultra Hız & Güç Yağ Çözücü Sprey Leke ve Kir Çıkarıcı 1000 Ml,migros
migros-30733218,0.0,,109.95,Cif Ultra Hız & Güç Kireç Sökücü Sprey 1000 Ml,migros
migros-30719630,0.0,,69.95,Migros Sıvı Arap Sabunu 1 L,migros
migros-30733236,0.0,,159.93,Cif Power & Shine Sprey Mutfak İçin Temizleyici ve Yağ Çözücü 750 Ml,migros
migros-30733242,0.0,,139.93,Mr. Muscle Advanced Power Banyo Temizleyici 750ml,migros
migros-30733268,0.0,,279.9,Fairy Power Sprey 500 Ml,migros
migros-30920019,0.0,,142.2,Cif Krem Mucize Yüzey Temizleyici Amonyaklı 3 x 750Ml,migros
migros-30920022,0.0,,146.6,Cif Krem Altın Işıltısı Yüzey Temizleyici Amber750 Ml,migros
migros-30920151,0.0,,146.6,Cif Krem Mucizesi Yüzey Temizleyici Sakura 750 Ml,migros
migros-30920523,0.0,,119.97,Cif Krem Yeni Nesil Yüzey Temizleyici Amonyak 1500 Ml,migros
migros-30920529,0.0,,146.6,Cif Krem Mucize Yüzey Temizleyici Amonyak 750 Ml,migros
migros-30980029,0.0,,851.52,Bingo Akıllı Kapsül Pro Max Limon Kokulu 60'lı 822 G,migros
migros-30929541,0.0,,84.95,Bingo Yüzey Temizleyici 1 L Fresh Mutlu Yuvam,migros
migros-30940006,0.0,,346.6,Domestos Köpük Çam 450 Ml + Domestos Dağ Esintisi 750 Ml,migros
migros-30980010,0.0,,672.98,Finish Quantum Özel Seri 50'li Bulaşık Makinesi Tableti 520 G,migros
migros-30980015,0.0,,635.29,Pril Excellence Bulaşık Kapsülü 40'lı 724 G,migros
migros-30980018,0.0,,1162.25,Asperox Sparx Diamond Bulaşık Makinesi Kapsül 30'lu 351 G,migros
migros-30980019,0.0,,1068.27,Asperox Sparx Diamond Bulaşık Makinesi Kapsülü 40'lı 468 G,migros
migros-30720564,0.0,,133.27,Cif Jel Yüzey Temizleyici Cleanboost Tüm Yüzeyler İçin Leke Çıkarıcı Çamaşır Sulu Bahar Ferahlığı 750 ML,migros
migros-30980021,0.0,,1272.13,Frosch Sodalı Bulaşık Tableti 30 Tablet 540 G,migros
migros-30980022,0.0,,1985.55,Finish Ultimate Plus Limon 40 Tablet 488 G,migros
migros-30980023,0.0,,1358.95,Finish Ultimate Plus Limon 60 Tablet,migros
migros-30980027,0.0,,912.32,Bingo Akıllı Kapsül Pro Max Bulaşık Makinası Tablet 40'lı 548 G,migros
migros-30980028,0.0,,770.73,Bingo Hepsi Bir Arada Akıllı Kapsül Pro 50'li 685 G,migros
migros-30920531,0.0,,146.6,Cif Krem Mucize Yüzey Temizleyici Limon 750 Ml,migros
migros-34580510,0.0,,119.95,Sleepy Bio Natural Panytliner Normal Günlük Ped 40,migros
migros-34379438,0.0,,533.22,Duru Lux Perfumes Orkide Özleri Duş Jeli 450 Ml,migros
migros-34581006,0.0,,219.95,Tampax Tampon Pearl Compak Super Plus 16'lı,migros
migros-34581007,0.0,,219.95,Tampax Tampon Pearl Compak Super 16'lı,migros
migros-34581286,0.0,,99.0,Kotex Aplikatörlü Tampon Normal 8'li,migros
migros-35010006,0.0,,1666.33,Emotion Deodorant Ocean Fresh 150 Ml,migros
migros-35010096,0.0,,1126.67,Dove Salatalık & Yeşil Çay Sprey Deodorant 150 Ml,migros
migros-35010100,0.0,,1933.0,Rexona Musk Sprey Deodorant 150 Ml,migros
migros-35010104,0.0,,1933.0,Rexona Ocean Sprey Deodorant 150 Ml,migros
migros-35010105,0.0,,1933.0,Rexona Passion Sprey Deodorant 150 Ml,migros
migros-35010106,0.0,,1933.0,Rexona Nap Mystic Zz Sprey Deodorant 150 Ml,migros
migros-34046543,0.0,,6799.95,Philips Sonicare HX4033/32 Şarjlı Diş Fırçası 3100,migros
migros-35010110,0.0,,613.0,Like Me Deodorant Passion 150 Ml,migros
migros-35013120,0.0,,466.33,Miself Antiperspirant Deodorant Invisible 150 Ml,migros
migros-35013122,0.0,,466.33,Miself Antiperspirant Deodorant Protective 150 Ml,migros
migros-35013123,0.0,,466.33,Miself Antiperspirant Deodorant Supportive 150 Ml,migros
migros-35013126,0.0,,2133.0,NIVEA Kadın Sprey Deodorant Derma Control Defend 150 Ml,migros
migros-34410227,0.0,,785.57,Elidor Saç Bakım Kremi Ultra Işıltı 350 Ml,migros
migros-35013129,0.0,,1666.33,Emotion Deodorant Serum Boost Hassas Bakım 150 Ml,migros
migros-35013130,0.0,,1466.5,Emotion Ocean Fresh Avantaj Paket Deodorant 2 x 150 Ml,migros
migros-35013131,0.0,,2133.0,Rexona Kadın Clinical Protection Invisible Spray Deodorant 150 Ml,migros
migros-35013134,0.0,,1766.33,Rexona Thermocool Eucaplyptus & Magnolia Kadın Sprey Deodorant 150 Ml,migros
migros-35013135,0.0,,1766.33,Rexona Thermocool Frozen Acai & Jasmine Kadın Sprey Deodorant 150 Ml,migros
migros-35013137,0.0,,1666.33,Emotion Bliss Deodorant 150 Ml,migros
migros-35010109,0.0,,613.0,Like Me Deodorant Pure 150 Ml,migros
migros-34379458,0.0,,454.43,Duru Inspired By Nature Fresh Feel Duş Jeli 440 Ml,migros
migros-34379466,0.0,,2249.75,Dove Köpük Duş Jeli Argan Yağı 10 Kat Daha Yoğun Köpüğe Sahip Kremsi Formül 200 Ml,migros
migros-34390005,0.0,,777.67,Dove Deeply Nourishing Duş Jeli 450 Ml,migros
migros-34390006,0.0,,777.67,Dove Avokado Duş Jeli 450 Ml,migros
migros-34390007,0.0,,777.67,Dove Hindistan Cevizi Yağlı Duş Jeli 450 Ml,migros
migros-34410120,0.0,,576.0,Hobby Isıya Karşı Koruyucu Sprey 250 Ml,migros
migros-34410121,0.0,,3389.55,Ogx Argan Oil Isıya Karşı Koruyucu Sprey 177 Ml,migros
migros-34410138,0.0,,1079.8,Herbal Essences Nemlendirici Hindistan Ceviz Kokusu Saç Bakım Maskesi 250 Ml,migros
migros-34410141,0.0,,1079.8,Herbal Essences Onarıcı Argan Yağı Saç Bakım Kremi 250 Ml,migros
migros-34410145,0.0,,1245.0,Gliss 7 Sec Oil Nutritive Ekspres Onarıcı 200 Ml,migros
migros-34410146,0.0,,1245.0,Gliss 7 Sec Split Hair Miracle Ekspres Onarıcı 200 Ml,migros
migros-34379151,0.0,,719.8,NIVEA Creme Care Banyo ve Duş Jeli 250 Ml,migros
migros-34580507,0.0,,149.95,Sleepy Bio Natural Süper Normal Hijyenik Ped 24'lü,migros
migros-34410253,0.0,,1500.0,Elidor Brezilya Keratin Bakım Sütü 200 Ml + Kürü 90 Ml,migros
migros-34410273,0.0,,2499.75,L'Oréal Paris Elseve Collagen Lifter Spray 200 Ml,migros
migros-34414595,0.0,,2999.67,Elseve Dream Long Onarıcı Bakım Sprey 150 Ml,migros
migros-34414597,0.0,,1399.75,Bioblas Keratin & Kolajen Sıvı Saç Kremi 200 Ml,migros
migros-34414712,0.0,,1499.75,L'Oréal Paris Elseve Mucizevi Bukle Belirginleştirici Saç Bakım Kremi  200 Ml,migros
migros-34463758,0.0,,2949.75,Pantene Sunkiss Yaz Etkili Karşı Koruyucu Sprey 200 Ml,migros
migros-34511385,0.0,,99.0,Kotex Aplikatörlü Tampon Süper 8'li,migros
migros-34580003,0.0,,99.0,Kotex Natural Tampon Normal 16'lı,migros
migros-34580004,0.0,,249.95,Kotex Natural Tampon Süper 16'lı,migros
migros-34580017,0.0,,164.95,Molped Ultra Normal Hijyenik Ped 24'lü,migros
migros-34580018,0.0,,164.95,Molped Ultra Uzun 20'li,migros
migros-34580019,0.0,,164.95,Molped Ultra Gece Hijyenik Ped 16'li,migros
migros-34410230,0.0,,1049.75,Elidor Ultra Işıltı 100 Kurtarıcı Sprey 200 Ml,migros
migros-35019287,0.0,,5712.86,Deotak Krem Deodorant Fresh 35 Ml,migros
migros-35019324,0.0,,7999.0,Siveno Roll-On Deodorant Kadınlar İçin 50 Ml,migros
migros-35019333,0.0,,1999.67,NIVEA Kadın Sprey Deodorant Black&White Invisible İpeksi Pürüzsüzlük 150 Ml,migros
migros-35019374,0.0,,1999.67,Dove Kadın Sprey Deodorant Nemlendirici Bakım Lotus Çiçeği 150 Ml,migros
migros-35019378,0.0,,2133.0,Rexona Clinical Protection Kadın Sprey Deodorant Confidence 96 Saat Koruma 150 ml,migros
migros-35019385,0.0,,1666.33,Emotıon Detox Fresh Deodorant 150 Ml,migros
migros-35019386,0.0,,1666.33,Emotıon Detox Floral Deodorant 150 Ml,migros
migros-35019388,0.0,,3199.67,NIVEA Kadın Sprey Deodorant Derma Control Clinical 150 Ml,migros
migros-35019391,0.0,,1933.0,Rexona Kadın Sprey Deodorant Cotton Dry 150 ml,migros
migros-35019394,0.0,,1933.0,Rexona Kadın Sprey Deodorant Shower Fresh 150 ml,migros
migros-35019395,0.0,,1933.0,Rexona Kadın Sprey Deodorant Invisible Beyaz İz Sarı Leke Karşıtı 150 ml,migros
migros-35013138,0.0,,1999.67,Dove Eventone Sprey Şeftali Çiçeği & Pirinç Sütü Deodorant 150 Ml,migros
migros-35019398,0.0,,1749.75,Rexona Kadın Sprey Deodorant Shower Fresh 200 ml,migros
migros-35030060,0.0,,1599.67,Axe Erkek Sprey Deodorant Aqua Bergamot 150 ml,migros
migros-35013176,0.0,,2079.67,Nivea Kadın Sprey Deodorant Pearl & Beauty 150 Ml,migros
migros-35030074,0.0,,613.0,M Man Deodorant Wood 150 Ml,migros
migros-35030075,0.0,,613.0,M Man Deodorant Wınd 150 Ml,migros
migros-35030082,0.0,,1599.67,Axe Black Vanilla Erkek Sprey Deodorant 150 Ml,migros
migros-35030083,0.0,,1599.67,Axe Cherry Spritz Erkek Sprey Deodorant 150 Ml,migros
migros-35030084,0.0,,1599.67,Axe Cocoa Velvet Erkek Sprey Deodorant 150 Ml,migros
migros-35030530,0.0,,1599.67,Old Spice Deodorant Sprey Wolfthorn 150 Ml,migros
migros-35030533,0.0,,1599.67,Old Spice Deodorant Sprey Whitewater 150 Ml,migros
migros-35030536,0.0,,2133.0,Axe Sunset Fresh Erkek Deodorant 150 Ml,migros
migros-35030537,0.0,,1599.67,Axe Premium Collection Marshmallow Smoke Deodorant 150 Ml,migros
migros-35019397,0.0,,955.0,Rexona Kadın Sprey Deodorant Invisible Beyaz İz Sarı Leke Karşıtı 200 ml,migros
migros-35013142,0.0,,1999.67,Dove Original Sprey Deodorant 150 Ml,migros
migros-35013143,0.0,,1999.67,Dove Invisible Dry Sprey Deodorant 150 Ml,migros
migros-35013145,0.0,,2133.0,NIVEA Kadın Sprey Deodorant Derma Control Natural Tone 150 Ml,migros
migros-35013146,0.0,,860.0,Miself Deodorant Mystique 150 Ml,migros
migros-35013150,0.0,,1666.33,Blade Hero Selection Black Alpha Deodorant 150 Ml,migros
migros-35013169,0.0,,1174.75,Emotion Deodorant Gold Bliss 200 Ml,migros
migros-35013172,0.0,,999.67,Nivea Kadın Sprey Deodorant Black & White 150 Ml,migros
migros-35013174,0.0,,2299.67,Rexona Shower Fresh Deodorant ve Roll On 150 Ml ve 20 Ml Avantaj Paketi,migros
migros-34581004,0.0,,3625.0,Sebamed Feminine Intimate Wash PH 6.8 200 Ml,migros
migros-35013178,0.0,,2079.67,Nivea Kadın Sprey Deodorant Fresh Cherry 150 Ml,migros
migros-35013182,0.0,,1933.0,Cire Aseptine Aqua Fresh Deodorant 150 Ml+ Roll On 60 Ml,migros
migros-35013183,0.0,,1933.0,Cire Aseptine Spin Flower Deodorant ve Roll On 150 Ml + 60 Ml,migros
migros-35019286,0.0,,5712.86,Deotak Krem Deodorant Classic 35 Ml,migros
migros-35014008,0.0,,1666.33,Emotion Aqua Kiss Deodorant 150 Ml,migros
migros-35014009,0.0,,1666.33,Emotion Deodorant Sprey Love 150 Ml,migros
migros-35016001,0.0,,1266.33,Privacy Woman Deo Sprey 150 Ml,migros
migros-35017503,0.0,,1266.33,Bellissima Deodorant 150 Ml,migros
migros-35019058,0.0,,999.67,NIVEA Kadın Sprey Deodorant Black&White Invisible Clear 150 Ml,migros
migros-35019059,0.0,,999.67,NIVEA MEN Erkek Sprey Deodorant Black&White Invisible Original 150 Ml,migros
migros-35019060,0.0,,1999.67,NIVEA Kadın Sprey Deodorant Black&White Invisible Pure 150 Ml,migros
migros-35019275,0.0,,219.95,Garnier Mineral Termal Koruma Sprey Deodorant,migros
migros-35019276,0.0,,219.95,Garnier Mineral Termal Koruma Roll-On Deodorant,migros
migros-35019279,0.0,,219.95,Garnier Mineral Ultra Kuru Roll-On Deodorant,migros
migros-35019280,0.0,,4399.0,Garnier Mineral Saf&Temiz Roll-On 50 Ml,migros
migros-35013128,0.0,,1666.33,Emotion Deo Serum Boost Cilt Tonu Eşitleyici 150 Ml,migros
migros-35014005,0.0,,1666.33,Emotion Deodorant Sprey Romance 150 Ml,migros
migros-34370172,0.0,,777.67,Dove Lotus & Pirinç Duş Jeli 450 Ml,migros
migros-34370180,0.0,,155.44,Palmolive Smoothies Şeftali 450 Ml,migros
migros-34370181,0.0,,155.44,Palmolive Smoothies Karpuz 450 Ml,migros
migros-34370182,0.0,,542.71,Mara Wake Up Coco Duş Jeli 350 Ml,migros
migros-34370187,0.0,,439.9,Palmolive Aroma Sensations Relax Duş Jeli 500 Ml,migros
migros-34371199,0.0,,579.9,Palmolive Aroma Sensations So Firm Duş Jeli 500 Ml,migros
migros-34374146,0.0,,439.9,Palmolive Aroma Sensations Feel The Massage Duş Jel 500 Ml,migros
migros-34374152,0.0,,2249.75,Dove Sugar Cookie Duş Köpüğü 200 Ml,migros
migros-34370058,0.0,,624.88,Le Petit Marseillais Organik Mango & Çarkıfelek Meyveli Duş Jeli 400Ml,migros
migros-34374158,0.0,,777.67,Dove Sugar Cookie Duş Jeli 450 Ml,migros
migros-34374159,0.0,,629.95,Old Spice Captain Duş Jeli & Şampuan 1000 Ml,migros
migros-34379457,0.0,,454.43,Duru Inspired By Nature Desert Wild Flower Duş Jeli 440 Ml,migros
migros-34374161,0.0,,599.89,Balmy Naturel Çilek Limonata Duş Jeli 450 Ml,migros
migros-34374162,0.0,,599.89,Balmy Naturel Mango Ananas Duş Jeli 450 Ml,migros
migros-34374163,0.0,,599.89,Balmy Naturel Blueberry Gummy Duş Jeli 450 Ml,migros
migros-34374165,0.0,,439.9,Palmolive Soft Essence Badem Duş Jeli 500 Ml,migros
migros-34374166,0.0,,359.9,Palmolive Beauty Serum Aloe Vera Özü Duş Jeli 500 Ml,migros
migros-34374167,0.0,,359.9,Palmolive Beauty Kan Portakalı Karpuz & Nane Duş Jeli 500 Ml,migros
migros-34374168,0.0,,499.9,Rebul Bouquet Duş Jeli Unisex 500 Ml,migros
migros-34374170,0.0,,499.9,Rebul Magnolia Duş Jeli Unisex 500 Ml,migros
migros-34374171,0.0,,499.9,Rebul Aqua Duş Jeli Unisex 500 Ml,migros
migros-34374173,0.0,,674.88,Old Spice Epic Legend Duş Jeli 400 Ml,migros
migros-34374177,0.0,,538.38,Duru Body Scrub Duş Jeli Gold 650 Ml,migros
migros-34374178,0.0,,507.62,Duru Body Scrub Duş Jeli Silver 650 Ml,migros
migros-34374160,0.0,,439.9,Palmolive Soft Essence Hindistan Cevizi Duş Jeli 500 Ml,migros
migros-34370055,0.0,,624.88,Le Petit Marseillais Men Deniz Çamı & Okaliptüs Duş Jeli 400Ml,migros
migros-34370056,0.0,,624.88,Le Petit Marseillais Gardenya Çiçeği Duş Jeli 400Ml,migros
migros-34341493,0.0,,672.55,Pantene Glowtox Saç Kremi 275 Ml,migros
migros-34370072,0.0,,2249.75,Dove Duş Köpüğü Depply Nourishing 200 ml,migros
migros-34370074,0.0,,439.9,Urban Care Body Series Coconut Coffee Duş Jeli 500Ml,migros
migros-34370075,0.0,,439.9,Urban Care Turmeric Honey Duş Jeli 500 Ml,migros
migros-34370077,0.0,,439.9,Urban Care Monoi Oil Duş Jeli 500 Ml,migros
migros-34370082,0.0,,1949.75,Dove Argan Duş Köpüğü Original 200Ml x 2,migros
migros-34370094,0.0,,199.93,Mabel Marseille Şakayık Buketi Duş Jeli 750 Ml,migros
migros-34370095,0.0,,199.93,Mabel Marseille Şeftali Sepeti Duş Jeli 750 Ml,migros
migros-34370120,0.0,,899.9,Nivea Men Sport Duş Jeli 500 Ml,migros
migros-34370122,0.0,,859.9,Nivea Men Deep Dimension Duş Jeli 500 Ml,migros
migros-34370163,0.0,,644.33,Duru Body Scrub Dj Gold 450 Ml,migros
migros-34370132,0.0,,615.31,Le Petit Marseillais Gardenya Çiçeği Duş Jeli 650 Ml,migros
migros-34370133,0.0,,439.9,Urban Care Body Pink Greyfurt Pomelo Duş Jeli 500 Ml,migros
migros-34370134,0.0,,439.9,Urban Care Body Lavanta Vanilya Duş Jeli 500 Ml,migros
migros-34370138,0.0,,633.17,Axe Copper Santal Duş Jeli 300Ml,migros
migros-34370142,0.0,,559.9,Dermoskin Prebiyotik Duş Jeli Cadı Fındığı 500Ml,migros
migros-34357075,0.0,,1266.33,Privacy Gold Sensation Deodorant Women 150 Ml,migros
migros-34370144,0.0,,559.9,Dermoskin Prebiyotik Duş Jeli Aloe Vera 500Ml,migros
migros-34370146,0.0,,312.44,Le Petit Marseillais Şeftali Duş Jeli 2x400 Ml,migros
migros-34370150,0.0,,339.9,Sandy Duş Jeli Dream 500 Ml,migros
migros-34370151,0.0,,339.9,Sandy Duş Jeli Silk 500 Ml,migros
migros-34370152,0.0,,674.88,Old Spice Duş Jeli Rockstar 400 Ml,migros
migros-34370162,0.0,,644.33,Duru Body Scrub Dj Crystal 450 Ml,migros
migros-34370131,0.0,,615.31,Le Petit Marseillais Organik Mango & Çarkıfelek Meyveli Duş Jeli 650 Ml,migros
migros-34374248,0.0,,138.38,Duru Floral Duş Jeli Mor Buket 650 Ml,migros
migros-34374251,0.0,,138.38,Duru Floral Duş Jeli Kırmızı Buket 650 Ml,migros
migros-34374253,0.0,,599.83,Axe Marshmallow Smoke Erkek Duş Jeli 300 Ml,migros
migros-34374254,0.0,,692.23,Duru Body Scrub Duş Jeli Pink Delight 650 Ml,migros
migros-34374255,0.0,,138.38,Duru Floral Duş Jeli Beyaz Buket 650 Ml,migros
migros-34374179,0.0,,644.33,Duru Body Scrub Pink Delight Duş Jeli 450 Ml,migros
migros-34379259,0.0,,624.88,Le Petit Marseillais Duş Jeli Akdeniz Çileği 400 Ml,migros
migros-34379265,0.0,,624.88,Le Petit Marseillais Men Mineraller ve Sedir Ağacı Duş Jeli 400 Ml,migros
migros-34379276,0.0,,579.9,Palmolive Luminous Oils İncir & Beyaz Orkide Duş Jeli 500 Ml,migros
migros-34379328,0.0,,615.31,Le Petit Marseillais Duş Jeli Akdeniz Çileği 650 Ml,migros
migros-34379329,0.0,,615.31,Le Petit Marseillais Duş Jeli Vanilya Sütü 650 Ml,migros
migros-34379330,0.0,,615.31,Le Petit Marseillais Duş Jeli Beyaz Şeftali & Nektarin 650Ml,migros
migros-34370143,0.0,,559.9,Dermoskin Prebiyotik Duş Jeli Calendula 500Ml,migros
migros-34379353,0.0,,674.88,Old Spice Duş Jeli 400 ml Wolfthorn,migros
migros-34379354,0.0,,674.88,Old Spice Bearglove Duş Jeli & Şampuan 400 Ml,migros
migros-34379386,0.0,,1319.8,Le Petit Marseillais Vanilya 250Ml+Listerine Coolmint 250Ml,migros
migros-34379387,0.0,,1319.8,Le Petit Marseillais Çilek 250Ml + Listerine Coolmint 250Ml,migros
migros-34379409,0.0,,1166.5,L'Oréal Paris Men Expert Total Clean 5'İ 1 Arada Kömürlü Duş Jeli 300 Ml,migros
migros-34379421,0.0,,547.5,Mara Coco Bongo Hindistan Cevizi Duş Jeli 420 Ml,migros
migros-34379422,0.0,,547.5,Mara Sweet Seducer Ballı Vanilya Duş Jeli 420 Ml,migros
migros-34379437,0.0,,533.22,Duru Lux Perfumes Lotus Çiçeği Duş Jeli 450 Ml,migros
migros-34374204,0.0,,644.33,Duru Body Scrub Ice Light Duş Jeli 450 Ml,migros
migros-34379439,0.0,,533.22,Duru Lux Perfumes Jasmın Amber Duş Jeli 450 Ml,migros
migros-34379453,0.0,,533.22,Duru Fresh Sensations Okyanus Ferahlığı Duş Jeli 450 Ml,migros
migros-34379456,0.0,,349.95,L'Oréal Paris Men Expert Magnesium Defense Duş Jeli,migros
migros-34379349,0.0,,674.88,Old Spice Captain Duş Jeli 400 Ml,migros
migros-34374184,0.0,,599.83,Axe Insta Cool Ice Chill 3In1 Duş Jeli 300 Ml,migros
migros-34374185,0.0,,599.83,Axe Copper Santal Premium Duş Jeli 300 Ml,migros
migros-34374186,0.0,,859.9,NIVEA Creme Soft Kremsi Dokunuş Duş Jeli 500 Ml,migros
migros-34374187,0.0,,599.83,Axe Cherry Spritz Duş Jeli 300 Ml,migros
migros-34374188,0.0,,599.89,Balmy Naturel Mandalina Raspberry Duş Jeli 450 Ml,migros
migros-34374189,0.0,,599.89,Balmy Naturel Hindistan Cevizi Vanilya Duş Jeli 450 Ml,migros
migros-34374191,0.0,,599.83,Axe Aqua Bergamot Duş Jeli 300 Ml,migros
migros-34374192,0.0,,579.9,Palmolive Aroma Sensations Tangerine Duş Jeli 500 Ml,migros
migros-34374197,0.0,,749.88,L'oreal Hydra Energetic Duş Jeli 300 Ml + Elseve Şampuan400 Ml,migros
migros-34374198,0.0,,629.95,Old Spice White Water Erkek İçin Duş Jeli ve Şampuan 1 L,migros
migros-34374199,0.0,,629.95,Old Spice Bearglove Duş Jeli 1 L,migros
migros-34374200,0.0,,579.9,Palmolive Men Pure Arctic Erkek Duş Jeli 500 Ml,migros
migros-34374239,0.0,,379.9,Wemara Matcha Splash Duş Jeli Banyo Köpüğü 500 Ml,migros
migros-34374202,0.0,,426.6,Palmolive Men Sport Erkek Duş Jeli 750 Ml,migros
migros-34374203,0.0,,579.9,Palmolive Men Sport Erkek Duş Jeli 500 Ml,migros
migros-34374153,0.0,,289.95,Palmolive Aroma Sensations Restful Sleep Duş Jeli,migros
migros-34374206,0.0,,599.83,Axe Black Vanilla Duş Jeli 300 Ml,migros
migros-34374207,0.0,,1599.8,Old Spice Captain Deodorant 150 Ml & Duş Jeli Şampuan 250 Ml,migros
migros-34374213,0.0,,624.88,Dove Men +Care Clean Comfort Duş Jeli 400 Ml,migros
migros-34374214,0.0,,624.88,Dove Men +Care Extra Fresh Duş Jeli 400 Ml,migros
migros-34374215,0.0,,624.88,Dove Men +Care Sandalwood + Vanilla Duş Jeli 400 Ml,migros
migros-34374227,0.0,,579.9,Palmolive Aroma Sens Watermelon Duş Jeli 500 Ml,migros
migros-34374232,0.0,,139.9,Wemara Body Scrub Duş Jeli Bronz 500 Ml,migros
migros-34374236,0.0,,379.9,Wemara Ocean Chill Bubbles Duş Jeli Banyo Köpüğü 500 Ml,migros
migros-34374238,0.0,,379.9,Wemara Citrus Splash Duş Jeli Banyo Köpüğü 500 Ml,migros
migros-34374201,0.0,,579.9,Palmolive Men Muscle Cooling Erkek Duş Jeli 500 Ml,migros
migros-46023234,0.0,,59.95,Nar Toz Şeker 1 Kg,migros
migros-46023235,0.0,,51.99,Nar Toz Şeker 5 Kg,migros
migros-46023347,0.0,,349.9,Restorex Şampuan Saç Dökülmesine Karşı 500 Ml,migros
migros-46023924,0.0,,144.95,Kotex İnce Günlük Parfümlü 56'lı,migros
migros-35178012,0.0,,8443.33,Rexona Kadın Clinical Stick Shower Clean 45 Ml,migros
migros-46024867,0.0,,199.97,Öncü Biber Salçası Tatlı 1650 G,migros
migros-46024868,0.0,,145.42,Öncü Domates Salçası 1650 G,migros
migros-46025029,0.0,,379.8,Tatlan Tahin Pet 500 G,migros
migros-46025977,0.0,,59.98,Kühne Beyaz Sirke 2 L,migros
migros-46026112,0.0,,1331.67,Bağdat Fesleğen 30G,migros
migros-46026129,0.0,,114.95,Molped Her Gün Ferahlık Günlük Ped 60'lı,migros
migros-35030539,0.0,,2133.0,Axe Number 10 Erkek Deodorant 150 Ml,migros
migros-46026166,0.0,,45.0,Balaban Şekersiz Limonata 1 L,migros
migros-46026167,0.0,,45.0,Balaban Limonata 1 L,migros
migros-46027292,0.0,,61.95,Nar Küp Şeker 1 Kg,migros
migros-46040053,0.0,,242.79,Banvit Piliç Nugget 700 G,migros
migros-46040054,0.0,,257.86,Banvit Piliç Schnitzel 700 G,migros
migros-46040055,0.0,,669.75,Banvit Piliç Yaprak Döner 200 G,migros
migros-46040101,0.0,,399.95,Banvit Piliç Izgara Tava Kg,migros
migros-46040109,0.0,,329.95,Banvit Piliç Kanat Kg,migros
migros-35409284,0.0,,1874.88,Sebamed Saç Dökülmesine Karşı Etkili Şampuan 400 Ml,migros
migros-46040139,0.0,,359.95,Banvit Piliç Bonfile Kg,migros
migros-46040143,0.0,,159.95,Banvit Piliç Baget Kg,migros
migros-46040145,0.0,,189.95,Banvit Piliç Pirzola Kg,migros
migros-46026165,0.0,,45.0,Balaban Karadut Aromalı Gazsız İçecek 1 L,migros
migros-35180053,0.0,,5427.86,Old Spice Cold Spice Clear Gel 70 Ml,migros
migros-35180054,0.0,,3999.0,Nivea Men Stick Deodorant Black & White Invisible 50 Ml,migros
migros-35180056,0.0,,5293.53,Old Spice Deodorant Stick Captain 85 Ml,migros
migros-35180058,0.0,,4799.0,Old Spice Deodorant Stick Bearglove 50 Ml,migros
migros-35180059,0.0,,4799.0,Old Spice Deodorant Stick Captain 50 Ml,migros
migros-35180060,0.0,,4799.0,Old Spice Deodorant Stick Wolfthorn 50 Ml,migros
migros-35188011,0.0,,8443.33,Rexona Men Clinical Protection Active Fresh Stick Deodorant 45 Ml,migros
migros-35349018,0.0,,179.95,BIC Flex3 Classic 3'lü Blister,migros
migros-35349154,0.0,,1279.95,Gillette Fusion ProG'lide Yedek Tıraş Bıçağı 4 Adet,migros
migros-35349155,0.0,,699.95,Gillette Fusion ProG'lide Yedek Tıraş Bıçağı 2 Adet,migros
migros-35407290,0.0,,628.43,Elidor Saç Bakım Kremi Güçlü ve Parlak 350 Ml,migros
migros-35407291,0.0,,571.29,Elidor Saç Bakım Kremi Sağlıklı Uzayan Saçlar 350 Ml,migros
migros-46023129,0.0,,229.95,Reis Karabuğday 1 Kg,migros
migros-35407293,0.0,,628.43,Elidor Saç Bakım Kremi Anında Onarıcı 350 Ml,migros
migros-35068074,0.0,,4399.0,L'Oréal Paris Men Expert Carbon Protect Anti Perspirant Roll On 50 Ml,migros
migros-35409285,0.0,,10999.0,Sebamed Rollon Fresh 50 Ml,migros
migros-35409304,0.0,,1874.88,Sebamed Kepek Önleyici Şampuan 400 Ml,migros
migros-46020971,0.0,,675.0,Indomie Köri Çeşnili Noodle (Bardak) 60 G,migros
migros-46021186,0.0,,240.98,Burcu Közlenmiş Biber 560 G,migros
migros-46021188,0.0,,142.5,Burcu Közlenmiş Patlıcan 540 G,migros
migros-46021203,0.0,,196.58,Burcu Tatlı Biber Salçası 600 G,migros
migros-46021477,0.0,,196.58,Burcu Acı Biber Salçası 600 G,migros
migros-46021483,0.0,,188.25,Burcu Biber Domates Salçası 600 G,migros
migros-46021716,0.0,,599.9,Fersan Balsamik Sirke 500 Ml Cam,migros
migros-46022456,0.0,,73.9,Arbella Çarliston Makarna 500 G,migros
migros-35407292,0.0,,628.43,Elidor Saç Bakım Kremi Saç Dökülmelerine Karşı 350 Ml,migros
a101-11000274,0.0,,221.4,Keskinoğlu Bütün Tavuk 1640 G,a101
a101-11000275,0.0,,239.85,Keskinoğlu Tavuk Kanat 650 G,a101
a101-11000276,0.0,,161.85,Keskinoğlu Tavuk Pirzola 650 G,a101
a101-11000277,0.0,,123.25,Keskinoğlu Tavuk Baget 850 G,a101
a101-11000278,0.0,,215.33,Keskinoğlu Tavuk Bonfile 675 G,a101
a101-11000289,0.0,,798.0,Ramiz Dana Köfte Dondurulmuş 500 G,a101
a101-11000290,0.0,,625.0,Polonez Piliç Füme 60 G,a101
a101-11000295,0.0,,90.35,Keskinoğlu Kalçalı Tavuk But 650 G,a101
a101-11000304,0.0,,908.33,Torku Dana Dilimli Macar Salam 60 G,a101
a101-11000305,0.0,,839.29,Namet Dana Kangal Sucuk 280 G,a101
a101-11000306,0.0,,839.29,Namet Dana Parmak Sucuk 280 G,a101
a101-11000311,0.0,,146.47,Keskinoğlu Piliç Salam 850 G,a101
migros-46050660,0.0,,480.0,Seleköy Doğal Siyh Zeytn Yağlı Salamura 260-290M,migros
a101-11000150,0.0,,957.14,Namet Dana Mangal Sucuk 350 G,a101
a101-11000129,0.0,,950.0,Namet 7/24 Dana Jambon 50 G,a101
sampuan-400ml-a101,0.0,0.0,547.5,Elidor Onarıcı Şampuan 400 ml,a101
sampuan-gliss-400ml,0.0,0.0,199.95,Gliss Full Hair Wonder Şampuan 400 Ml,migros
seker-5kg-a101,0.0,0.0,43.8,Petek Toz Şeker 5 kg,a101
sogan-a101,0.0,0.0,35.9,Soğan kg,a101
su-5l-a101,0.0,0.0,7.2,Su 5 L,a101
su-hamidiye-5l,0.0,0.0,7.3,Hamidiye Kaynak Suyu Pet  5 L,migros
sucuk-450g-a101,0.0,0.0,931.11,Torku Dana Kangal Sucuk 450 g,a101
sucuk-cumhuriyet-kg,0.0,0.0,2199.0,Cumhuriyet Parmak Sucuk Kg,migros
a101-11000198,0.0,,202.5,Bolez Poşetli Bütün Tavuk 1500 G,a101
a101-11000197,0.0,,207.35,Bolez Bonfile Tavuk 650 G,a101
a101-11000312,0.0,,210.0,Keskinoğlu Piliç Kokteyl Sosis 500 G,a101
migros-46051410,0.0,,97.01,İhe Tost Ekmeği 670 G,migros
migros-46051517,0.0,,119.95,Keskinoğlu Free Range M 10'lu Yumurta,migros
migros-46051518,0.0,,99.95,Keskinoğlu Omega-3 M 10'lu Yumurta,migros
migros-46051692,0.0,,455.56,Fora Gemlik Doğal Yağlı Salamura Siyah Zeytin Kavanoz 291-350 450 G,migros
migros-46051848,0.0,,176.67,Arslan Kaymaklı Yoğurt 900 G,migros
migros-46051849,0.0,,299.9,Arslan Manda Sütlü Çömlek Yoğurt 1000 G,migros
migros-46051868,0.0,,86.63,Eker Yarım Yağlı Kaymaksız Yoğurt 1500 G,migros
migros-46054047,0.0,,466.5,Torku Krem Peynir 300 G,migros
migros-46054060,0.0,,65.0,Torku Yarım Yağlı Süt 1 L,migros
migros-46054061,0.0,,99.25,Torku Yoğurt Tam Yağlı 2 Kg,migros
migros-46054132,0.0,,117.55,Torku Miniki Muzlu Süt 6X180 Ml,migros
migros-46024605,0.0,,254.6,Reis İç Bakla (Ege) 750 G,migros
a101-11000273,0.0,,209.25,Keskinoğlu Bütün Tavuk 1350 G,a101
migros-46054277,0.0,,179.95,Naturaköy Gezen 15'li Yumurta M Orta Boy (53-62) G,migros
migros-46054370,0.0,,1124.5,Muratbey Topi Peynir 200 G,migros
migros-46054398,0.0,,337.5,Kısmet Kazandibi 400 G,migros
migros-46054715,0.0,,76.25,Sütaş 200 Ml Ayran,migros
migros-46054733,0.0,,649.5,Pınar Üçgen Peynir 16'lı 200 G,migros
nohut-1kg-a101,0.0,0.0,62.5,Yöremce Yerli Koçbaşı Nohut 1 kg,a101
patates-a101,0.0,0.0,35.9,Patates kg,a101
patates-kg,0.0,0.0,41.95,Patates Yeni Mahsul Kg,migros
peynir-beyaz-ekici-kg,0.0,21.18,411.9,Ekici Beyaz Peynir Kg,migros
pilic-bonfile-1kg-a101,0.0,0.0,179.0,Hastavuk Piliç Bonfile Dondurulmuş 1 kg,a101
migros-46040136,0.0,,159.95,Banvit Poşetli Bütün Piliç Kg,migros
a101-11000127,0.0,,798.0,Akçasaray Dana Akçaabat Köfte Dondurulmuş 500 G,a101
migros-46054232,0.0,,3400.0,Maret Pratik Kavurma 100 G,migros
migros-35038123,0.0,,7999.0,Siveno Roll-On Deodorant Erkekler İçin 50 Ml,migros
migros-35038129,0.0,,2133.0,Axe Erkek Deodorant Sprey Ice Chill 150 Ml,migros
migros-35038147,0.0,,219.95,Garnier Men Lekesiz Koruma Sprey Deodorant,migros
migros-35038149,0.0,,199.95,Garnier Men Ekstra Ferahlık Spray Deodorant,migros
migros-35038173,0.0,,2133.0,Axe Erkek Deodorant Sprey Africa 150 ml,migros
migros-35038179,0.0,,1999.67,NIVEA Men Erkek Sprey Deodorant Cool Kick Fresh 150 ml,migros
migros-35038188,0.0,,2133.0,Rexona Men Clinical Protection Erkek Sprey Deodorant Confidence 96 Saat Koruma 150 ml,migros
migros-35038193,0.0,,1666.33,Blade Cool Fresh Deodorant 150 Ml,migros
migros-35038200,0.0,,3199.67,NIVEA MEN Erkek Sprey Deodorant Derma Control Clinical 150 Ml,migros
migros-35038203,0.0,,1933.0,Rexona Men Erkek Sprey Deodorant Invisible Black & White 150 ml,migros
migros-35038204,0.0,,1933.0,Rexona Men Erkek Sprey Deodorant Xtra Cool 150 ml,migros
migros-35180051,0.0,,5999.0,Axe Premium Collection Blue Lavender Erkek Stick 50 Ml,migros
migros-35038207,0.0,,1933.0,Rexona Men Erkek Sprey Deodorant Champions 150 ml,migros
migros-35038208,0.0,,1749.75,Rexona Men Erkek Sprey Deodorant Xtra Cool 200 ml,migros
migros-35038209,0.0,,1749.75,Rexona Men Erkek Sprey Deodorant Invisible Black & White 200 Ml,migros
migros-35050029,0.0,,5599.0,Rexona Shower Fresh 72Sa Roll On 50 Ml,migros
migros-35050030,0.0,,5599.0,Rexona Invisible Black + White 72Sa Roll On 50 Ml,migros
migros-35050034,0.0,,5599.0,Rexona Xtra Cool 72Sa Roll On 50 Ml,migros
migros-35050040,0.0,,7915.62,Rexona Clinical Confidence Stick 48 G,migros
migros-35050043,0.0,,7999.0,Sıveno %100 Doğal Hindistan Cevizli Roll-On 50 Ml,migros
migros-35050045,0.0,,7999.0,Sıveno %100 Doğal Roll On Aloe Vera 50 Ml,migros
migros-35050055,0.0,,5999.0,Dove Women Roll On Original 50 Ml,migros
migros-35050062,0.0,,5599.0,Rexona Kadın Roll On Frozen Açai & Jasmine 50 Ml,migros
migros-35050063,0.0,,2999.0,Nivea Kadın Roll-On Deodorant Black&White Invisible 50 Ml,migros
migros-35030549,0.0,,4799.0,Old Spice Deodorant Stick Whitewater 50 Ml,migros
migros-35030541,0.0,,1999.67,Dove Men+ Care Sandalwood & Vanilla Erkek Deodorant 150 Ml,migros
migros-35030543,0.0,,1999.67,Dove Men+ Care Extra Fresh Erkek Deodorant 150 Ml,migros
migros-35030544,0.0,,4799.0,Old Spice Epic Legend Stick 50 Ml,migros
migros-35030545,0.0,,1599.67,Old Spice Deodorant Sprey Nightpanther 150 Ml,migros
migros-35030548,0.0,,4799.0,Old Spice Deodorant Stick Rockstar 50 Ml,migros
migros-35019282,0.0,,219.95,Garnier Mineral Saf&Temiz Sprey Deodorant,migros
migros-35030551,0.0,,4799.0,Old Spice Deodorant Stick Nightpanther 50 Ml,migros
migros-35030552,0.0,,1999.67,Dove Men Clean Comfort Sprey Deodorant 150 Ml,migros
migros-35030553,0.0,,1666.33,Blade Hero Selection Night Fire Deodorant 150 Ml,migros
migros-35030556,0.0,,1599.67,Old Spice Deodorant Sprey Rockstar 150 Ml,migros
migros-35030558,0.0,,1599.67,Old Spice Deodorant Sprey Bearglove 150 Ml,migros
migros-35030565,0.0,,1999.67,Old Spice Captain Sprey 150 Ml,migros
migros-35038115,0.0,,1999.67,NIVEA Men Erkek Sprey Deodorant Dry Fresh 150 ml,migros
migros-35030576,0.0,,2299.67,Rexona Xtracool Deo ve Roll On 150 Ml ve 20 Ml Avn Pk,migros
migros-35030577,0.0,,2432.16,Axe Premium Collection Marshmallow Smoke Deodorant 185 Ml,migros
migros-35030580,0.0,,2133.0,Rexona Men Clinical Protection Invisible Spray Deodorant 150 Ml,migros
migros-35030581,0.0,,1599.67,Old Spice Cold Spice Sprey 150 Ml,migros
migros-35030582,0.0,,1599.67,Axe Premium Collection White Vetiver Deodorant 150 Ml,migros
migros-35030589,0.0,,999.67,Nivea Men Sprey Deodorant Black & White Invisible Epic 150 Ml,migros
migros-35030590,0.0,,1896.5,Axe Number 10 Deodorant Avantajlı Paket 2 x 150 Ml,migros
migros-35036001,0.0,,1266.33,First Class Aromel Deodorant Sprey 150 Ml,migros
migros-35030061,0.0,,1599.67,Axe Erkek Sprey Deodorant Blue Lavender 150 ml,migros
migros-35038067,0.0,,2133.0,Axe Apollo Erkek Sprey Deodorant 150 Ml,migros
migros-35038076,0.0,,2133.0,Axe Black Erkek Sprey Deodorant 150 Ml,migros
migros-35038095,0.0,,1999.67,NIVEA MEN Erkek Sprey Deodorant Black&White Invisible Fresh 150 Ml,migros
migros-35030567,0.0,,1999.67,Nivea Men Erkek Spray Deodorant Fresh Active 150 Ml,migros
migros-35062298,0.0,,2999.0,Nivea Men Erkek Roll-On Deodorant Black & White Invisible 50 Ml,migros
migros-35062303,0.0,,5427.86,Gillette Clear Gel Power Rush 70 Ml,migros
migros-35068026,0.0,,5799.0,NIVEA MEN Erkek Roll-On Deodorant Black&White Invisible Fresh 50 Ml,migros
migros-35068030,0.0,,5799.0,Nivea Dry Fresh Erkek Roll-On Deodorant 50 Ml,migros
migros-35068057,0.0,,219.95,Garnier Men Lekesiz Koruma Roll-on Deodorant,migros
migros-35068059,0.0,,219.95,Garnier Men Ekstra Ferahlık Roll-on Deodorant,migros
migros-35068064,0.0,,4399.0,L'Oréal Paris Men Expert Thermic Resist Roll On 50 Ml,migros
migros-35068069,0.0,,5799.0,NIVEA MEN Erkek Roll-On Deodorant Black&White Invisible Güçlü Etki 50 Ml,migros
migros-35050077,0.0,,6599.0,Dove Original Krem Stick 50 Ml,migros
migros-35068075,0.0,,5799.0,NIVEA Men Erkek Roll-on Deodorant Cool Kick Fresh Ter ve Ter Kokusuna Karşı 48 Saat Anti-perspirant Koruma 50ml,migros
migros-35068086,0.0,,3999.0,NIVEA MEN Erkek Stick Deodorant Black&White 72 Saat Anti-perspirant Insible Original 50 ml,migros
migros-35068087,0.0,,5399.0,NIVEA MEN Erkek Stick Deodorant Fresh Active 50 Ml,migros
migros-35050074,0.0,,6399.0,NIVEA Kadın Roll-On Deodorant Derma Control Natural Tone 50 Ml,migros
migros-35068090,0.0,,5399.0,NIVEA MEN Erkek Stick Deodorant Deep Darkwood 50 Ml,migros
migros-35068092,0.0,,8399.0,NIVEA MEN Erkek Roll-On Deodorant Derma Control Clinical 50 Ml,migros
migros-35070401,0.0,,3999.33,NIVEA Kadın Pump Sprey Deodorant 48 Saat Ter Koruması 75 Ml,migros
migros-35080401,0.0,,3999.33,NIVEA MEN Erkek Pump Sprey Deodorant Fresh Active 75 Ml,migros
migros-35130328,0.0,,4699.5,Old Spice Tıraş Sonrası Losyon 100 Ml,migros
migros-35137638,0.0,,5999.5,Nivea Men Fresh Kick Tıraş Sonrası Losyon 100 Ml,migros
migros-35140401,0.0,,5999.5,Nivea Protect & Care Nemlendirici Tıraş Sonrası Balsam 100Ml,migros
migros-35140402,0.0,,5999.5,NIVEA MEN Erkek Hassas Ciltler İçin Tıraş Sonrası Balsam 100 ml,migros
migros-35140405,0.0,,5999.5,NIVEA MEN Erkek Hassas Ciltlere Özel Serinletici Tıraş Sonrası Balsam 100 Ml,migros
migros-35160002,0.0,,5999.0,Rexona Men Extreme Fresh Stick 50 Ml,migros
migros-35176990,0.0,,3999.0,Nivea Kadın Stick Deodorant Black & White Invisible 50 Ml,migros
migros-35060055,0.0,,1939.0,Like Me Roll On Passion 50 Ml,migros
migros-35068088,0.0,,5399.0,"NIVEA MEN Erkek Stick Deodorant Black&White Invisible Fresh 50 Ml, 72 Saat Anti-perspirant",migros
migros-35050075,0.0,,6399.0,NIVEA Kadın Roll-On Deodorant Derma Control Defend 50 Ml,migros
migros-35050076,0.0,,3999.0,Dove Stick Original 50 Ml,migros
migros-35036501,0.0,,1266.33,Privacy Man Deodorant Sprey 150 Ml,migros
migros-35050079,0.0,,3999.0,Dove Stick Invisible Dry 50 Ml,migros
migros-35050402,0.0,,5799.0,NIVEA Kadın Roll-on Deodorant Fresh Natural 50 Ml,migros
migros-35050408,0.0,,5799.0,NIVEA Kadın Roll-On Deodorant Double Effect 50 Ml,migros
migros-35050412,0.0,,2999.0,NIVEA Kadın Roll-On Deodorant Black&White Invisible Clear 50 Ml,migros
migros-35051414,0.0,,5799.0,"NIVEA Fresh Sensation Kadın Roll on Deodorant, 72 Saat Anti-perspirant Koruma, 50ml",migros
migros-35058068,0.0,,7999.0,Siveno Doğal Roll-on - Teen Pink 50 Ml,migros
migros-35058069,0.0,,7999.0,Siveno Doğal Roll-on - Sportive 50 Ml,migros
migros-35058070,0.0,,219.95,Garnier Mineral Lekesiz Koruma Ferah Koku Roll-On Deodorant,migros
migros-35058083,0.0,,219.95,Garnier Mineral Magnezyum Ultra Kuru Roll-on,migros
migros-35062296,0.0,,7110.0,Rexona Men Clinical Confidence Erkek Roll-On 45 Ml,migros
migros-35058106,0.0,,3999.0,NIVEA Black & White Invisible İpeksi Pürüzsüzlük Stick 50ml,migros
migros-35058107,0.0,,5399.0,NIVEA Kadın Stick Deodorant Fresh Natural 50 Ml,migros
migros-35058110,0.0,,5540.0,NIVEA Kadın Roll-On Deodorant Derma Control Clinical 50 Ml,migros
migros-35060039,0.0,,7915.62,Rexona Clinical Clean Scent Stick 48 G,migros
migros-35060050,0.0,,1939.0,M Man Roll On Wood 50 Ml,migros
migros-35038206,0.0,,1933.0,Rexona Men Erkek Sprey Deodorant Kömür Detox 150 ml,migros
migros-35060402,0.0,,5799.0,NIVEA MEN Erkek Roll-On Deodorant Fresh Active 50 Ml,migros
migros-35060406,0.0,,2999.0,NIVEA MEN Erkek Roll-on Deodorant Black&White Invisible Original 72 Saat Anti-perspirant Koruma 50ml,migros
migros-35062278,0.0,,6239.0,Nivea Men Fresh Sensation Roll-On Deodorant 50 Ml,migros
migros-35062288,0.0,,5427.86,Gillette Clear Gel Artic Ice 70 Ml,migros
migros-35062290,0.0,,5427.86,Old Spice Whitewater Erkek Terleme Önleyici Jel Deodorant 70 Ml,migros
migros-35062294,0.0,,6399.0,NIVEA MEN Erkek Roll-on Deodorant Derma Control Defend Tahriş Karşıtı 50 Ml,migros
migros-35058089,0.0,,219.95,Garnier Mineral Hyaluronik Bakım Roll-on Deodorant,migros
migros-34235219,0.0,,639.8,Derby Okyanus Esintisi Tıraş Kolonyası 250Ml,migros
migros-34235220,0.0,,639.8,Derby Amber Kokusu Tıraş Kolonyası 250Ml,migros
migros-34235221,0.0,,639.8,Derby Doğa Ferahlığı Tıraş Kolonyası 250 Ml,migros
migros-34240077,0.0,,1859.75,Bond Repair Tüm Yıpranmalar için Saç Bağlarını Güçlendirici Şampuan 200 Ml,migros
migros-34240078,0.0,,1787.5,Ogx Argan Oil Of Morocco Katı Şampuan 80 G,migros
migros-34240080,0.0,,1787.5,Ogx Coconut Milk Katı Şampuan 80 G,migros
migros-34240081,0.0,,1185.57,Urban Care Bond Plex Şampuan No:2 350 Ml,migros
migros-34240082,0.0,,1479.8,Urban Care Bond Plex Saç Kremi No:3 250 Ml,migros
migros-34240098,0.0,,999.83,Head & Shoulders Derinlemesine Temiz Şampuan Kaşıntı Giderici 300 Ml,migros
migros-34240099,0.0,,999.83,Head & Shoulders Derinlemesine Temiz Şampuan Yağlanma Kontrolü 300 Ml,migros
migros-34240100,0.0,,999.83,Head & Shoulders Derinlemesine Temiz Şampuan Saç Derisi Detoksu 300 Ml,migros
migros-34370054,0.0,,649.88,Johnson's Vıta-rıch Gül Suyu Yatıştırıcı Duş Jeli 400Ml,migros
migros-34160340,0.0,,659.95,Gillette Mach3 Yedek Tıraş Bıçağı 4 Adet,migros
migros-34240143,0.0,,757.42,Head & Shoulders Şampuan Limon Ferahlığı 1in1 330 Ml,migros
migros-34240144,0.0,,757.42,Head & Shoulders Şampuan Klasik Bakım 1in1 330 Ml,migros
migros-34240145,0.0,,757.42,Head & Shoulders Şampuan Derinlemesine Nemlendirici Hindistan Cevizi 1in1 330 Ml,migros
migros-34240149,0.0,,757.42,Head & Shoulders Ekstra Hacim Kepek Karşıtı Şampuan 330ML,migros
migros-34240150,0.0,,599.92,Head & Shoulders Şampuan Klasik Bakım 2in1 625 Ml,migros
migros-34240152,0.0,,1285.57,Urban Care No.3 Expert Apple Cider Kepek Karşıtı Şampuan 350 ml,migros
migros-34240153,0.0,,1460.0,Urban Care No.1 Expert Apple Cider Kepek Karşıtı Peeling Şampuan 200 ml,migros
migros-34240154,0.0,,771.29,Herbal Essences Yatıştırıcı Aloe İçeren Şampuan 350 Ml,migros
migros-34240157,0.0,,771.29,Herbal Essences Onarıcı Argan Yağı Şampuan 350 Ml,migros
migros-34240158,0.0,,771.29,Herbal Essences Kadifemsi Yumuşaklık Gül Kokulu Şampuan 350 Ml,migros
migros-34240160,0.0,,771.29,Herbal Essences Nemlendirici Hindistan Ceviz Kokulu Şampuan 350 Ml,migros
migros-34240138,0.0,,757.42,Head & Shoulders Şampuan Saç Dökülmesine Karşı Kafein Etkili 330 Ml,migros
migros-34160009,0.0,,1849.75,Gillette Fusion Jel Hassas 200 Ml,migros
migros-34160010,0.0,,289.95,Gillette Blue3 Plus Tıraş Bıçağı 3'lü,migros
migros-34160012,0.0,,1099.95,Gillette Mach3 Kömür Makine + 6 Yedek Tıraş Bıçağı,migros
migros-34160013,0.0,,339.95,Gillette Sensor3 Plus Comfort H +4,migros
migros-34160014,0.0,,519.95,Gillette Sensor3 Plus Comfort H +8,migros
migros-34160015,0.0,,449.95,Gillette Sensor3 Plus Comfort 8'li Bıçak,migros
migros-34130007,0.0,,489.95,Gillette Blue3 Sensitive Kullan At Tıraş Bıçağı 6'lı,migros
migros-34160341,0.0,,419.95,Gillette Mach3 Yedek Tıraş Bıçağı 2 Adet,migros
migros-34161162,0.0,,109.95,M Man Çift Bıçaklı Tıraş Aleti 10'lu Poşet,migros
migros-34161165,0.0,,62.95,M Man Banyo Tıraş Aleti 6'lı Poşet,migros
migros-34161166,0.0,,62.95,M Man Tek Bıçaklı Tıraş Aleti 6'lı Poşet,migros
migros-34161167,0.0,,202.95,M Man 3 Bıçaklı Tıraş Aleti 6'lı Blister,migros
migros-34230003,0.0,,509.61,Arko Men Tıraş Sonrası Kolonya Cool 255 Ml,migros
migros-34161364,0.0,,599.95,Gillette Mach3 Sport Yedek Tıraş Bıçağı 4 Adet,migros
migros-34161368,0.0,,219.95,Derby Samurai 3 5'Li Poşet,migros
migros-34161385,0.0,,559.95,Derby Samurai 3 Platinum 9+3 Poşet,migros
migros-34161395,0.0,,899.95,Gillette Fusion Start 4 Adet Yedek Bıçak,migros
migros-34161401,0.0,,139.95,BIC Hybrid 3 Flex Sistem Tıraş Bıçağı 1 Sap + 4 Yedek Kartuş,migros
migros-34161402,0.0,,199.95,BIC Hybrid 3 Flex Tıraş Bıçağı Yedek Kartuşu 4'lü,migros
migros-34161403,0.0,,389.95,BIC Hybrid 5 Flex Sistem Tıraş Bıçağı 1 Sap + Yedek Kartuş,migros
migros-34161404,0.0,,449.95,BIC Hybrid 5 Flex Tıraş Bıçağı Yedek Kartuşu 4'lü,migros
migros-34161405,0.0,,175.95,Derby Tek Poşet 10'lu,migros
migros-34141388,0.0,,119.95,Derby Samurai Platınum 3 Blister 3'Lü,migros
migros-34230001,0.0,,509.61,Arko Men Tıraş Sonrası Kolonya Gold Power 255 Ml,migros
migros-34230002,0.0,,509.61,Arko Men Tıraş Sonrası Kolonya Platınum 255 Ml,migros
migros-34161362,0.0,,190.95,Arko Men Tek Bıçak Tıraş Bıçağı 10'lu,migros
migros-34243104,0.0,,799.87,Dove Şampuan Bond Repair 375 Ml,migros
migros-34243105,0.0,,666.53,Dove Şampuan Besleyici Terapi 375 Ml,migros
migros-34243106,0.0,,1599.8,Bade Natural Biberiye Dökülme Karşıtı Şampuan 250 Ml,migros
migros-34243107,0.0,,1999.75,Elseve Growth Booster Döküntü Karşıtı Şampuan 200 Ml,migros
migros-34243108,0.0,,757.42,Head & Shoulders Biberiye Özlü Güçlü Saçlar Şampuan 330 Ml,migros
migros-34243109,0.0,,757.42,Head & Shoulders Men Spor Ferahlığı Şampuan 330 Ml,migros
migros-34243110,0.0,,666.53,Dove Şampuan Dökülme Karşıtı 375 Ml,migros
migros-34243111,0.0,,666.53,Dove Şampuan Uzun Saç Terapisi 375 Ml,migros
migros-34243116,0.0,,362.38,Duru Güçlü Parlak Şampuan 400 Ml,migros
migros-34240204,0.0,,1558.31,Ogx Biotin & Collagen Şampuan 385 Ml,migros
migros-34243118,0.0,,362.38,Duru Kepeğe Karşı Şampuan 400 Ml,migros
migros-34240161,0.0,,1999.75,L'Oréal Paris Elseve Glycolic Gloss Bakım Yapan Şampuan 200 Ml,migros
migros-34243120,0.0,,499.88,Gliss Summer Repair Şampuan 400 Ml,migros
migros-34243121,0.0,,999.83,L'Oréal Paris Elseve Collagen Lifter Şampuan 300 Ml,migros
migros-34243124,0.0,,1211.97,Clear Men Special Edition Fifa World Şampiyonası 330 Ml,migros
migros-34243125,0.0,,291.58,Dove Şampuan Yoğun Onarıcı 600 Ml,migros
migros-34243127,0.0,,166.58,Duru Nem Bombası Kepeğe Karşı Etkili Şampuan 600 Ml,migros
migros-34243128,0.0,,1241.21,Pantene Grow Abundant Dökülme Karşıtı Şampuan 290 Ml,migros
migros-34243129,0.0,,1057.0,Urban Care No.2 Glycolic Retinol Saç Bakım Şampuanı 350 Ml,migros
migros-34243130,0.0,,757.42,Head & Shoulders Men Ultra Old Spice 330 Ml,migros
migros-34243131,0.0,,757.42,Head & Shoulders Men Ultra Dökülme Karşıtı 330 Ml,migros
migros-34245249,0.0,,714.14,URBAN Care EXPERT Biotin&Kafein Saç Bakım Şampuanı 350ml,migros
migros-34245256,0.0,,1110.97,Revox Biotin&Collagen At Kuyruğu Şampuan 360 Ml,migros
migros-34245257,0.0,,1110.97,Revox Laboratories Men Şampuan 360 Ml,migros
migros-34243119,0.0,,362.38,Duru Arındırıcı & Hacim Veren Şampuan 400 Ml,migros
migros-34240163,0.0,,583.19,Bioblas Keratin & Kolajen Şampuan 360 Ml,migros
migros-34240164,0.0,,1199.8,Gliss Blonde Perfector Onarıcı Mor Şampuan 250 Ml,migros
migros-34240199,0.0,,753.69,Pantene Miracles Frizz No More Şampuan 325 Ml,migros
migros-34181002,0.0,,1732.67,Arko Men Tıraş Sabunu 75 G,migros
migros-34240207,0.0,,1558.31,Ogx Coconut Milk Besleyici Şampuan 385 Ml,migros
migros-34240208,0.0,,1558.31,Ogx Argan Oil Of Morocco Onarıcı Şampuan 385 Ml,migros
migros-34240211,0.0,,833.17,Head & Shoulders İpeksi Yumuşaklık 2in1 Şampuan 300 Ml,migros
migros-34240216,0.0,,833.17,Head & Shoulders Mentol Ferahlığı 2in1 Şampuan 300 Ml,migros
migros-34240217,0.0,,1199.83,Head & Shoulders Dermaxpro Yatıştırıcı Şampuan 300 Ml,migros
migros-34240218,0.0,,757.42,Head & Shoulders Arındırma ve Parlaklık Şampuan 330 Ml,migros
migros-34240219,0.0,,1199.83,Head & Shoulders Dermaxpro Scalp Revitaliser Şampuan 300 Ml,migros
migros-34240220,0.0,,1558.31,Ogx Keratın Oıl Kırılma Karşıtı Şampuan 385 Ml,migros
migros-34243096,0.0,,1558.31,Ogx Rosemary Mint Arındırıcı Şampuan 385 Ml,migros
migros-34241249,0.0,,724.88,Elidor Anında Onarıcı Şampuan 400 Ml + Saç Kremi 200 Ml,migros
migros-34243073,0.0,,656.67,Turmepa Şampuan 300 Ml,migros
migros-34243076,0.0,,500.0,Elidor Güçlü Parlak 2'si 1 Arada Şampuan 90 Ml,migros
migros-34243079,0.0,,944.44,Clear 3in1 Mentol Şampuan 90 Ml,migros
migros-34243080,0.0,,783.17,Elseve Dream Long Kırık Uç Onarıcı Bakım Şampuanı 300 Ml,migros
migros-34243081,0.0,,783.17,Elseve Komple Onarıcı 5 Bakım Şampuanı 300 Ml,migros
migros-34240141,0.0,,757.42,Head & Shoulders Şampuan Kadınlara Özel Saç Dökülme Karşıtı 330 Ml,migros
migros-34243083,0.0,,783.17,Elseve Mucizevi Yağ Besleyici Bakım Şampuanı 300 Ml,migros
migros-34243084,0.0,,714.14,Urban Care Intense & Keratin Şampuan 350 Ml,migros
migros-34243085,0.0,,499.88,Gliss Full Hair Wonder Şampuan 400 Ml,migros
migros-34243086,0.0,,999.83,Elseve Hydra Nem Dolduran Bakım Şampuan 300 Ml,migros
migros-34243087,0.0,,783.17,Elseve Color Vive Renk Koruyucu Şampuan 300 Ml,migros
migros-34241248,0.0,,724.88,Elidor Güçlü Parlak Şampuan 400 Ml + Saç Kremi 200 Ml,migros
migros-34049132,0.0,,209.95,Banat Bio Clean Diş Fırçası,migros
migros-34049133,0.0,,119.95,Sıgnal Profesyonel Bakım Yumuşak Diş Fırçası,migros
migros-34049134,0.0,,184.95,Difaş Stil 2Li Diş Fırçası,migros
migros-34046541,0.0,,1799.95,Philips Sonicare 2'li Yedek Başlık Beyaz HX9002/87,migros
migros-34049155,0.0,,249.95,Colgate 360 Special Edition Yumuşak Diş Fırçası,migros
migros-34049159,0.0,,9997.5,Colgate Seyahat Seti Diş Macunu 20 Ml + Yumuşak Diş Firçasi,migros
migros-34049161,0.0,,429.95,Colgate Diş Arasi Firçasi 4 Mm 4'lü,migros
migros-34049162,0.0,,949.95,Oral-B Şarjlı Fırça Yedek Başlığı 3 Boyutlu Diş Fırçası 4'lü,migros
migros-34049165,0.0,,599.95,Oral B Şarjlı Yedek Başlık 3 Boyutlu Beyazlık Luxe Diş Fırçası 2'li,migros
migros-34049166,0.0,,599.95,Oral-B Diş Fırçası Yedek Başlığı Cross Action 2 Adet,migros
migros-34049169,0.0,,599.95,Oral-B Şarjlı Yedek Başlık Sensitive Diş Fırçası 2'li,migros
migros-34160005,0.0,,579.95,Gillette Blue3 Comfort Slalom Tıraş Bıçağı 8'li,migros
migros-34049175,0.0,,599.95,Oral-B Spiderman Şarjlı Diş Fırçası Yedek Başlığı Beyaz 2'li,migros
migros-34049191,0.0,,311.95,Sensodyne Hızlı Rahatlama 1+1 Diş Fırçası Yumuşak,migros
migros-34049199,0.0,,199.95,Colgate Neo Orta Diş Fırçası,migros
migros-34049215,0.0,,239.95,Difaş Full Care Ağız Bakım Seti,migros
migros-34049221,0.0,,159.95,Difaş Proclınıc Stıl Bamboo Diş Fırçası,migros
migros-34049222,0.0,,274.95,Difaş Proclınıc Bamboo Charcoal Diş Fırçası 1+1,migros
migros-34049223,0.0,,319.95,Difaş Proclınıc Volcanıc Diş Fırçası 1+1,migros
migros-34049081,0.0,,169.95,Difaş Pro-Clınıc Ultra Soft Diş Fırçası,migros
migros-34049225,0.0,,239.95,Difaş Proclınıc Stıl Bamboo Diş Fırçası 1+1,migros
migros-34049247,0.0,,269.95,Sensodyne Nourish Sağlıklı Beyazlık Yumuşak Diş Fırçası 1+1,migros
migros-34103774,0.0,,1255.0,Arko Men Tıraş Kremi Cool 90G,migros
migros-34110012,0.0,,1299.75,Gillette Series Köpük Rahatlatıcı 200 Ml,migros
migros-34049173,0.0,,599.95,Oral-B Frozen Şarjlı Diş Fırçası Yedek Başlığı Beyaz 2'li,migros
migros-34049015,0.0,,199.95,Signal Performans Siyah 1+1 Yumuşak Diş Fırçası,migros
migros-34049016,0.0,,229.95,Sıgnal Perfomans 2+1 Orta Diş Fırçası,migros
migros-34049017,0.0,,179.95,Bıomed Black Diş Fırçası Orta,migros
migros-34049018,0.0,,179.95,Bıomed Sılver Diş Fırçası Orta,migros
migros-34049024,0.0,,251.95,Parodontax Uzman Bakım 1+1  Dış Fırçası,migros
migros-34049025,0.0,,251.95,Parodontax Diş Eti Uzmanı Diş Fırçası 1+1,migros
migros-34049026,0.0,,44.95,Galaxy 1+1 Diş Fırçası,migros
migros-34049035,0.0,,84.95,Difaş Black Dış Fırçası (Karbon Etkili Siyah Kıl),migros
migros-34049037,0.0,,149.95,Dıfaş 5 System Smoker Dış Fırçası,migros
migros-34049039,0.0,,209.95,Dıfaş Pocket 2 Lı Dış Fırçası-İç Içe Geçebılen Sap,migros
migros-34049043,0.0,,239.95,Sensodyne Hassasiyet ve Diş Eti Beyaz Diş Fırçası,migros
migros-34049069,0.0,,179.95,Signal Nazik Diş Eti Bakımı 1+1 Diş Fırçası,migros
migros-34049120,0.0,,239.95,Sensodyne Onarım Koruma Diş Fırçası-Extra Yumuşak,migros
migros-34046503,0.0,,349.95,Oral-B Pro-Sensitive Hassas Temizlik Diş Fırçası 2'li,migros
migros-34049084,0.0,,169.95,Difaş Pro-Clınıc Slım Soft Diş Fırçası,migros
migros-34049090,0.0,,99.95,Oral-B Advantage Cavity Defence Siyah Diş Fırçası,migros
migros-34049101,0.0,,314.95,Colgate 360 Gelişmiş 4 Yönlü Koruma Orta Diş Fırçası,migros
migros-34049102,0.0,,314.95,Colgate 360 Gelişmiş Optik Beyaz Yumuşak Diş Firçasi,migros
migros-34049108,0.0,,174.95,Difaş Soft Touch Diş Fırçası 2Li,migros
migros-34049110,0.0,,174.95,Difaş Ultra Clean 3Lü Diş Fırçası,migros
migros-34049111,0.0,,139.95,Difaş Double Power 2Li Yumuşak Diş Fırçası,migros
migros-34049114,0.0,,229.95,Sıgnal Whıte Now Beyaz Dişler 1+1 Orta Diş Fırçası,migros
migros-34049116,0.0,,249.95,Difaş Bıo Dent Diş Fırçası 1+1,migros
migros-34049118,0.0,,219.95,Colgate Mikro İnce Gelişmiş Gold Ekstra Yumuşak Diş Firçasi,migros
migros-34049119,0.0,,314.95,Colgate 360 Charcoal Gold Yumuşak Diş Fırçası ,migros
migros-34049070,0.0,,139.95,Sıgnal Ergonomik 1+1 Diş Fırçası,migros
migros-34049224,0.0,,174.95,Difaş Proclınıc Bamboo Charcoal Diş Fırçası,migros
migros-34130201,0.0,,119.95,Permatik Tek Bıçak 5'li,migros
migros-34130209,0.0,,219.95,Gillette Permatik Banyo Kullan At Tıraş Bıçağı 10 Adet,migros
migros-34130212,0.0,,119.95,Gillette Permatik Banyo Kullan At Tıraş Bıçağı 5 Adet,migros
migros-34130293,0.0,,219.95,Gillette Permatik Kullan At Tıraş Bıçağı 10'lu,migros
migros-34130901,0.0,,99.95,Derby Banyo 5'li Poşet,migros
migros-34130902,0.0,,99.95,Derby Tek Bıçak Poset 5'li,migros
migros-34131322,0.0,,175.95,Derby Banyo Poşet 10'lu,migros
migros-34140011,0.0,,299.95,Gillette Blue3 Plus Comfort  Tıraş Bıçağı 6'lı,migros
migros-34140208,0.0,,159.95,BIC 3 Sensitive Tıraş Bıçağı 4'lü Poşet (3 Bıçak),migros
migros-34140312,0.0,,299.95,Gillette Blue2 Plus 10'lu Tıraş Bıçağı,migros
migros-34140362,0.0,,509.95,Gillette Blue3 Plus Cool Tıraş Bıçağı 6'lı,migros
migros-34110016,0.0,,1299.75,Gillette Series Köpük Canlandırıcı 200 Ml,migros
migros-34141380,0.0,,169.95,Derby Samurai Klasik 2 Poşet 5'Li,migros
migros-34141381,0.0,,149.95,Derby Samurai Klasik 3 10'lu Poşet,migros
migros-34141387,0.0,,319.95,Derby Samurai Platinum 2 Blister 6'Lı,migros
migros-34117348,0.0,,749.75,Derby Tıraş Köpüğü Amber Kokusu 200 Ml,migros
migros-34141389,0.0,,379.95,Derby Samurai Platinum 3 Blister 6'Lı,migros
migros-34150340,0.0,,399.95,Gillette Mach3 Tıraş Makinesi + Yedek Tıraş Bıçağı,migros
migros-34150366,0.0,,619.95,Gillette Fusion Yedek Tıraş Bıçağı 2 Adet,migros
migros-34150367,0.0,,999.95,Gillette Fusion Yedek Tıraş Bıçağı 4 Adet,migros
migros-34151323,0.0,,839.95,Gillette Fusion Tıraş Makinesi + Yedek Tıraş Bıçak,migros
migros-34151328,0.0,,569.95,Gillette Fusion ProGlide FlexBall Tıraş Makinesi + Yedek Bıçak,migros
migros-34154320,0.0,,419.95,Gillette Mach3 Start Tıraş Makinesi + Yedek Tıraş Bıçağı,migros
migros-34160001,0.0,,379.95,Gilette Blue 3 Comfort Slalom Tıraş Bıçağı 5''li,migros
migros-34141371,0.0,,229.95,Bic Flex 4 Comfort 3'lü Blister,migros
migros-34110019,0.0,,319.8,M Man Tıraş Köpüğü Sport 250 Ml,migros
migros-34110020,0.0,,319.8,M Man Tıraş Köpüğü Fresh 250 Ml,migros
migros-34110023,0.0,,749.75,M Man Tıraş Jeli Ocean 200 Ml,migros
migros-34110024,0.0,,749.75,M Man Tıraş Jeli Forest 200 Ml,migros
migros-34110103,0.0,,1099.75,Arko Men Tıraş Köpüğü Sensitive 200 Ml,migros
migros-34110402,0.0,,999.75,NIVEA MEN Erkek Hassas Ciltlere Özel Tıraş Köpüğü 200 Ml,migros
migros-34110413,0.0,,624.88,Le Petit Marseillais Men Ardıç Ağacı ve Füjer Duş Jeli 400 Ml,migros
migros-34112009,0.0,,359.8,M Man Sensitive Tıraş Köpüğü 250 Ml,migros
migros-34117305,0.0,,833.17,Gillette Tıraş Köpüğü Hassas 300 Ml,migros
migros-34117328,0.0,,1099.75,Arko Men Anti-Irritation Tıraş Köpüğü 200 Ml,migros
migros-34049154,0.0,,311.95,Sensodyne Çok Yönlü Koruma 1+1 Diş Fırçası - Orta,migros
migros-34117349,0.0,,749.75,Derby Tıraş Köpüğü Doğa Ferahlığı 200 Ml,migros
migros-34130004,0.0,,409.95,Gillette Mach3 Kömür Yedek Tıraş Bıçağı 2'li,migros
migros-34117351,0.0,,899.75,Arko Men Klasik Tıraş Köpüğü 200Ml,migros
migros-34120006,0.0,,1649.75,Gillette Series Charcoal Kömür Etkili Temizleme Etkili Jel 200 Ml,migros
migros-34120017,0.0,,499.75,M Man Tıraş Kolonyası Sport 200 Ml,migros
migros-34120018,0.0,,499.75,M Man Tıraş Kolonyası Strong 200 Ml,migros
migros-34120104,0.0,,999.75,Arko Men Tıraş Jeli Cool 200 Ml,migros
migros-34120202,0.0,,1099.75,Derby Tıraş Jeli 200 Ml,migros
migros-34120351,0.0,,1649.75,Gillette Series Jeli Nemlendirici 200 Ml,migros
migros-34120403,0.0,,2199.75,NIVEA MEN Erkek Hassas Ciltlere Özel Tıraş Jeli 200 Ml,migros
migros-34121082,0.0,,1499.75,Arko Men Anti-Irritation Tıraş Jeli 200 Ml,migros
migros-34121100,0.0,,1249.75,Arko Men Klasik Tıraş Jeli 200 Ml,migros
migros-34130002,0.0,,549.95,Gillette Mach3 Charcoal Kömür Etkili Makine + Yedek Tıraş Bıçağı,migros
migros-34130003,0.0,,749.95,Gillette Mach3 Kömür Yedek Tıraş Bıçağı 4'lü,migros
migros-34117350,0.0,,749.75,Derby Tıraş Köpüğü Okyanus Esintisi 200 Ml,migros
migros-34340230,0.0,,818.18,H&S Dermaxpro Scalp Revitaliser Saç Kremi 220 Ml,migros
migros-34340231,0.0,,1636.14,Head & Shoulders Dermaxpro Yatıştırıcı Saç Kremi 220 Ml,migros
migros-34341379,0.0,,1751.72,Herbal Essences Papatya Kokulu Sıvı Saç Kremi 145 Ml,migros
migros-34341388,0.0,,666.53,Gliss Full Hair Wonder Saç Kremi 360 Ml,migros
migros-34341389,0.0,,1324.75,Gliss Full Hair Wonder Sıvı Saç Kremi 200 Ml,migros
migros-34341395,0.0,,1558.31,Ogx Rosemary Mint Arındırıcı Bakım Kremi 385 Ml,migros
migros-34341396,0.0,,939.8,Elseve Color Vive Renk Koruyucu Saç Kremi 250 Ml,migros
migros-34341400,0.0,,939.8,Elseve Komple Direnç Dökülme Karşıtı Krem 250 Ml,migros
migros-34341401,0.0,,939.8,Elseve Dream Long Kolay Tarama Saç Bakım Kremi 250 Ml,migros
migros-34341402,0.0,,939.8,Elseve Mucizevi Yağ Besleyici Bakım Kremi 250 Ml,migros
migros-34341403,0.0,,1199.8,Elseve Hydra [Hyaluronic] Nem Dolduran Bakım Kremi 250 Ml,migros
migros-34245259,0.0,,2499.75,L'Oréal Paris Elseve Turunculaşma Karşıtı Mor Şampuan 200 Ml,migros
migros-34341405,0.0,,699.88,Elidor Hindistan Cevizi Şampuan 400 Ml + Saç Kremi 200 Ml,migros
migros-34341406,0.0,,699.88,Elidor Avokado Şampuan 400 Ml + Saç Kremi 200 Ml,migros
migros-34341407,0.0,,939.8,Elseve Komple Onarıcı 5 Yapılandırıcı Saç Kremi 250 Ml,migros
migros-34340097,0.0,,1399.75,Elidor Sıvı Saç Bakım Kremi Sağlıklı Uzayan Saçlar 200 Ml,migros
migros-34341415,0.0,,1866.53,Otacı Botanics + Onarıcı Saç Kremi 375 Ml,migros
migros-34341422,0.0,,555.56,Dp Daily Perfection Hyaluronik Asit Saç Kremi 180 Ml,migros
migros-34341425,0.0,,1159.8,Urban Care Hibiscus & Shea Butter Saç Bakım Kremi 250 Ml,migros
migros-34341426,0.0,,1558.31,OGX Bond Repair Saç Kremi 385 Ml,migros
migros-34341427,0.0,,2666.33,Elseve Growth Booster Dökülme Karşıtı Saç Bakım Kremi 150 Ml,migros
migros-34341430,0.0,,999.8,Urban Care Argan Oil & Keratin Saç Bakım Kremi 250 Ml,migros
migros-34341436,0.0,,839.8,Elseve Glycolic Gloss Parlaklık Veren Bakım Kremi 250 Ml,migros
migros-34341440,0.0,,2666.33,Dove Durulanmayan Saç Bakım Kremi Bond Repair 150 Ml,migros
migros-34341404,0.0,,1786.21,Herbal Essences Gül Kokulu Sıvı Saç Kremi 145 Ml,migros
migros-34300426,0.0,,914.14,Clear 3in1 Yağlanma Karşıtı Lime Özlü Şampuan 350 Ml,migros
migros-34300427,0.0,,437.44,Pantene Güç ve Parlaklık Şampuan 800 Ml,migros
migros-34306101,0.0,,407.62,Elidor Saç Bakım Şampuanı Güçlü ve Parlak 650 Ml,migros
migros-34340029,0.0,,390.0,Elidor Brezilya Keratin Terapisi Şampuan 2 x 400Ml,migros
migros-34340030,0.0,,1849.75,Urban Care Bond Plex Saç Bakım Sütü No:5 200 Ml,migros
migros-34340065,0.0,,1324.75,Gliss Aqua Revive Nemlendirici Sıvı Saç Bakım Kremi - Hyaluron ve Deniz Yosunu Özü ile 200 ml ,migros
migros-34340080,0.0,,785.57,Elidor Saç Bakım Kremi Brezilya Keratin Terapisi 350 Ml,migros
migros-34340095,0.0,,1499.75,Elidor Sıvı Saç Bakım Kremi Güçlü ve Parlak 200 Ml,migros
migros-34340096,0.0,,1499.75,Elidor Sıvı Saç Bakım Kremi Anında Onarıcı 200 Ml,migros
migros-34255985,0.0,,714.14,Clear Women Kepeğe Karşı Etkili Şampuan Bitkisel Sentez Aloe Vera & Çay Ağacı Yağı 350 ml,migros
migros-34340122,0.0,,1324.75,Gliss Oil Nutritive Sıvı Saç Kremi 200 Ml,migros
migros-34340123,0.0,,1324.75,Gliss Ultimate Repair Sıvı Saç Kremi 200 Ml,migros
migros-34292233,0.0,,1333.2,Otacı Botanics + Onarıcı & Güçlendirici Şampuan 375 Ml,migros
migros-34340138,0.0,,1036.0,Herbal Essences Kadifemsi Yumuşaklık Saç Bakım Kremi 250 Ml,migros
migros-34340140,0.0,,1079.8,Herbal Essences Yatıştırıcı Aloe İçeren Saç Bakım Kremi 250 Ml,migros
migros-34340142,0.0,,2666.33,L'Oréal Paris Elseve Glycolic Gloss Pürüzsüzleştirici Saç Kremi 150 Ml,migros
migros-34340144,0.0,,666.53,Gliss Split Hair Mıracle Saç Kremi 360 Ml,migros
migros-34340145,0.0,,666.53,Gliss Serum Deep Repair Saç Kremi 360 Ml,migros
migros-34340146,0.0,,666.53,Gliss Ultımate Repair Saç Kremi 360 Ml,migros
migros-34340147,0.0,,666.53,Gliss Supreme Length Saç Kremi 360 Ml,migros
migros-34340148,0.0,,666.53,Gliss Aqua Revive Saç Kremi 360 Ml,migros
migros-34340149,0.0,,666.53,Gliss Oil Nutritive Saç Kremi 360 Ml,migros
migros-34340209,0.0,,1249.79,Elidor 7/24 Anında Onarıcı Yıpranmış Saçlar 240 Ml,migros
migros-34340215,0.0,,553.33,Tresan Biberiye Canlandırıcı Saç Bakım Kremi 300Ml,migros
migros-34340224,0.0,,890.73,Pantene Miracles Frizz No More Saç Bakım Kremi 275 Ml,migros
migros-34340127,0.0,,1166.23,Ogx Kırılma Karşıtı Keratın Oil Saç Kremi 385 Ml,migros
migros-34346254,0.0,,1849.75,Urban Care Expert Biotin&Caffein Saç Kremi 200 Ml,migros
migros-34346255,0.0,,1742.57,URBAN Care Curl Hibiscus 7/24 Durulanmayan Bakım Kremi175ml,migros
migros-34346256,0.0,,1299.75,URBAN Care Curl Hibiscus Sıvı Saç Bakım Kremi 200ml,migros
migros-34346288,0.0,,1299.75,URBAN Care Hyaluronik Asit&Kolajen Sıvı Saç Kremi 200ml,migros
migros-34346314,0.0,,1324.75,Gliss Split Hair Miracle Kırık Uçları Mühürleyen Sıvı Saç Bakım Kremi - İyonik Kompleks ve Üzüm Çekirdeği Yağı ile 200 Ml,migros
migros-34346367,0.0,,672.55,Pantene Doğal Sentez Güç ve Parlaklık Saç Bakım Kremi 275 Ml,migros
migros-34346369,0.0,,672.55,Pantene Dökülme Karşıtı Saç Bakım Kremi 275 Ml,migros
migros-34346374,0.0,,672.55,Pantene Saç Kremi Onarıcı Koruyucu 275 Ml,migros
migros-34355133,0.0,,579.9,Palmolive Body Butter Vanilya Aşkı Duş Jeli 500 Ml,migros
migros-34355134,0.0,,579.9,Palmolive Body Butter Çilek Rüyası Duş Jeli 500 Ml,migros
migros-34355202,0.0,,579.9,Palmolive Body Butter Böğürtlen Keyfi Duş Jeli 500 Ml,migros
migros-34355204,0.0,,579.9,Palmolive Body Butter Hindistan Cevizi Duş Jeli 500 Ml,migros
migros-34341441,0.0,,771.29,Dove Saç Bakım Kremi Besleyici Terapi 350 Ml,migros
migros-34357076,0.0,,1266.33,Privacy Gold Sensation Deodorant Men 150 Ml,migros
migros-34357382,0.0,,2666.33,Elseve Saç Güzelleştirici Saç Kremi Kuru Saçlar 150 Ml,migros
migros-34357383,0.0,,2666.33,L'Oréal Paris Elseve Mucizevi Yağ Saç Güzelleştirici Krem Her Saç Tipi 150 Ml,migros
migros-34357630,0.0,,129.95,Difaş Pro -Clınıc  Seyahat Seti,migros
migros-34370008,0.0,,624.88,Le Petit Marseillais Vanilya Sütü Duş Jeli 400 Ml,migros
migros-34370011,0.0,,624.88,Le Petit Marseillais Şeftali ve Nektarin Duş Jeli 400 Ml,migros
migros-34370014,0.0,,624.88,Le Petit Marseillais Mandalina ve Limon Duş Jeli 400 Ml,migros
migros-34370015,0.0,,624.88,Le Petit Marseillais Lavanta Balı Duş Jeli 400 Ml,migros
migros-34370026,0.0,,624.88,Le Petit Marseillais Frambuaz ve Şakayık Duş Jeli 400 Ml,migros
migros-34370049,0.0,,649.88,Johnson's Vıta-Rıch Papaya Özlü Nemlendirici Duş Jeli 400 Ml,migros
migros-34370052,0.0,,649.88,Johnson's Vıta-rıch Nar Çiçeği Canlandırıcı Duş Jeli 400Ml,migros
migros-34370053,0.0,,649.88,Johnson's Vıta-rıch Ahududu Özlü Yenileyici Duş Jeli 400Ml,migros
migros-34341448,0.0,,3332.78,Pantene Molecular Bond Repair Durulanmayan Saç Bakım Kremi 90 Ml,migros
migros-34341442,0.0,,2666.33,Dove Durulanmayan Saç Bakım Kremi Besleyici Terapi 150 Ml,migros
migros-34341443,0.0,,771.29,Dove Saç Bakım Kremi Dökülme Karşıtı 350 Ml,migros
migros-34341444,0.0,,2307.31,Elidor İpek Terapisi Güzelleştirici Saç Kremi 130 Ml,migros
migros-34341445,0.0,,771.29,Dove Saç Bakım Kremi Yoğun Onarıcı 350 Ml,migros
migros-34341446,0.0,,2666.33,Dove Durulanmayan Saç Bakım Kremi Yoğun Onarıcı 150 Ml,migros
migros-34341447,0.0,,1199.8,Dove Saç Bakım Kremi Bond Repair 250 Ml,migros
migros-34340228,0.0,,1558.31,Ogx Biotin & Collagen Saç Bakım Kremi 385 Ml,migros
migros-34341449,0.0,,376.49,Duru Nem Bombası Güçlü Parlak Saç Kremi 385 Ml,migros
migros-34341450,0.0,,628.43,Elidor Belirgin Bukleler Saç Kremi 350 Ml,migros
migros-34341453,0.0,,785.57,Elidor Biberiye Dökülme Karşıtı Saç Bakım Kremi 350 Ml,migros
migros-34341454,0.0,,785.57,Elidor İpek Terapisi Saç Kremi 350 Ml,migros
migros-34341455,0.0,,785.57,Elidor Avokado & Castor Oil Saç Kremi 350 Ml,migros
migros-34346226,0.0,,1499.75,L'Oréal Paris Elseve Dream Long Bye-Bye Makas Saç Bakım Kremi 200 Ml,migros
migros-34341468,0.0,,771.29,Dove Saç Bakım Kremi Uzun Saç Terapisi 350 Ml,migros
migros-34341469,0.0,,2666.33,Dove Durulanmayan Saç Bakım Kremi Uzun Saç Terapisi 150 Ml,migros
migros-34341470,0.0,,1439.8,Pantene Grow Abundant Dökülme Karşıtı Saç Kremi 250 Ml,migros
migros-34341471,0.0,,1319.8,Urban Care No.3 Glycolic Retinol Saç Bakım Kremi 250 Ml,migros
migros-34341472,0.0,,2199.67,Urban Care Perfecting Saç Bakım Kremi 150 Ml,migros
migros-34341473,0.0,,179.9,Hobby Klasik Saç Kremi 500 Ml,migros
migros-34341476,0.0,,1324.75,Gliss Summer Repair Sıvı Saç Kremi 200 Ml,migros
migros-34341478,0.0,,1199.8,L'Oréal Paris Elseve Collagen Lifter Saç Kremi 250 Ml,migros
migros-34341483,0.0,,666.53,Gliss Summer Repair Saç Kremi 360 Ml,migros
migros-34341414,0.0,,2666.3,Pantene Isıyla Aktifleşen Nem Takviyesi Saç Kremi 135 Ml,migros
migros-34346153,0.0,,1299.75,URBAN CARE Intense & Keratin Sıvı Saç Bakım Kremi 200ml,migros
migros-34346158,0.0,,1324.75,Gliss Supreme Length Sıvı Saç Bakım Kremi -  Biotin Kompleksi ve Şakayık Çiçeği Özü ile 200 Ml,migros
migros-34341463,0.0,,999.8,Morfose Metamorfose Onarıcı Bakım Saç Kremi 250 Ml,migros
migros-34250132,0.0,,179.9,Hobby Argan Yağı & Papatya Çiçeği Özlü Şampuan 500 Ml,migros
migros-34250135,0.0,,179.9,Hobby Isırgan Otu Özlü 2'si 1 Arada Şampuan 500 Ml,migros
migros-34250139,0.0,,714.14,Clear Men Legends Vini Şampuan 350 Ml,migros
migros-34251264,0.0,,499.88,Pantene Güç ve Parlaklık Şampuan 400 Ml,migros
migros-34251265,0.0,,499.88,Pantene Dökülme Karşıtı Şampuan 400 Ml,migros
migros-34251267,0.0,,499.88,Pantene Onarıcı & Koruyucu Şampuan 400 Ml,migros
migros-34245292,0.0,,930.0,Tresan Yağlı Saçlar İçin Isırgan Otu Şampuan 300 Ml,migros
migros-34251271,0.0,,499.88,Pantene Onarıcı & Koruyucu 3ü1 Arada Şampuan 400 Ml,migros
migros-34251274,0.0,,714.14,Urban Care Biotin & Keratin Şampuan 350 Ml,migros
migros-34251275,0.0,,714.14,Urban Care Argan Oil & Keratin Şampuan 350 Ml,migros
migros-34251284,0.0,,399.88,Elseve Komple Direnç Dökülme Karşıtı Bakım Şampuanı 400 Ml,migros
migros-34300425,0.0,,528.5,Urban Care Biotin & Keratin Dökülmeye Eğimli Saç Şampuanı 700 Ml,migros
migros-34251286,0.0,,1749.88,Elseve Mucizevi Yağ Şampuan 400 Ml + Krem 150 Ml,migros
migros-34251292,0.0,,495.92,Pantene Güç ve Parlaklık Şampuan 625 Ml,migros
migros-34251294,0.0,,499.88,Pantene Kepek Karşıtı Şampuan 400 Ml,migros
migros-34251295,0.0,,495.92,Pantene Onarıcı & Koruyucu Şampuan 625 Ml,migros
migros-34251296,0.0,,687.38,Elidor İpek Terapisi Şampuan 400 Ml,migros
migros-34251297,0.0,,687.38,Elidor Avokado & Castor Oil Şampuan 400 Ml,migros
migros-34251298,0.0,,714.14,Clear Men Legends Kenan Yıldız 350 Ml,migros
migros-34251300,0.0,,199.92,Migros 2'Si 1 Arada Şampuan 600 Ml,migros
migros-34251306,0.0,,399.88,Elseve Dream Long Kırık Uç Onarıcı Bakım Şampuanı 400 Ml,migros
migros-34251311,0.0,,499.88,Pantene Kesintisiz Nem Takviyesi Şampuan 400 Ml,migros
migros-34250089,0.0,,197.81,İpek Normal Saçlar Orkide Şampuan 480 Ml,migros
migros-34251318,0.0,,999.85,Clear Men Scalp Maxcharge Kepeğe Karşı Etkili Şampuan 330 Ml,migros
migros-34251285,0.0,,724.88,Elseve Mucizevi Yağ Besleyici Bakım Şampuanı 400 Ml,migros
migros-34243082,0.0,,783.17,Elseve Komple Direnç Dökülme Karşıtı Bakım Şampuanı 300 Ml,migros
migros-34245294,0.0,,930.0,Tresan Biberiye Canlandırıcı Bakım Şampuanı 300 Ml,migros
migros-34245295,0.0,,1333.17,Tresan 6 Bitki Kepek Karşıtı Bakım Şampuanı 300 Ml,migros
migros-34245297,0.0,,1333.17,Tresan Isırgan Otu Şampuanı Normal Kuru 300 Ml,migros
migros-34245323,0.0,,1333.17,Tresan At Kuyruğu Hacimlendirici Bakım Şampuanı 300 Ml,migros
migros-34245324,0.0,,1333.17,Tresan Argan Yağı Besleyici - Kırılma Karşıtı Şampuanı 300Ml,migros
migros-34250014,0.0,,549.88,Elidor Saç Bakım Şampuanı Saç Dökülmelerine Karşı 400 Ml,migros
migros-34250018,0.0,,549.88,Elidor Saç Bakım Şampuanı Güçlü ve Parlak 400 Ml,migros
migros-34250019,0.0,,549.88,Elidor Şampuan ve Saç Bakım Kremi Güçlü ve Parlak 400 Ml,migros
migros-34250020,0.0,,549.88,Elidor Saç Bakım Şampuanı Anında Onarıcı 400 Ml,migros
migros-34250021,0.0,,549.88,Elidor Saç Bakım Şampuanı Sağlıklı Uzayan Saçlar 400 Ml,migros
migros-34250022,0.0,,549.88,Elidor Şampuan ve Saç Bakım Kremi Kepeğe Karşı Etkili 400 Ml,migros
migros-34250131,0.0,,179.9,Hobby Zeytin Özlü Kepeğe Karşı Etkili Şampuan 500 Ml,migros
migros-34250075,0.0,,446.94,Dp Daily Perfection Pamuk Sütü & Buğday Proteini Şampuan 425 Ml,migros
migros-34250077,0.0,,446.94,Dp Daily Perfection Çam Terebentin Şampuan 425 Ml,migros
migros-34250079,0.0,,446.94,Dp Daily Perfection Karanfil Özlü Şampuan 425 Ml,migros
migros-34243117,0.0,,362.38,Duru Yoğun Onarım & Nem Şampuan 400 Ml,migros
migros-34250111,0.0,,499.88,Gliss Oil Nutritive Şampuan 400 Ml,migros
migros-34250112,0.0,,499.88,Gliss Aqua Revive Şampuan 400 Ml,migros
migros-34250113,0.0,,499.88,Gliss Supreme Length Şampuan 400 Ml,migros
migros-34250115,0.0,,499.88,Gliss Split Hair Miracle Şampuan 400 Ml,migros
migros-34250116,0.0,,499.88,Gliss Serum Deep Repair Şampuan 400 Ml,migros
migros-34250117,0.0,,281.15,Ipek Men Formula Kepeğe Karşı Etkili Şampuan - Dökülmeye Eğilimli Saçlar 480 ml,migros
migros-34250118,0.0,,281.15,Ipek Men Formula Kepeğe Karşı Etkili Şampuan - Normal Saçlar 480 ml,migros
migros-34250125,0.0,,714.14,Clear Women Hyaluron Nem Terapisi Şampuan 350 Ml,migros
migros-34250050,0.0,,687.38,Elidor Saç Bakım Şampuanı Brezilya Keratin Terapisi 400 Ml,migros
migros-34255982,0.0,,714.14,Clear Women Kepeğe Karşı Etkili Şampuan Yumuşak Parlak Kiraz Çiçeği Esansı & Keratin 350 ml,migros
migros-34255983,0.0,,714.14,Clear Women Kepeğe Karşı Etkili Şampuan Saç Dökülmesine Karşı Zencefil Özü 350 ml,migros
migros-34255984,0.0,,714.14,Clear Women Kepeğe Karşı Etkili Şampuan Komple Bakım Vitamin Kompleksi 350 ml,migros
migros-34251312,0.0,,522.44,Head & Shoulders Buzlu Mentol Ferahlığı Şampuan 800 Ml,migros
migros-34255987,0.0,,714.14,Clear Men Kepeğe Karşı Etkili Şampuan Maksimum Ferahlık Yağlı Saç Derisi İçin Limon Özlü 350 ml,migros
migros-34255996,0.0,,1266.5,Clear Men Scalp Pro Saç Dökülmesine Karşı Güçlendirici Şampuan 300 ml,migros
migros-34255999,0.0,,349.9,Restorex Şampuan (Kolajen Biotin) 500 Ml,migros
migros-34260488,0.0,,599.92,Head & Shoulders Buzlu Mentol Ferahlığı Şampuan 625 Ml,migros
migros-34260490,0.0,,437.44,Pantene Onarıcı & Koruyucu Şampuan 800 Ml,migros
migros-34270016,0.0,,999.83,L'Oréal Paris Elseve Hydra [Hyaluronic] Pure Salisilik Asit İçeren Yağlanma Karşıtı Arındırıcı Şampuan 300 Ml,migros
migros-34280011,0.0,,1166.5,Novex Bukle Belirginleştirici Şampuan 300 Ml,migros
migros-34280019,0.0,,1527.5,Clear Women Saç Dök.karşı Şampuan Copack 350+180 Ml,migros
migros-34251320,0.0,,549.88,Elidor Belirgin Bukleler Şampuan 400 Ml,migros
migros-34284041,0.0,,499.88,Pantene Glowtox Şampuan 400 Ml,migros
migros-34285714,0.0,,2499.75,Sebamed Saç Dökülmesine Karşı Etkili Şampuan 200 Ml,migros
migros-34290012,0.0,,499.88,Gliss Ultımate Repair Şampuan 400 Ml,migros
migros-34290022,0.0,,687.38,Elidor Ultra Işıltı 100 Şampuan 400 Ml,migros
migros-34292226,0.0,,687.38,Elidor Biberiye Dökülme Karşıtı Şampuan 400 Ml,migros
migros-34292227,0.0,,1558.31,OGX Bond Protein Repair Şampuan 385 Ml,migros
migros-34255821,0.0,,349.9,Blendax Kiraz Çiçeği Özlü Şampuan 500 Ml,migros
migros-34292235,0.0,,499.88,Pantene Temel Bakım Şampuan 400 Ml,migros
migros-34292236,0.0,,699.83,Elseve Glycolic Gloss Parlaklık Veren Bakım Şampuanı 300 Ml,migros
migros-34292237,0.0,,1333.2,Otacı Botanics + Yağlanma Karşıtı Bakım Şampuanı 375 Ml,migros
migros-34295253,0.0,,349.9,Restorex Keratin - Argan Onarıcı Bakım Şampuanı 500Ml,migros
migros-34300030,0.0,,2499.75,L'Oréal Paris Elseve Glycolic Gloss Laminasyon Bakımı 200 Ml,migros
migros-34280026,0.0,,1199.8,L'Oréal Paris Elseve Hydra [Hyaluronic] Pure Salisilik Asit içeren Yağlanma Karşıtı Nemlendirici Saç Kremi 250 Ml,migros
migros-34251321,0.0,,666.53,Dove Şampuan Amino Serum Yoğun Onarıcı 375 Ml,migros
migros-34251322,0.0,,199.92,Migros Kepeğe Karşı Etkili Şampuan 600 Ml,migros
migros-34251325,0.0,,1111.0,Urban Care Argan Şampuan 450 Ml,migros
migros-34251336,0.0,,679.9,Elidor İpek Terapisi Şampuan 500 Ml,migros
migros-34251338,0.0,,679.9,Elidor Brezilya Keratin Terapisi Şampuan 500 Ml,migros
migros-34251339,0.0,,679.9,Elidor Ultra Işıltı 100 Şampuan 500 Ml,migros
migros-34255624,0.0,,583.19,Bioblas Antistress Şampuanı 360 Ml,migros
migros-34255625,0.0,,583.19,Bioblas Yağlanmaya Karşı Şampuan 360 Ml,migros
migros-34255627,0.0,,583.19,Bioblas Kepeğe Karşı Şampuan 360 Ml,migros
migros-34255628,0.0,,583.19,Bioblas Sarımsaklı Şampuan 360 Ml,migros
migros-34255629,0.0,,583.19,Bioblas Isırgan Yağlı Şampuan 360 Ml,migros
migros-34255739,0.0,,533.25,Clear Men Kepeğe Karşı Etkili Şampuan Cool Sport Menthol 600 Ml,migros
migros-34255981,0.0,,714.14,Clear Men Kepeğe Karşı Etkili Şampuan Günlük Arınma ve Ferahlık Sedir Ağacı ve Okaliptus Özleri 350 ml,migros
migros-34251269,0.0,,499.88,Pantene Güç ve Parlaklık 3ü1 Arada Şampuan 400 Ml,migros
migros-34255822,0.0,,349.9,Blendax Isırgan Özlü Şampuan 500 Ml,migros
migros-34255823,0.0,,349.9,Blendax Yasemin Özlü Şampuan 500 Ml,migros
migros-34255824,0.0,,349.9,Blendax Kepeğe Karşı Etkili Şampuan 500 Ml,migros
migros-34255827,0.0,,349.9,Blendax Aloe Vera Özlü Şampuan 500 Ml,migros
migros-34255901,0.0,,349.9,Blendax Erkek Kepeğe Karşı Etkili Şampuan 500 Ml,migros
migros-34255974,0.0,,914.14,Clear Men 3 in 1 Şampuan & Duş Jeli Ferahlatıcı Mentol Etkisi Saç Yüz Vücut İçin 350 ml,migros
migros-34255975,0.0,,914.14,Clear Men 3 in 1 Şampuan & Duş Jeli Arındırıcı Kömür Saç Yüz Vücut İçin 350 ml,migros
migros-34255977,0.0,,714.14,Clear Men Kepeğe Karşı Etkili Şampuan Hızlı Stil 2'si 1 Arada Kolay Şekil Alan Saçlar 350 ml,migros
migros-34255978,0.0,,714.14,Clear Men Kepeğe Karşı Etkili Şampuan Saç Dökülmesine Karşı Kahve Çekirdeği Özü 350 ml,migros
migros-34255979,0.0,,714.14,Clear Men Kepeğe Karşı Etkili Şampuan Yoğun Arındırıcı Kömür İle 350 ml,migros
migros-34255980,0.0,,714.14,Clear Men Legend CR7 Kepeğe Karşı Etkili Şampuan 350 ml,migros
migros-34255818,0.0,,349.9,Blendax Nane Özlü Erkek Şampuanı 500 Ml,migros
migros-14900126,0.0,,3314.29,Etenfes Dana Füme Et Dilimli 70 G,migros
migros-14900131,0.0,,1655.56,Polonez Dana Jambon 90 G,migros
migros-14900132,0.0,,5211.11,Özlem Dana Füme Dil 90 G,migros
migros-14309015,0.0,,2499.0,Antrikot Pastırma Kg,migros
migros-14900136,0.0,,4450.0,Şahin Füme Et Karabiberli Roast Beef 100 G,migros
migros-14900137,0.0,,4450.0,Şahin Füme Et Sade Roast Beef 100 G,migros
migros-14900145,0.0,,3928.57,İkbal Füme Dana Kaburga Dilimli 70 G,migros
migros-14900146,0.0,,3150.0,Özlem Active Guard 100 G,migros
migros-14900152,0.0,,2994.75,Alcatra 4'lü Füme Et Paket Et Tabağı 200 G,migros
migros-14900154,0.0,,993.33,Pınar Füme Hindi Gurme 150 G,migros
migros-14900155,0.0,,1172.73,Pınar Füme Hindi But Etli Gurme 110 G,migros
migros-30530548,0.0,,836.75,Ariel OXI PODS® Çamaşır Deterjanı Kapsülü 30'lu 717 G,migros
migros-14900165,0.0,,6109.5,Fümeci Smokehouse Kontrafile Kuru Et 100 G,migros
migros-14900167,0.0,,5399.5,Fümeci Smokehouse Antrikot Füme 100 G,migros
migros-14900175,0.0,,813.64,Polonez Hindi Füme 2x110 G,migros
migros-14900179,0.0,,3590.91,Apikoğlu Cevizli Mini Dana Et Çubukları 110 G,migros
migros-14900406,0.0,,6250.0,Erşan Kuru Et 100 G,migros
migros-14900506,0.0,,2209.0,Namet Dana Jambon Kg,migros
migros-14900507,0.0,,4576.92,Namet Dana Kaburga Füme Et 130 G,migros
migros-14400505,0.0,,2333.33,Namet Dana Kavurma 150 G,migros
migros-14901029,0.0,,903.33,Namet Piliç Füme 150 G,migros
migros-14901035,0.0,,2625.0,Erşan Dilimli Füme Et 120 G,migros
migros-14901084,0.0,,1009.09,Maret Hindi Füme 110 G,migros
migros-14901089,0.0,,650.0,Namet Hindi Füme 7/24 60 G,migros
migros-14900164,0.0,,5159.5,Fümeci Smokehouse Roastbeef Karabiberli Dilimli 100 G,migros
migros-14309065,0.0,,3987.5,Apikoğlu Parça Pastırma 80 G,migros
migros-14309067,0.0,,5453.64,Polonez Çemeni Sıyrılmış Pastırma 110 G,migros
migros-14309071,0.0,,5636.36,Erşan Dilimli Çemeni Sıyrılmış Dana Pastırma 110G,migros
migros-14309080,0.0,,2491.67,Başyazıcıoğlu İnan Dana Pastırma 120 G,migros
migros-14309084,0.0,,2690.0,Namet Dana Dilimli Antrikot Pastırma 100 G,migros
migros-14309086,0.0,,5944.44,Apikoğlu Dana Pastırma Çemeni Sıyrılmış 90 G,migros
migros-14309089,0.0,,4450.0,Özlem Dana Pastırma Çemeni Sıyrılmış 100 G,migros
migros-14309090,0.0,,2491.67,Altın Dana Dana Pastırma 120 G,migros
migros-14309091,0.0,,5776.67,Polonez Pastırma 90 G,migros
migros-14400008,0.0,,2450.0,Etenfes Bir Öğün Her Öğün Dana Dilimli Kavurma 100 G,migros
migros-14400011,0.0,,1766.67,Müslümoğu Dilim Dana Kavurma 150 G,migros
migros-14400401,0.0,,3299.0,Apikoğlu Kavurma Kg,migros
migros-14900084,0.0,,3544.44,Polonez Füme Et Karabiberli 90 G,migros
migros-14209443,0.0,,1463.33,Polonez Dana Kasap Sucuk 300 G,migros
migros-14401501,0.0,,3450.0,Polonez Blok Kavurma Kg,migros
migros-14401746,0.0,,1499.0,Maret Dana Kavurma Kg,migros
migros-14401753,0.0,,3766.67,Cumhuriyet Dana Kavurma 90 G,migros
migros-14401754,0.0,,1949.0,Müslümoğlu Dana Blok Kavurma Kg,migros
migros-14408014,0.0,,2500.0,Erşan Dana Kavurma Kg,migros
migros-14408036,0.0,,3993.33,Orvital Organik Kavurma 150 G,migros
migros-14408048,0.0,,1766.67,Başyazıcıoğlu İnan Dana Kavurma 150G,migros
migros-14408053,0.0,,1766.67,Altın Dana Dana Kavurma 150G,migros
migros-14900078,0.0,,487.78,Migros Piliç Jambon 90 G,migros
migros-14900080,0.0,,643.33,Migros Hindi Füme Eti 90 G,migros
migros-14900082,0.0,,3166.67,Özlem Dana Füme Kaburga 120 G,migros
migros-14400502,0.0,,2209.0,Namet Dana Kavurma Kg,migros
migros-14900510,0.0,,2150.0,Namet Mortedella Isıl İşlem Görmüş Et Kg,migros
migros-14909683,0.0,,4857.14,Apikoğlu Dilimli Dana Füme Dil 70 G,migros
migros-14909691,0.0,,916.67,Migros Dana Jambon 90 G,migros
migros-16000009,0.0,,1245.28,Zertum Organik Izgara Zeytin 265 G,migros
migros-16000010,0.0,,1189.66,Zertum Organik Yeşil Zeytin Salatası 290 G,migros
migros-16000014,0.0,,996.67,Taneli Hatay Halhali Zeytin 819-920 300 G,migros
migros-16000016,0.0,,697.5,Bağcı Doğal Salamura Yağlı Siyah Zeytin 231-260 400 G,migros
migros-16000240,0.0,,298.57,Gemlik Nazlısı Doğal Salamura Siyah Zeytin 351-380 700 G,migros
migros-16000243,0.0,,579.0,Eminali Salamura Yeşil Çizik Zeytin 261-290 Kg,migros
migros-16000246,0.0,,996.67,Taneli Yeşil Zeytin Karması 300 G,migros
migros-16000247,0.0,,543.1,Sosero Ege Zeytin Salatası 290 G,migros
migros-14901091,0.0,,1925.0,Polonez Karabiberli Hindi Füme Eti Kg,migros
migros-16000253,0.0,,1470.59,Epsilon Olive Kanape Ançüezli Siyah Zeytin Salatası 85 G,migros
migros-16010038,0.0,,420.0,Öncü Siyah Yağlı Zeytin -(S) 1 Kg,migros
migros-16010048,0.0,,220.0,Gürağaç Doğal Siyah Zeytin 321 380 500 G,migros
migros-16010049,0.0,,225.95,Gürağaç Doğal Salamura Yağlı Siyah Zeytin 1 Kg,migros
migros-14901812,0.0,,1650.0,Özlem Dana Jambon 60 G,migros
migros-16010074,0.0,,572.5,Bağcı Kuru Sele Doğal Siyah Zeytin Salamura 400 G,migros
migros-16010077,0.0,,415.0,Öncü Siyah Yağlı Zeytin 261-320 Kg,migros
migros-16010078,0.0,,729.0,Marmarabirlik Premium 2XL 181-200 Siyah Zeytin Kg,migros
migros-16010081,0.0,,341.43,Bağcı Doğal Salamura Siyah Zeytin 700 G,migros
migros-16010087,0.0,,440.0,Öncü Siyah Yağlı Zeytin 261-320 M-S 500 G,migros
migros-16010089,0.0,,614.29,Fora Kuru Sele Siyah Zeytin 350 G,migros
migros-16010092,0.0,,230.0,Güragaç Doğal Salamura Yağlı Siyah Zeytin 500 G,migros
migros-16000252,0.0,,499.0,Sera Gurme Zeytin Harmanı 1 Kg,migros
migros-14901119,0.0,,875.0,Pınar Aç Bitir Büyük Dilim Hindi Füme 60 G,migros
migros-14901129,0.0,,1066.67,Polonez Fit Yaşam XL Hindi Füme 150 G,migros
migros-14901171,0.0,,3687.5,Polonez Füme Kaburga Eti 80 G,migros
migros-14901190,0.0,,5166.67,Polonez Kurutulmuş Füme Et Ürünü Dilimli 90 G,migros
migros-14901226,0.0,,6340.0,Yaylatürk Dana Kuru Et Kg,migros
migros-14901502,0.0,,2250.0,Polonez Dana Jambon Kg,migros
migros-14901509,0.0,,3850.0,Polonez Rozbif Biberli Füme Et Kg,migros
migros-14901510,0.0,,3850.0,Polonez Rozbif Sade,migros
migros-14901523,0.0,,4990.0,Yayla Türk Dana Dil Füme Kg,migros
migros-14901810,0.0,,4990.0,Özlem Dana Füme Kuru Et 100G,migros
migros-14900135,0.0,,745.0,Şahin Klasik Kayseri Çemeni 200 G,migros
migros-14901819,0.0,,1170.0,Polonez Hindi Jambon 50 G,migros
migros-14909667,0.0,,2550.0,Özlem Dana But Jambon (Kg),migros
migros-14901829,0.0,,1330.0,Polonez Hindi Füme Eti 50 G,migros
migros-14901855,0.0,,2441.67,Yayla - Türk Kekikli Hindi But Füme 120 G,migros
migros-14901875,0.0,,1066.67,Polonez Zeytinyağlı Kekikli Hindi Füme 150 G,migros
migros-14901902,0.0,,2263.64,Namet Dana Dilimli Jambon 110 G,migros
migros-14901918,0.0,,932.67,Polonez Piliç Füme 150 G,migros
migros-14901952,0.0,,2333.33,Yaylatürk Hindi Göğüs Füme Jambon 120 G,migros
migros-14901954,0.0,,2441.67,Yayla - Türk  Karabiberli Hindi But Füme  120 G,migros
migros-14901989,0.0,,775.0,Namet Hindi Füme 200 G,migros
migros-14902030,0.0,,1100.0,Namet 7/24 Piliç Füme 50G,migros
migros-14903009,0.0,,5690.0,Apikoğlu İsli Kuru Et 100 G,migros
migros-14909632,0.0,,563.33,Torku Jöle İşkembe 300 G,migros
migros-14909645,0.0,,1063.33,Torku Dana Jöle Kelle Paça 300 G,migros
migros-14901820,0.0,,2120.0,Polonez Dana Jambon 50 G,migros
migros-14200158,0.0,,1040.0,Migros Dana Sucuk 250 G,migros
migros-14200165,0.0,,1718.75,İkbal Geleneksel Dana Sucuk 160 G,migros
migros-14200166,0.0,,1937.29,İkbal Izgara Dana Dilimli Sucuk 240 G,migros
migros-14200180,0.0,,950.0,Namet Isıl İşlem Görmüş Kangal Sucuk 500 G,migros
migros-14200181,0.0,,1037.5,Müslümoğlu Kasap Sucuk 400 G,migros
migros-14200186,0.0,,1850.0,Maret Dana Balkan Sucuk 100 G,migros
migros-14200188,0.0,,1677.27,Özlem Dana Gurme Sucuk 110 G,migros
migros-14200401,0.0,,2399.0,Apikoğlu Kangal Sucuk Kg,migros
migros-14200402,0.0,,2399.0,Apikoğlu Parmak Sucuk Kg,migros
migros-14200410,0.0,,2790.0,Apikoğlu Klasik Sucuk Kg,migros
migros-14109223,0.0,,1790.0,Polonez Macar Salam  Kg,migros
migros-14309064,0.0,,5658.33,Orvital Organik Çemeni Sıyrılmış Dilimli Pastırma 120 G,migros
migros-14205133,0.0,,1198.67,Migros Dilimli Dana Sucuk 75 G,migros
migros-14205136,0.0,,1496.67,Beşler Nostalji Dana Sucuk 300 G,migros
migros-14205137,0.0,,2479.0,Cumhuriyet  Özel File Sucuk Kg,migros
migros-14205138,0.0,,1359.09,Beşler Vakumlu Sucuk 220 G,migros
migros-14205139,0.0,,1265.38,Beşler Yarım Kangal 260 G,migros
migros-14205140,0.0,,999.0,Torku  Acılı Kangal Sucuk Kg,migros
migros-14205147,0.0,,1163.33,Altındana Dana Barbekü Sucuk 300 G,migros
migros-14205148,0.0,,1990.0,Polonez Dana  Sucuk Yarım Kg,migros
migros-14205149,0.0,,1316.67,Etenfes Dana  Kangal Sucuk 300 G,migros
migros-14205151,0.0,,999.0,Torku  Kangal Sucuk Kg,migros
migros-14205181,0.0,,5128.57,Apikoğlu Dana Sucuk İnce Dilim Çerezlik 70 G,migros
migros-14206001,0.0,,2199.0,Cumhuriyet Kangal Sucuk Kg,migros
migros-14205130,0.0,,2100.0,İkbal Dilimli Pişmiş Dana Sucuk Döner 150 G,migros
migros-14109163,0.0,,516.67,Namet 7 / 24 Hindi Salam 60 G,migros
migros-14109192,0.0,,1525.0,Pınar Aç Bitir Macar Salam 60 G,migros
migros-14109216,0.0,,1499.17,Torku Dilimli Salam 60 G,migros
migros-14109222,0.0,,1041.67,Maret Pratik Hindi Salam 60 G,migros
migros-14019106,0.0,,2620.0,Orvital Organik Dana Sosis 250 G,migros
migros-14109229,0.0,,414.29,Pınar Salam Hindi Doyum Büfe 700 G,migros
migros-14109239,0.0,,648.33,Migros Tam Yetti  Hindi Parça Etli  Salam 60 G,migros
migros-14109245,0.0,,750.0,Aytaç Şipşak Dilimli Hindi Salam 50G,migros
migros-14109247,0.0,,781.67,Pınar Aç Bitir Hindi Salam Büyük Dilim 60 G,migros
migros-14109251,0.0,,203.57,Keskinoğlu Piliç Salam 700 G,migros
migros-14109270,0.0,,199.9,Banvit Piliç Kokteyl Sosis 1000 G,migros
migros-14109274,0.0,,1799.0,Torku Dilimli Fıstıklı Salam 50 G,migros
migros-14200157,0.0,,1325.0,Maret Dana Isıl İşlem Görmüş Afiyetle Sucuk 200 G,migros
migros-14109287,0.0,,2450.0,Orvital Organik Dilimli Dana Salam 60gr,migros
migros-14109290,0.0,,2205.56,Polonez Fıstıklı Salam 90 G,migros
migros-14109291,0.0,,146.47,Banvit Baton Piliç Salam 850 Gr,migros
migros-14109292,0.0,,1079.0,Namet 7/24 Fıstıklı Dana Macar Salam 50 G,migros
migros-14109294,0.0,,1322.22,Özlem Dana Macar Salam 90G,migros
migros-14109295,0.0,,998.89,Polonez Hindi Fıstıklı Salam 90 G,migros
migros-14109296,0.0,,998.89,Polonez Hindi Parça Etli Salam 90G,migros
migros-14100111,0.0,,1499.0,Pınar Fıstıklı Salam Kg,migros
migros-14200038,0.0,,1350.0,Maret Isıl Işlem Görmüş Geleneksel Lezzet Sucuk Kg,migros
migros-14200059,0.0,,1362.5,Özlem Dana Dilimli Tavalık Sucuk 80 G,migros
migros-14200138,0.0,,837.5,Aytaç Isıl İşlem Görmüş Piliç Parmak Sucuk 400 G,migros
migros-14200154,0.0,,1139.0,Etenfes Tekli Küvet  Sucuk Kg,migros
migros-14109280,0.0,,780.0,Namet Fıstıklı Hindi Salam 7/24 50 G,migros
migros-14209422,0.0,,1990.0,Polonez Acılı Sucuk Kg,migros
migros-14209423,0.0,,1990.0,Polonez Kangal Sucuk Kg,migros
migros-14209424,0.0,,1990.0,Polonez Parmak Sucuk Kg,migros
migros-14209430,0.0,,1490.0,Erşan Dana Sucuk Kg,migros
migros-14209431,0.0,,1490.0,Erşan Dana Acılı Sucuk Kg,migros
migros-14209433,0.0,,2145.83,Pınar İllaki Dana Sucuk 240 G,migros
migros-14209434,0.0,,1939.0,Başyazıcı Kangal Sucuk,migros
migros-14209107,0.0,,2115.0,Şahin Parmak Sucuk Kg,migros
migros-14209444,0.0,,1463.33,Polonez Acılı Dana Kasap Sucuk 300 G,migros
migros-14209450,0.0,,1566.67,Erşan Dana Kasap Sucuk 300 G,migros
migros-14209456,0.0,,1037.5,Başyazıcı İnan Dana Sucuk 400G,migros
migros-14209464,0.0,,1196.0,Namet Dana Kasap Sucuk 250 G,migros
migros-14206002,0.0,,2199.0,Cumhuriyet Parmak Sucuk Kg,migros
migros-14300033,0.0,,4400.0,Etenfes Çemeni Sıyrılmış Dana Dilimli Pastırma 100 G,migros
migros-14300042,0.0,,4221.67,İkbal Dana Antrikot Çemeni Sıyrılmış Pastırma 90 G,migros
migros-14300508,0.0,,3655.0,Namet Antrikot Pastırma Kg,migros
migros-14300517,0.0,,4692.31,Namet Klasik Dilimli  Pastırma 130 G,migros
migros-14300519,0.0,,4961.54,Namet Çemeni Sıyrılmış Dilimli Pastırma 130 G,migros
migros-14303447,0.0,,4187.5,Şahin Vakumlu Dana Pastırma 80 G,migros
migros-14303451,0.0,,4722.22,Cumhuriyet Çemeni Sıyrılmış Antrikot Pastırma 90 G,migros
migros-14303452,0.0,,3490.0,Migros Çemeni Sıyrılmış Pastırma 100 G,migros
migros-14303453,0.0,,5128.57,Apikoğlu Dana Pastırma Çemeni Sıyrılmış Çerezlik 70 G,migros
migros-14309002,0.0,,2499.0,Seçme Pastırma Kg,migros
migros-14209391,0.0,,2796.0,Orvital Organik Kangal Sucuk 250 G,migros
migros-14309058,0.0,,4125.0,Torku Çemeni Sıyrılmış Dilimli Pastırma 120 Gr,migros
migros-14209472,0.0,,1699.0,Özlem Saraylı Dana Kangal Sucuk Kg,migros
migros-14209106,0.0,,2115.0,Şahin Kangal Sucuk Kg,migros
migros-14109298,0.0,,1998.0,Polonez Macar Salam 50 G,migros
migros-14209214,0.0,,1676.0,Erşan Vakumlu Kangal Sucuk 250 G,migros
migros-14209225,0.0,,2436.0,Pınar Gurme Sucuk 250 G,migros
migros-14209238,0.0,,1690.0,Polonez Dana Kasap Sucuk Kg,migros
migros-14209280,0.0,,2625.0,Apikoğlu Parmak Sucuk 200 G,migros
migros-14209319,0.0,,1200.0,Namet Dilimli Isıl İşlem Görmüş Sucuk 200 G,migros
migros-14209329,0.0,,326.0,Keskinoğlu Piliç Sucuk 250 G,migros
migros-14209342,0.0,,2585.29,Apikoğlu Kangal Sucuk 340 G,migros
migros-14209348,0.0,,2084.44,Pınar Klasik Kangal Sucuk 225 G,migros
migros-14209351,0.0,,916.67,Pınar Sucuk Mangal Keyfi 300 G,migros
migros-14209367,0.0,,2614.29,Apikoğlu Kangal Sucuk Vakumlu 210 G,migros
migros-14209412,0.0,,2763.33,Apikoğlu Yarım Kangal Sucuk 2 x 150 G,migros
migros-14209372,0.0,,2162.5,Namet Kangal Sucuk 240 G,migros
migros-14209374,0.0,,733.33,Pınar Hindi Doyum Sucuk 225 G,migros
migros-14209387,0.0,,1888.89,Torku Sucuk Vakum 225 G,migros
migros-14209388,0.0,,1888.89,Torku Acılı Sucuk Vakum 225 G,migros
migros-14201501,0.0,,2250.0,Polonez Özel Lüks Baton Sucuk Kg,migros
migros-14209403,0.0,,1675.0,Aytaç Isıl İşlem Görmüş Kangal Sucuk 200 G,migros
migros-14209404,0.0,,1775.0,Namet Kangal Sucuk Acılı Kg,migros
migros-14209405,0.0,,1775.0,Namet Dana Parmak Sucuk Kg,migros
migros-14209406,0.0,,1775.0,Namet Kangal Sucuk Kg,migros
migros-14209407,0.0,,1067.86,Aytaç Isıl İşlem Görmüş Hindi Sucuk 280 G,migros
migros-14209410,0.0,,2437.5,Polonez Acılı Sucuk 240 G,migros
migros-14209411,0.0,,2437.5,Polonez Dana Sucuk 240 G,migros
migros-14209368,0.0,,2645.0,Apikoğlu Tavalık Sucuk 200 G,migros
migros-16290021,0.0,,298.16,Heinz Ketçap 570 G,migros
migros-16290023,0.0,,158.25,Tamek Ketçap 600 G,migros
migros-16290024,0.0,,354.53,Heinz Sarımsaklı Ketçap 375 G,migros
migros-16290032,0.0,,415.0,Hellmann's Mayonez 530 G,migros
migros-16290040,0.0,,619.46,Hellmann's İkili Set Ketçap 460 G + Mayonez 385 G,migros
migros-16290041,0.0,,261.41,Tat Ketçap Sweet Chili 390 G,migros
migros-16200351,0.0,,371.29,Tat Kornişon Turşusu 350 G,migros
migros-16290043,0.0,,261.41,Tat Ketçap Pickle 390 G,migros
migros-16290047,0.0,,258.93,Hellmann's Ketçap 610 G,migros
migros-16290201,0.0,,245.12,Pınar Acılı Ketçap 420 G,migros
migros-16290505,0.0,,137.38,Tukaş Ketçap 400 G,migros
migros-16010402,0.0,,686.0,Marmarabirlik Mega Zeytin 500 G 201-230 Ad/kg,migros
migros-16290753,0.0,,215.31,Tat Acı Ketçap 650 G,migros
migros-16290755,0.0,,319.8,Tat Acı Ketçap 250 G,migros
migros-16290757,0.0,,215.31,Tat Ketçap 650 G,migros
migros-16290758,0.0,,319.8,Tat Ketçap 250 G,migros
migros-16290763,0.0,,239.63,Tat Sıkı Dostlar 1210 G (Ketçap 650 G-Mayonez 560 G),migros
migros-16300013,0.0,,575.61,Heinz Mayonez 330 G,migros
migros-16300015,0.0,,475.15,Heinz Mayonez 505 G,migros
migros-16300017,0.0,,820.62,Calve Sriracha Mayonez 240 G,migros
migros-16300018,0.0,,838.09,Calve Trüflü Mayonez 235 G,migros
migros-16300021,0.0,,457.0,Pınar Mayonez 350 G,migros
migros-16200788,0.0,,349.92,Sera Yunan Biber Turşusu 600 G,migros
migros-16300033,0.0,,842.34,Hellmann's Sarımsaklı Mayonez 235 G,migros
migros-16290510,0.0,,169.88,Tukaş Acılı Ketçap 400 G,migros
migros-16021261,0.0,,219.0,Cem Çizik Yeşil Zeytin 291-350 1 Kg,migros
migros-16200355,0.0,,249.93,Tat Kornişon Turşusu 680 G,migros
migros-16200404,0.0,,221.36,Berrak Pancar Turşusu 700 G,migros
migros-16200430,0.0,,423.38,Berrak Acı Biber Turşusu 340 G,migros
migros-16200433,0.0,,264.56,Berrak Sandviç Salatalık Turşusu 340 G,migros
migros-16200460,0.0,,442.92,Berrak Biberiye Turşusu 325 G,migros
migros-16200470,0.0,,209.95,Berrak Sarımsak Turşusu 340 Cc,migros
migros-16200476,0.0,,773.17,Berrak Kapari Turşusu 300 G,migros
migros-16200642,0.0,,369.15,Kuhne Jalapeno Biber Turşusu Dilimli 650 G,migros
migros-16200768,0.0,,127.61,Migros Kornişon Turşusu 670 G,migros
migros-16200769,0.0,,193.96,Migros Çubuk Salatalık Turşusu 670 G,migros
migros-16200772,0.0,,325.22,Tukaş Jalapeno Biber Turşusu 335 G,migros
migros-16290018,0.0,,354.53,Heinz Ketçap 375 G,migros
migros-16200774,0.0,,187.91,Migros Acı Biber Turşusu 335 G,migros
migros-16200775,0.0,,146.99,Migros Lahana Turşusu 680 G,migros
migros-16200784,0.0,,428.43,Fersan Bücür Kornişon Turşusu 350 G,migros
migros-16021330,0.0,,763.33,Taneli Kırma Yeşil Zeytin 321/380 Süzme Ağırlık 300 G,migros
migros-16200794,0.0,,95.51,Migros Karışık Turşu 680 G,migros
migros-16200795,0.0,,364.03,Tukaş Acı Biber Turşusu 335 G,migros
migros-16200796,0.0,,102.24,Migros Salatalık Turşusu 670 G,migros
migros-16200797,0.0,,364.03,Tukaş Biberiye Turşusu 335 G,migros
migros-16200798,0.0,,369.55,Tukaş Kornişon Turşusu 330 G,migros
migros-16200900,0.0,,317.5,Berrak Jalapeno Acı Biber Turşusu 340 G,migros
migros-16200936,0.0,,358.13,Kühne Salatalık Turşusu Alman Tipi Barbekü 670 G,migros
migros-16210166,0.0,,423.0,Yurttan Salamura Asma Yaprağı 650 G,migros
migros-16200773,0.0,,187.91,Migros Biberiye Turşusu 335 G,migros
migros-16400053,0.0,,561.23,Amoy İstiridye Sos 570 G,migros
migros-16400055,0.0,,571.22,Calve Burger Sos 245 G,migros
migros-16400056,0.0,,624.75,Aiko Spring Roll Sos 200 Ml,migros
migros-16300032,0.0,,860.65,Hellmann's Acılı Mayonez 230 G,migros
migros-16400060,0.0,,999.5,Melis Jalapeno Acı Sos 100 Ml,migros
migros-16400061,0.0,,959.8,Aiko Tuzu Azaltılmış Soya Sosu 250 Ml,migros
migros-16400062,0.0,,499.88,Develey Barbekü Sos 410 Ml,migros
migros-16400249,0.0,,866.33,Poco Loco  Peynir Sosu 300 G,migros
migros-16400251,0.0,,892.86,Sharwoods Tıkka Masala 420 G,migros
migros-16400281,0.0,,4665.83,Tabasco Yeşil Biber Sosu 60 Ml,migros
migros-16400285,0.0,,5499.17,Tabasco Habanero Acı Biber Sosu 60 Ml,migros
migros-16400286,0.0,,5499.17,Tabasco Scorpion Acı Biber Sosu 60 Ml,migros
migros-16300034,0.0,,978.51,Hellmann's Trüflü Mayonez 235 G,migros
migros-16400406,0.0,,2359.8,Kıkkoman Teriyaki 250 Ml,migros
migros-16400413,0.0,,414.95,Hp Ballı Barbekü Sos 465 G,migros
migros-16400416,0.0,,421.27,Amoy Soya Sosu 750 Ml,migros
migros-16400426,0.0,,1146.33,Amoy Soya Sosu 150 Ml,migros
migros-16400446,0.0,,866.33,Poco Loco Ekşi Krema Sosu 300 G,migros
migros-16400586,0.0,,688.67,Heinz Mushroom Sos 225 G,migros
migros-16300283,0.0,,933.11,Heinz Chipotle Mayonez 225 G,migros
migros-16400594,0.0,,521.63,Develey Tatlı Ekşi Sos 460 G,migros
migros-16400596,0.0,,899.83,d&L Tartare Sweet Onion Sos 300 Ml,migros
migros-16400598,0.0,,899.83,d&L Andalouse Sos 300 Ml,migros
migros-16400599,0.0,,899.83,d&L Samourai Sos 300 Ml,migros
migros-16400602,0.0,,699.9,Kühne Tuzu Azaltılmış Soya Sosu 500 Ml,migros
migros-16400287,0.0,,1835.74,Tabasco Sriracha Acı Biber Sosu 256 Ml,migros
migros-16300046,0.0,,803.96,Calve Gurme Mayonez Jalapeno Cheddar 240 G,migros
migros-16300210,0.0,,581.9,Calve Cam Mayonez 500 G,migros
migros-16300256,0.0,,499.87,Calve Acılı Mayonez 380 G,migros
migros-16300257,0.0,,899.83,d&L Mayonnaise 300 Ml,migros
migros-16300268,0.0,,624.84,Tat Premium Mayonez 320 G,migros
migros-16300269,0.0,,559.9,Tat Mayonez Cam 500 G,migros
migros-16300270,0.0,,652.07,Heinz Mayonez Cam 460 G,migros
migros-16300271,0.0,,474.88,Calve Sarımsaklı Mayonez 400 G,migros
migros-16300272,0.0,,799.76,Tat Trüflü Mayonez 210 G,migros
migros-16300273,0.0,,542.71,Tat Sriracha Mayonez 350 G,migros
migros-16300274,0.0,,571.19,Tat Lemon & Pepper Mayonez 210 G,migros
migros-16300281,0.0,,933.11,Heinz Pesto Mayonez 225 G,migros
migros-16400049,0.0,,999.69,Heinz Acı Sos 160 G,migros
migros-16290042,0.0,,268.29,Tat Ketçap Cajun Spice 380 G,migros
migros-16300284,0.0,,933.11,Heinz Smoky Mayonez 225 G,migros
migros-16300549,0.0,,633.9,Tat Sarımsaklı Mayonez 205 G,migros
migros-16300550,0.0,,363.55,Tat Mayonez 550 G,migros
migros-16300551,0.0,,484.7,Tat Mayonez 330 G,migros
migros-16300552,0.0,,585.12,Tat Mayonez 205 G,migros
migros-16400000,0.0,,1749.75,Chili Piri Fermante Acı Sos No:1 200 Ml,migros
migros-16400001,0.0,,856.67,Kühne Trüf Mantarlı Acı Sos 105 G,migros
migros-16400002,0.0,,939.8,Fersan Soya Sosu 250 Ml,migros
migros-16400009,0.0,,1749.75,Chili Piri Füme Acı Sos No:2 200 Ml,migros
migros-16400032,0.0,,499.88,Develey Sarımsaklı Sos 410 G,migros
migros-16400033,0.0,,799.83,Develey Mayonezli Sriracha 300 Ml,migros
migros-16300282,0.0,,1077.05,Heinz Trüflü Mayonez 220 G,migros
migros-16011983,0.0,,535.0,Çukurbahçe Gemlik Siyah Zeytin 230-290 Ad/Kg,migros
migros-16011984,0.0,,414.0,Marmarabirlik Trilye Yağlı Salamura Siyah S(291-320) 500 G,migros
migros-16011994,0.0,,470.0,Çukurbahçe Kooperatifi Doğal Siyah Zeytin 500 G,migros
migros-16011995,0.0,,535.0,Öncü Doğal Salamura Siyah Zeytin 201-260Ad/Kg 1 Kg,migros
migros-16011996,0.0,,260.0,Öncü Doğal Salamura Siyah Zeytin 351-380Ad/Kg 1 Kg,migros
migros-16011999,0.0,,287.5,Cem Doğal Yağlı Siyah Zeytin 291-350 800 G,migros
migros-16012000,0.0,,460.98,Marmarabirlik Sepet Serisi  261-290 Ad/Kg 410 G,migros
migros-16012007,0.0,,704.0,İlyada Geyikli Doğal Salamura Zeytin 231-260 Ad/Kg,migros
migros-16012012,0.0,,650.0,Fora Doğal Siyah Zeytin Yağlı Salamura 500 G,migros
migros-16012013,0.0,,1470.29,Halis Komili Doğal Siyah Sele Zeytin 351-380 Ad/Kg 170 G,migros
migros-16012019,0.0,,512.5,Marmarabirlik Doğal Siyah Zeytin Gurme Xs (321-350) 400g,migros
migros-16200230,0.0,,314.14,Melis Kornişon Turşusu 350 G,migros
migros-16012037,0.0,,307.5,Bağcı Siyah Zeytini (351-410 Adet/kg) 200G,migros
migros-16011303,0.0,,1137.5,Zertum Organik Sele Siyah Zeytin 400 G,migros
migros-16020000,0.0,,299.0,Cem Edremit Çizik Zeytin 201 - 230 Ad/kg,migros
migros-16020036,0.0,,647.83,Fora Izgara Zeytin 230 G,migros
migros-16020053,0.0,,124.86,Migros Kırmızı Biber Dolgulu Yeşil Zeytin 161-200 Adet / Kg 720 G,migros
migros-16020054,0.0,,124.86,Migros Doğal Salamura Yeşil Çizik Zeytin 291-320Ad/kg720g,migros
migros-16020057,0.0,,560.0,Bağcı Yeşil Izgara Zeytin 121-160 Kg,migros
migros-16020062,0.0,,520.0,Bağcı Yeşil Zeytin Soslu Kg,migros
migros-16020196,0.0,,706.9,Sosero Peynir Dolgulu Yeşil Zeytin 290 G,migros
migros-16020198,0.0,,637.93,Sosero Egemix 290 G,migros
migros-16020207,0.0,,1470.59,Epsilon Olive Kanape Sürülebilir Yeşil Zeytin Salatası 85 G,migros
migros-16020208,0.0,,199.0,Sera Aydın Memecik Kırma Zeytin 1 Kg,migros
migros-16012027,0.0,,425.0,Marmarabirlik Sepet Serisi Zeytin S (291-320) 800 G,migros
migros-16010404,0.0,,540.0,Marmarabirlik Hiper Zeytin 500 G 231 - 260 Ad/Kg,migros
migros-16010426,0.0,,338.0,Marmarabirlik Extra Zeytin 500 G 321-350 Ad/Kg,migros
migros-16011209,0.0,,415.0,Fora Az Tuzlu Zeytin 181 - 230 Ad/Kg,migros
migros-16011264,0.0,,545.0,Cem Gemlik Sele Zeytin 201-230 Ad/Kg,migros
migros-16011290,0.0,,887.78,Zertum Organik Sele Zeytin 900 G 230 - 260 Ad/kg,migros
migros-16011291,0.0,,795.0,Zertum Organik Kırma Yeşil Zeytin 100-140 1 Kg,migros
migros-16011294,0.0,,380.0,Cem Gemlik Sele Siyah Zeytin 261 - 290 Ad/Kg,migros
migros-14909676,0.0,,954.55,Pınar Füme Hindi Karabiberli Gurme 110 G,migros
migros-16011304,0.0,,799.0,Zertum Organik Sele Zeytin 231 - 290 Ad/Kg,migros
migros-16011306,0.0,,781.25,Fora Dilimli Siyah Zeytin 160 G,migros
migros-16011334,0.0,,436.25,"Fora Gemlik Az Tuzlu Zeytin 291-320, 800 G",migros
migros-16011339,0.0,,673.75,Marmarabirlik Gold Teneke Zeytin 800 G 201-230 Ad/kg,migros
migros-16011981,0.0,,589.0,Bağcı Kuru Sele Siyah Zeytin Az Tuzlu (351-380) Kg,migros
migros-16011348,0.0,,429.0,Marmarabirlik Kuru Sele Zeytin 381-410 Ad/Kg,migros
migros-16011360,0.0,,269.5,Cem Yağlı Sele Zeytin 200 G 351-380 Ad/kg,migros
migros-16011378,0.0,,481.25,Marmarabirlik Kuru Sele Zeytin 351- 380 Ad/kg 800 G,migros
migros-16011500,0.0,,1470.59,Epsilon Olive Kanape Sarımsaklı Zeytin Ezmesi 85 G,migros
migros-16011501,0.0,,256.16,Marmarabirlik Orhangazi 3 XS Siyah Zeytin 1.015 G,migros
migros-16011502,0.0,,250.0,Migros Doğal Yağlı Siyah Zeytin 231-290 Ad/Kg 500 G,migros
migros-16011503,0.0,,525.0,Öncü Siyah Yağlı Zeytin L-M 1 Kg,migros
migros-16011912,0.0,,599.0,Marmarabirlik Yağlı Salamura Siyah Zeytin 231-260 Ad/Kg,migros
migros-16011941,0.0,,408.82,Fora Sade Siyah Zeytin Ezmesi 340 G,migros
migros-16011953,0.0,,366.25,Marmarabirlik Az Tuzlu Zeytin 800 G 321-350 Ad/Kg,migros
migros-16010071,0.0,,220.0,Bağcı Doğal Yağlı 351-380 Siyah Zeytin Kg,migros
migros-16011980,0.0,,329.0,Marmarabirlik Trilye Zeytini 291-320 Ad/Kg,migros
migros-16011344,0.0,,463.33,Cem Dilimli Kavanoz Siyah Zeytin 300 G,migros
migros-16021306,0.0,,520.0,Fora Marineli Grill Zeytin Kg 291-350 Adet/Kg,migros
migros-16021308,0.0,,295.0,Fora Yeşil Çizik Zeytin 291-350 Ad/Kg 1 Kg,migros
migros-16021309,0.0,,499.0,İlyada Geyikli Salamura Kırma Yeşil Zeytin 321-350,migros
migros-16021310,0.0,,1470.29,Halis Komili Çekirdeksiz Yeşil Izgara Zeytin 170 G,migros
migros-16021311,0.0,,1470.29,Halis Komili Limon Dolgulu Yeşil Zeytin 170 G,migros
migros-16021312,0.0,,1470.29,Halis Komili Çekirdeksiz Zeytinyağlı Kekikli Yeşil Zeytin 170 G,migros
migros-16021314,0.0,,1470.29,Halis Komili Biber Dolgulu Yeşil Zeytin 170G 261-290 Ad/kg,migros
migros-16021315,0.0,,437.5,Marmara Birlik Çizik Yeşil Zeytin 291-350Adet/ Kg 400G,migros
migros-16021320,0.0,,519.05,Zertum Organik Domat Kırma Yeşil Zeytin 1050 G,migros
migros-16021329,0.0,,763.33,Taneli Çizik Yeşil Zeytin 261/320 Süzme 300 G,migros
migros-16021129,0.0,,280.0,Cem Edremit Çizik Zeytin 231-260 Ad/Kg,migros
migros-16200026,0.0,,205.81,Berrak Tatlı Salatalık Turşusu 680 G,migros
migros-16020236,0.0,,525.0,Fora Domat Kokteyl Zeytin 400 G 111-140 Ad/kg,migros
migros-16200036,0.0,,343.67,Sera Acı Frenk Biber Turşusu 640 G,migros
migros-16200040,0.0,,428.43,Tat Acı & Tatlı Kornişon Turşusu 350 G,migros
migros-16200041,0.0,,428.43,Tat Tatlı & Ekşi Kornişon Turşusu 350 G,migros
migros-16200043,0.0,,159.86,Migros Jalapeno Acı Biber Turşusu 350 G,migros
migros-16200045,0.0,,364.21,Sera Fasulye Turşusu 700 G,migros
migros-16200204,0.0,,571.29,Kuhne Kornişon Turşusu Alman Tipi 350 G,migros
migros-16200205,0.0,,257.28,Berrak Kornişon Turşu 680 G,migros
migros-16200209,0.0,,358.13,Kühne Salatalık Turşusu Alman Tipi 670 G,migros
migros-16200210,0.0,,168.72,Berrak Salatalık Turşu 1600 G,migros
migros-16200212,0.0,,367.5,Berrak Kornişon Turşu 340 G,migros
migros-16200214,0.0,,423.38,Berrak Çubuk Usulü Salatalık Turşusu 340 G,migros
migros-16200224,0.0,,307.28,Melis Çubuk Salatalık Turşusu 680 G,migros
migros-16200034,0.0,,428.43,Tat Ballı & Hardallı Kornişon Turşusu 350 G,migros
migros-16020245,0.0,,530.23,Fora Light Zeytin 430 G 141-180 Ad/Kg,migros
migros-16021000,0.0,,438.24,Marmarabirlik Sade Zeytin Ezmesi 340 G,migros
migros-16021005,0.0,,568.57,Fora Çeşnili Yeşil Zeytin Ezmesi 175 G,migros
migros-16021010,0.0,,568.57,Fora Sade Siyah Zeytin Ezmesi 175 G,migros
migros-16011964,0.0,,556.25,Marmarabirlik Hiper Az Tuzlu Siyah Zeytin 231-260 Ad/Kg 800G,migros
migros-16021155,0.0,,699.0,Zertum Organik Kırma Yeşil Zeytin 101 - 140 Ad/kg,migros
migros-16021163,0.0,,781.25,Fora Dilimli Yeşil Zeytin 160 G,migros
migros-16021200,0.0,,280.0,Cem Domat Kırma Yeşil Zeytin 111 - 140 Ad/Kg,migros
migros-16021204,0.0,,463.33,Cem Dilimli Kavanoz Yeşil Zeytin 300 G,migros
migros-16021213,0.0,,379.0,Fora Eğri Çekirdek Kırma Yeşil Zeytin 231-290 Ad/kg,migros
migros-16021220,0.0,,269.5,Cem Çizik Yeşil Zeytin 291-320 Vakum 200 G,migros
migros-16021222,0.0,,437.5,Fora Yeşil Çizik Zeytin 261-290 Ad/Kg 400 G,migros
migros-16021301,0.0,,549.0,İlyada Geyikli Çizik Yeşil Zeytin 261-290 Ad/kg,migros
migros-16021241,0.0,,290.0,Adra Bodrum Çizik Yeşil Zeytin 111-140 Ad/kg,migros
migros-16021245,0.0,,350.0,Cem Ayvalık Taş Kırma Zeytin 400G 291-350 Ad/kg,migros
migros-16021246,0.0,,350.0,Cem Çizik Yeşil Zeytin 400 G 261-290 Ad/kg,migros
migros-16021247,0.0,,350.0,Cem Kırma Yeşil Zeytin 121-140 Ad/Kg 400 G,migros
migros-16021248,0.0,,425.0,Cem Biber Dolgulu Yeşil Zeytin 400G  141-160 AD/KG 400 G,migros
migros-16021256,0.0,,389.0,Fora Biberli Yeşil Zeytin 141-180 Ad/Kg,migros
migros-16021258,0.0,,555.0,Hisarönü Kuru Domatesli Tapenade 180 G,migros
migros-16012041,0.0,,369.0,Cere Doğal Sele Siyah Zeytin 231-260 1 Kg,migros
migros-16021295,0.0,,1209.09,Nutruit Olipop Portakal Kabuğu Dolgulu Yeşil Zeytin 33 G,migros
migros-16021296,0.0,,1209.09,Nutruit Olipop Dağ Kekiği Çeşnili Yeşil Zeytin 33 G,migros
migros-16021297,0.0,,1209.09,Nutruit Olipop Limon Kabuğu Dolgulu Yeşil Zeytin 33 G,migros
migros-16021300,0.0,,512.5,Fora Kırma Yeşil Zeytin 141-160 Adet/Kg 400 G,migros
migros-16021235,0.0,,290.0,Adra  Asos Alyanak Çizik Zeytin 231-260 Ad/kg,migros
migros-12017037,0.0,,1092.25,Polonezköy Tereyağı 400 G,migros
migros-12017038,0.0,,619.8,Migros Tereyağ 500 G,migros
migros-12017040,0.0,,969.75,Sek Tereyağ 200 G,migros
migros-12017041,0.0,,999.5,Sek Tereyağ 100 G,migros
migros-12017044,0.0,,769.9,Kahvaltı Dünyası Tereyağı 1 Kg,migros
migros-12017045,0.0,,785.57,Kahvaltı Dünyası Tereyağı 700 G,migros
migros-12017046,0.0,,805.8,Kahvaltı Dünyası Tereyağı 500 G,migros
migros-12017049,0.0,,1096.25,Kanlıca Tereyağı 400 G,migros
migros-12020108,0.0,,1979.8,Lurpak Sürülebilir Tuzlu Tereyağı 250 G,migros
migros-12020109,0.0,,1999.8,Lurpak Sürülebilir Tuzsuz Tereyağı 250 G,migros
migros-12100021,0.0,,814.75,Eker Kaymak 200 G,migros
migros-14109156,0.0,,941.67,Namet 7/24 Dana Macar Salam 60 G,migros
migros-12100085,0.0,,1365.0,Velioğlu Süt Kaymağı Kg,migros
migros-12101907,0.0,,1699.0,Velioğlu Kaymak Kg (%80 Manda %20 İnek Sütü),migros
migros-12010200,0.0,,1899.8,Mon Beurre Gurme Yayık Tereyağı 250 G,migros
migros-12102006,0.0,,997.5,Duranlar 5'li Rulo Kaymak 200 G,migros
migros-12102007,0.0,,3333.0,Mandamia Manda Kaymağı 150 G,migros
migros-12500044,0.0,,166.11,Migros Süzme Yoğurt 900 G,migros
migros-12500070,0.0,,638.89,Danone Süprix Marvel Oyuncak Hediyeli Çilek Aromalı Yoğurt 90 G,migros
migros-12500085,0.0,,638.89,Danone Disney Princess Çilek Aromalı Yoğurt 90 G,migros
migros-12500097,0.0,,407.6,Eker Dip Cips Acı Soslu Yoğurt 125 G,migros
migros-12500098,0.0,,407.6,Eker Dip Cips Cheddar Soslu Yoğurt 125 G,migros
migros-12500106,0.0,,203.33,Pınar Yoğurt 150 G,migros
migros-12500113,0.0,,207.92,İçim İçimino Bisküvili Büyüme Küpü 6x40 G,migros
migros-12100079,0.0,,937.5,Eker Kaymak 100 G,migros
migros-12010127,0.0,,1624.75,Uluova Jersey Tereyağı 400 G,migros
migros-12010147,0.0,,999.5,President Tuzsuz Tereyağı 200 G,migros
migros-12010149,0.0,,999.5,President Tuzlu Tereyağı 200 G,migros
migros-12010153,0.0,,1028.57,H.Ö.444 Tuz İlavesiz Tereyağı 350 G,migros
migros-12010154,0.0,,1028.57,H.Ö. 444 Sarımsaklı Dereotlu Tereyağı 350 G,migros
migros-12010158,0.0,,1224.75,Hasmandıra Laktozsuz Tereyağı 400 G,migros
migros-12010172,0.0,,1090.0,Polonezköy Tereyağı Kg,migros
migros-12010173,0.0,,1019.0,Polonezköy Tereyağı Tuzlu Kg,migros
migros-11562108,0.0,,207.9,Eker Çikolatalı Puding 500G,migros
migros-12010201,0.0,,1899.8,Mon Beurre Gurme Tuzlu Yayık Tereyağı 250G,migros
migros-12010203,0.0,,959.6,Sütaş Tereyağı 125 G,migros
migros-12010227,0.0,,268.0,Ülker Terem Kase Margarin 250 G,migros
migros-12017028,0.0,,479.0,Migros Tereyağı 1 Kg,migros
migros-12010261,0.0,,938.0,İçim Tereyağı 500 G,migros
migros-12010262,0.0,,947.9,İçim Tereyağı 1 Kg,migros
migros-12013729,0.0,,949.9,Torku Tereyağı 1 Kg,migros
migros-12016778,0.0,,1608.75,Baltalı Keçi Tereyağı 200 G,migros
migros-12016814,0.0,,1099.8,Ariste Tereyağı 500 G,migros
migros-12016816,0.0,,1077.5,Hasmandıra Tereyağı Kg,migros
migros-12016821,0.0,,968.44,İçim Tereyağı 225 G,migros
migros-12016827,0.0,,999.78,Sek Tereyağı 225 G,migros
migros-12016829,0.0,,1099.75,İçim Tereyağı Geleneksel Lezzet 400 G,migros
migros-12016834,0.0,,811.25,Trakya Çiftliği Vegan Yayık 200 G,migros
migros-12017016,0.0,,1207.5,Tire Süt Kooperatifi Pastörize Kozalak Tereyağ 200 G,migros
migros-12010029,0.0,,1112.25,Lazkız Tereyağı 400 G,migros
migros-12010231,0.0,,286.0,Terem Paket 250 G,migros
migros-12501017,0.0,,122.22,Sek Çiftlik Kaymaksız Yoğurt 900 G,migros
migros-12501018,0.0,,112.5,Sek Çiftlik Kaymaksız Yoğurt 1200 G,migros
migros-12501019,0.0,,109.9,Sek Light Yoğurt 500 G,migros
migros-12501082,0.0,,119.96,Sütaş Kaymak Gibi Kaymaksız Yoğurt 1250 G,migros
migros-12501121,0.0,,499.64,Nilky İncirli Yulaflı Probiyo 140 G,migros
migros-12501123,0.0,,499.64,Nilky Ananaslı Probiyo 140 G,migros
migros-12501126,0.0,,199.0,İçim Süzme Yoğurt 500 G,migros
migros-12501132,0.0,,366.0,Danone Yocrush İkili Renk Topçuk 150 G,migros
migros-12501133,0.0,,366.0,Danone Yocrush Kakaolu Gevrek 150 G,migros
migros-12501134,0.0,,261.25,Eker Hurmalı & Chialı Probiyotik Yoğurt 4 x 100 G,migros
migros-12501135,0.0,,368.46,Danone Yocrush Renkli Halka 149 G,migros
migros-12500114,0.0,,394.38,Nilky Probiyo Sade 400 G,migros
migros-12501143,0.0,,518.75,Activia Shot Çilek & Muz 80 Ml,migros
migros-12501154,0.0,,426.67,Activia İyi Hisset Ananaslı Hindistan Cevizli Yulaflı Probiyotikli Bowl  150 G,migros
migros-12501168,0.0,,169.9,Eker Çırpılmış Yoğurt 500 G,migros
migros-12501169,0.0,,180.48,Sütaş Hüptrik Çilek 3 x 35 G,migros
migros-12501176,0.0,,86.0,Yörsan Yarım Yağlı Homojenize Yoğurt 500 G,migros
migros-12501177,0.0,,146.6,Sek Ekşi Lezzet Yoğurt 750 G,migros
migros-12501178,0.0,,94.95,Yörsan Tam Yağlı Homojenize Yoğurt 1 Kg,migros
migros-12501179,0.0,,766.58,Mandamia Tam Yağlı Kaymaklı Manda Yoğurdu 600 G,migros
migros-12501209,0.0,,359.8,Sek Protein  Çilekli İçilebilir Quark 250 Ml,migros
migros-12501216,0.0,,638.89,Danone Süprix Toy Story 90 G,migros
migros-12501219,0.0,,342.57,Eker Granolalı Çırpılmış Yoğurt 175 G,migros
migros-12501220,0.0,,131.0,Pınar Denge Yoğurt Laktozsuz 900 G,migros
migros-12500156,0.0,,178.5,Arslan Tam Yağlı Kaymaklı Yoğurt 1.4 Kg,migros
migros-12500123,0.0,,350.0,Taşkapı Çiftliği Koyun Yoğurdu 1 Kg,migros
migros-12500129,0.0,,435.94,Activia Shot X2 Probiyotik Ahududu & Hibiskus 4 x 80 Ml,migros
migros-12500132,0.0,,435.94,Activia Shot X2 Probiyotik Sade 4 x 80 Ml,migros
migros-12500144,0.0,,99.5,Migros Tam Yağlı Kaymaklı Yoğurt 1 Kg,migros
migros-12500145,0.0,,557.14,Danone Hüpper Muzlu Puding 70 G,migros
migros-12017027,0.0,,623.6,Migros Tereyağı 250 G,migros
migros-12500167,0.0,,249.88,Sek Süzme Yoğurt 400 G,migros
migros-12500168,0.0,,147.9,Eker Kaymaklı Yoğurt 500 G,migros
migros-12500184,0.0,,286.25,Activia Probiyotik Laktozsuz Sade Yoğurt 4 x 100 G,migros
migros-12500192,0.0,,286.25,Activia Yaban Mersinli Probiyotik Yoğurt 4 x 100 G,migros
migros-12500196,0.0,,58.0,Migros Yarım Yağlı Homojenize Yoğurt 2 Kg,migros
migros-12500197,0.0,,426.67,Activia İyi Hisset Probiyotik Bowl Ahududu Yulaf Ceviz 150 G,migros
migros-12501016,0.0,,136.67,Sek Çiftlik Kaymaksız Yoğurt 450 G,migros
migros-12500199,0.0,,426.67,Activia İyi Hisset Probiyotik Bowl Yaban Mersini 150 G,migros
migros-12500201,0.0,,132.0,Torku Tam Yağlı Çiftçi Doğal Yoğurt 750 G,migros
migros-12500204,0.0,,86.75,Yörsan Ev Yapımı Tadında Bidon Yoğurt 2 Kg,migros
migros-12500214,0.0,,426.67,Activia İyi Hisset Probiyotik Bowl Hurma & Yulaf & Badem 150 G,migros
migros-12500336,0.0,,91.54,Sütaş Light Yoğurt 650 G,migros
migros-12500375,0.0,,99.17,Sütaş Kaymaksız Yoğurt 600 G,migros
migros-12500380,0.0,,99.5,Sütaş Kaymaksız Yoğurt 1000 G,migros
migros-12500386,0.0,,212.67,Sütaş Süzme Yoğurt 750 G,migros
migros-12102002,0.0,,700.0,Duranlar Kaymak (Rulo) 150 G,migros
migros-12500700,0.0,,101.97,Torku Yoğurt 1.5 Kg,migros
migros-12500986,0.0,,129.95,Sütaş Tava Yoğurt 1000 G,migros
migros-12501014,0.0,,233.33,Sek Çiftlik Gurme Kaymaksız Yoğurt 750 G,migros
migros-12500198,0.0,,426.67,Activia İyi Hisset Probiyotik Bowl Muz Yulaf Fındık 150 G,migros
migros-11554139,0.0,,120.51,Eker Tombul Ayran 195 Ml,migros
migros-11554141,0.0,,99.96,Eker Tombul Ayran 6 x 195 Ml,migros
migros-11554144,0.0,,22250.0,Vivo Kefir Mayası 4x1G,migros
migros-11554181,0.0,,76.25,Torku Tam Yağlı Ayran 200 Ml,migros
migros-11557072,0.0,,420.0,Baltalı % 100 Keçi Kefir 250 Ml,migros
migros-11550908,0.0,,199.8,Altınkılıç Kefirix Ballı Muzlu 250 Ml,migros
migros-11559371,0.0,,207.5,Eker Şeftali Kayısılı Kefir 200 Ml,migros
migros-11559376,0.0,,43.67,Migros Ayran 1500 Ml,migros
migros-11559377,0.0,,52.5,Migros Bardak Ayran 300 Ml,migros
migros-11559380,0.0,,199.9,Elta Ada Organik Kefir 1 L,migros
migros-11559389,0.0,,207.5,Eker Ananaslı Kefir 200 Ml,migros
migros-12010113,0.0,,1979.6,Uluova Sade Yağ 250 G,migros
migros-11559398,0.0,,131.5,Eker Çilekli Kefir 1L,migros
migros-11559399,0.0,,131.5,Eker Orman Meyveli Kefir 1L,migros
migros-11559400,0.0,,186.03,Eker Kereviz Muz Ananaslı Kefir 290 Ml,migros
migros-11559401,0.0,,186.03,Eker Yeşil Çay Elma Kefir 290 Ml,migros
migros-11559402,0.0,,186.03,Eker Havuç Zerdecal Mandalina Kefir 290 Ml,migros
migros-11559403,0.0,,186.03,Eker Pancar Limonu Zencefilli Kefir 290 Ml,migros
migros-11559514,0.0,,203.88,Özerhisar Cam Şişe Ayran 245 Ml,migros
migros-11559515,0.0,,164.95,Özerhisar Cam Şişe Ayran 1 L,migros
migros-11559516,0.0,,449.5,President Krema %35 Yağlı 200 Ml,migros
migros-11552604,0.0,,69.0,"Eker Ayran 1,5 L",migros
migros-11559531,0.0,,149.95,Arslan Karamaya Ayran 1 L,migros
migros-11559536,0.0,,700.0,Hulala Sprey Krem Şanti 250 G,migros
migros-11559390,0.0,,207.5,Eker Orman Meyveli Kefir 200 Ml,migros
migros-11550910,0.0,,104.95,Eker Kefir 1 L,migros
migros-11550912,0.0,,199.8,Altınkılıç Kefirix Yaban Mersini 250 Ml,migros
migros-11550960,0.0,,174.9,Uluova Sade Kefir 1 L,migros
migros-11550995,0.0,,125.95,Altınkılıç Laktozsuz Kefir 1 L,migros
migros-11550996,0.0,,220.0,Altınkılıç Laktozsuz Kefir 250 Ml,migros
migros-11551903,0.0,,115.0,İçim Orman Meyveli Kefir 1 L,migros
migros-11551904,0.0,,115.0,İçim Çilekli Kefir 1 L,migros
migros-11552000,0.0,,547.5,Tikveşli Krema 200 Ml,migros
migros-05079096,0.0,,285.97,Bereket Üçgen Yufka 25 Yaprak 360 G,migros
migros-11552002,0.0,,172.5,Danone Bitkisel Yağlı  Krema Sos 200 Ml,migros
migros-11552185,0.0,,484.75,Sek Krema 200 Ml,migros
migros-11552186,0.0,,6000.0,Sek Laktozsuz Kahve Kreması 10 Adet x 15 Ml,migros
migros-11554134,0.0,,73.33,Torku Ayran 300 Ml,migros
migros-11552592,0.0,,99.0,İçim Kefir 1 L,migros
migros-11552597,0.0,,73.33,Sütaş Ayran 300 Ml,migros
migros-11550061,0.0,,83.17,Sek Naneli Bardak Ayran 300 Ml,migros
migros-11552675,0.0,,299.5,İçim Şef %18 Yağlı Krema 200 Ml,migros
migros-11552678,0.0,,114.33,Eker Ayran 293 Ml,migros
migros-11552685,0.0,,105.0,İçim Rahat Laktozsuz Kefir 1 L,migros
migros-11554039,0.0,,77.02,Sek Ayran 285 Ml,migros
migros-11554102,0.0,,430000.0,"Endanem Kuru Doğal Kefir Mayası 0,5 G",migros
migros-11554120,0.0,,74.5,İçim Bardak Ayran 200 Ml,migros
migros-11554127,0.0,,199.8,Altınkılıç Kefir 250 Ml,migros
migros-11554131,0.0,,175.0,Kefirzadem 1 L,migros
migros-11554132,0.0,,86000.0,Sevdanem Tek Kullanımlık Kuru Doğal Kefir Mayası 3X0.5 G,migros
migros-11552590,0.0,,449.5,İçim Şef %35 Yağlı Krema 200 Ml,migros
migros-11562106,0.0,,471.6,Eker Portakal.Bademli Bitter Çikolatalı Tatlı 125G,migros
migros-11562107,0.0,,207.9,Eker Sütlaç 500G,migros
migros-11559522,0.0,,179.9,Orvital Organik Kefir 1 L,migros
migros-11562205,0.0,,197.5,Migros Fırın Sütlaç 200 G,migros
migros-11567265,0.0,,857.14,Kinder Süt Dilimi Çarkıfelek Meyvesi 28 G,migros
migros-11567266,0.0,,557.14,Eti Süt Burger Kakaolu 35 G,migros
migros-11567270,0.0,,593.75,Eti Petito Sosbom Çilekli 48 G,migros
migros-11567288,0.0,,646.33,Mövenpick İsviçre Çikolatalı Puding 150 G,migros
migros-11567290,0.0,,725.0,Danette Topper Selection Fındık & Brownie 124 G,migros
migros-11567291,0.0,,736.89,Danette Topper Selection Wafer Mix 122 G,migros
migros-11567292,0.0,,736.89,Danette Topper Selection Antep Fıstıklı & Baklava Parçaları 122 G,migros
migros-11567293,0.0,,273.75,Danette Karamelli Çikolatalı Puding 4 x 100 G,migros
migros-11559542,0.0,,163.06,Özerhisar Ayranı 245 Ml,migros
migros-12010015,0.0,,1047.6,Pınar Tereyağı 125 G,migros
migros-12010019,0.0,,1031.67,Tahsildaroğlu Geleneksel Pastörize Tereyağı 300 G,migros
migros-12010022,0.0,,1119.6,Laz Kızı Tereyağı 250 G,migros
migros-12010025,0.0,,999.0,Pınar Tereyağı 1 Kg,migros
migros-12010027,0.0,,949.95,Sütaş Tereyağı Dilimli 1000 G,migros
migros-11561991,0.0,,2642.86,Kinder Süt Dilimi 4 Adet x 28 gr,migros
migros-12010031,0.0,,1019.9,Hasmandıra Kova Tereyağ 500 G,migros
migros-12010036,0.0,,1264.5,Polonezköy Tereyağı 200 G,migros
migros-12010037,0.0,,1119.8,Hasmandıra Geleneksel Tereyağı 500 G,migros
migros-12010065,0.0,,1015.8,Hasmandıra Tereyağ Topak 500 G,migros
migros-12010068,0.0,,813.95,Yörsan Tereyağı 1 Kg,migros
migros-12010112,0.0,,2399.6,Uluova Jersey Sade Yağ 250 G,migros
migros-11567295,0.0,,2500.0,Milka Choco Snack Sütlü Çikolata Kaplı Dolgulu Kakaolu Kek 27 G,migros
migros-11560019,0.0,,557.14,Eti Süt Burger Muzlu 35 G,migros
migros-11560037,0.0,,733.33,Ozmo Cool Çilekli 30 G,migros
migros-11560118,0.0,,599.5,Eker Profiterol 100 G,migros
migros-11561705,0.0,,219.44,Migros Kazandibi 180 G,migros
migros-11561844,0.0,,399.67,Eker Keşkül 150 G,migros
migros-11561845,0.0,,399.67,Eker Sütlaç 150 G,migros
migros-11561846,0.0,,393.0,Eker Supangle 150 G,migros
migros-11561847,0.0,,399.67,Eker Sakızlı Muhallebi 150 G,migros
migros-11561859,0.0,,883.33,Kinder Pingui 30 gr,migros
migros-11561860,0.0,,696.43,Kinder Süt Dilimi 28 gr,migros
migros-11561863,0.0,,229.88,Sütaş Babymix Sade 4X100 G,migros
migros-11561990,0.0,,3400.0,Kinder Pingui 4 adet x 30 gr,migros
migros-11562105,0.0,,479.6,Eker Antep Fıstıklı Çikolatalı Sütlü Tatlı 125G,migros
migros-11561997,0.0,,393.0,Eker Tavukgöğsü 150 G,migros
migros-11562011,0.0,,399.67,Eker Kazandibi 150 G,migros
migros-11562067,0.0,,349.82,Danette İkilim Çikolatalı Sütlü Puding 4 x 70 G,migros
migros-11562071,0.0,,635.42,Eti Browni Mousse 48 G,migros
migros-11562072,0.0,,557.14,Eti Süt Burger Sütlü ve Ballı 35 G,migros
migros-11562078,0.0,,225.0,Alpro Şekersiz Badem İçeceği 1 L,migros
migros-11562094,0.0,,278.67,Danette Çikolatalı Puding 375 G,migros
migros-11562098,0.0,,844.87,Kinder Sütlü Delice 39 g,migros
migros-11562099,0.0,,557.14,Eti Süt Burger Çilekli Krema Dolgulu Ballı Kek 35 G,migros
migros-11562101,0.0,,530.77,Eker Çikolatalı Puding 65 G,migros
migros-11562102,0.0,,530.77,Eker Muzlu Puding 65 G,migros
migros-11562104,0.0,,471.6,Eker Fındıklı Karamelize Beyaz Çikolata Tatlı 125G,migros
migros-11559370,0.0,,207.5,Eker Çilekli Kefir 200 Ml,migros
migros-13500059,0.0,,323.33,Kemsan Tavuk Suyu 105 Ml,migros
migros-13019509,0.0,,359.95,Gedik Soslu Piliç Pirzola Kg,migros
migros-13500610,0.0,,235.64,Gedik Piliç Nugget 700 G,migros
migros-13500613,0.0,,574.75,Lezita Piliç Yaprak Döner 200 G,migros
migros-13500616,0.0,,395.0,Keskinoğlu Piliç Çıtır Çubuk 300 G,migros
migros-13500618,0.0,,566.5,Keskinoğlu Piliç Çıtır Fileturka 300 G,migros
migros-13500619,0.0,,566.5,Keskinoğlu Piliç Mexico Shots 300 G,migros
migros-13500620,0.0,,514.88,Keskinoğlu Piliç Çıtır Bonfile 400 G,migros
migros-13500623,0.0,,235.64,Gedik Piliç Schnitzel 700 G,migros
migros-13500626,0.0,,374.88,Doyfarm Çıtır Piliç Kanat 400 G,migros
migros-13500627,0.0,,449.83,Doyfarm Çıtır Piliç Tenders 300 G,migros
migros-12501222,0.0,,335.71,Migros Ekstra Organik Tam Yağlı Kaymaklı Jersey Yoğurt 700 G,migros
migros-13500629,0.0,,524.88,Banvit Soslu Piliç Döner 400 G + Sos 100 G,migros
migros-13500631,0.0,,296.25,Gedik Piliç Acılı Kebap 400 G,migros
migros-13500633,0.0,,696.25,Keskinoğlu Gusto Sweet Chili Soslu Piliç 400 G (300 G Piliç + 100 G Sos),migros
migros-13500634,0.0,,2785.0,Keskinoğlu Gusto Kremalı Pesto Soslu Piliç 300 + 100 G,migros
migros-13500635,0.0,,2785.0,Keskinoğlu Gusto Ballı Barbekü Soslu Piliç 300 + 100 G,migros
migros-13302770,0.0,,535.93,Bolca Hindi Sote Göğüs 750 G,migros
migros-13500637,0.0,,947.3,Gurvita Tavuk Etli Çorba 370 Ml,migros
migros-13500638,0.0,,567.0,Banvit Piliç Yaprak Döner 500 G,migros
migros-13500639,0.0,,949.75,Gurvita Tavuk Suyu Sade 4 x 50 Ml,migros
migros-13500655,0.0,,499.88,Doyfarm Çıtır Piliç Lokum Burger 400 G,migros
migros-13502521,0.0,,249.83,Banvit Piliç Nugget 300 G,migros
migros-13502522,0.0,,309.83,Banvit Piliç Schnitzel 300 G,migros
migros-13500628,0.0,,599.83,Banvit Çıtır Tavuk Parçaları 300 G,migros
migros-13025476,0.0,,89.9,Uzman Kasap Poşetli Bütün Piliç Kg,migros
migros-13029277,0.0,,209.95,Bolez Köylüm Poşetli Bütün Piliç Kg,migros
migros-13033139,0.0,,791.0,Orvital Organik Dondurulmuş Piliç Kanat 450 G,migros
migros-13300001,0.0,,1935.0,Yayla Türk Hindi Göğüs Füme Kg,migros
migros-13300011,0.0,,2099.0,Yayla Türk Hindi But Füme,migros
migros-13300018,0.0,,1665.0,Yayla Türk Tavuk Göğsü Füme Kg,migros
migros-13300110,0.0,,2279.0,Yayla Türk Hindi But Füme Karabiberli Kg,migros
migros-13300308,0.0,,479.95,Bolca Tabaklı Hindi Bütün But Kg,migros
migros-13300507,0.0,,679.0,Pınar Hindi Etli Salam Uzun Kg,migros
migros-13300508,0.0,,679.0,Pınar Hindi Fıstıklı Salam Uzun Kg,migros
migros-13302762,0.0,,515.0,Bolca Tabaklı Alt But Kemiksiz Hindi 500 G,migros
migros-13000310,0.0,,149.9,Uzman Kasap Piliç Pirzola Kg,migros
migros-13500053,0.0,,1855.0,Gedik Soslu Piliç Döner 400 + 100 G,migros
migros-13302772,0.0,,519.93,Bolca Hindi Dilimli Göğüs 750 G,migros
migros-13302782,0.0,,433.0,Bolca Hindi Akdeniz Soslu Sote But 500G,migros
migros-13302783,0.0,,433.0,Bolca Hindi Meksika Soslu Sote But 500 G,migros
migros-13302785,0.0,,599.93,Bolca Hindi Sote But 750 G,migros
migros-13330050,0.0,,269.95,Bolca Hindi Gerdan Kg,migros
migros-13500028,0.0,,499.83,Lezita Acılı Çıtır Jumbo Fileto 300 G,migros
migros-13500033,0.0,,296.25,Keskinoğlu Acılı Piliç Kebap 400 G,migros
migros-13500035,0.0,,382.71,Keskinoğlu Piliç Buffalo Wings 350 G,migros
migros-13500036,0.0,,275.0,Keskinoğlu Piliç Schnitzel 300 G,migros
migros-13500037,0.0,,309.83,Keskinoğlu Piliç Kasap Köfte 300 G,migros
migros-13500038,0.0,,556.0,Gedik Çok Tahıllı Çıtır Fileto 250 G,migros
migros-13500039,0.0,,567.5,Gedik Acılı Çıtır Bonfile 200 G,migros
migros-13302771,0.0,,535.93,Bolca Hindi Göğüs Bütün Fileto 750 G,migros
migros-14019145,0.0,,1480.0,Maret Dana Kokteyl Sosis 250 G,migros
migros-14019161,0.0,,1466.67,Pınar Uzun Sosis 225 G,migros
migros-14019175,0.0,,1394.74,Aytaç Dana Soyulmuş Sosis 190 G,migros
migros-14019179,0.0,,699.64,Namet Hindi Sosis 7/24 140 G,migros
migros-14019192,0.0,,557.69,Pınar Aç Bitir Hindi Kokteyl Sosis 130 G,migros
migros-14019201,0.0,,546.51,Pınar Hindi Uzun Sosis 430 G,migros
migros-14019216,0.0,,1549.0,Polonez Dana Frankfurter Sosis Kg,migros
migros-14019217,0.0,,1549.0,Polonez Dana Bratwurst Sosis Kg,migros
migros-14019219,0.0,,1996.67,İkbal Füme Dana Sosis 300 G,migros
migros-14019238,0.0,,523.81,Maret Hindi Uzun Sosis 5'li 210 G,migros
migros-14019239,0.0,,499.69,Polonez Tütsülenmiş Piliç Jumbo Sosis 320 G,migros
migros-14100038,0.0,,915.0,Pınar Salam Aç Bitir Hindi Fıstıklı Salam 50 G,migros
migros-13502537,0.0,,393.64,Banvit  Jumbo Sosis 330 G,migros
migros-14100110,0.0,,1499.0,Pınar Şölen Macar Salam Kg,migros
migros-13509434,0.0,,870.31,Gurvita Tavuk Suyu Sade 320 Ml,migros
migros-14100508,0.0,,1349.0,Namet Macar Salam Kg,migros
migros-14101514,0.0,,1790.0,Polonez Fıstıklı Macar Salam Kg,migros
migros-14101517,0.0,,3700.0,Polonez Dana Dilli Salam Kg,migros
migros-14101518,0.0,,2190.0,Polonez Dana Etli Fıstıklı Salam Kg,migros
migros-14104408,0.0,,1380.0,Torku Etli Macar Salam 250 G,migros
migros-14106842,0.0,,1690.0,Polonez Dana Salam Küpleri 100 G,migros
migros-14106843,0.0,,754.44,Migros Dana Macar Salam 90 G,migros
migros-14106844,0.0,,748.33,Migros Dilimli Dana Macar Salam 60 G,migros
migros-14109102,0.0,,1596.0,Pınar Kahvaltılık Salam 250 G,migros
migros-14109132,0.0,,693.33,Pınar Aç Bitir Hindi Salam Taze Dilimlenmiş 10 Dilim 75 G,migros
migros-14100044,0.0,,998.89,Polonez Hindi Salam 90 G,migros
migros-13509098,0.0,,597.9,Keskinoğlu Piliç Yaprak Döner 500 G,migros
migros-13509347,0.0,,275.0,Keskinoğlu Piliç Nugget 300 G,migros
migros-13509393,0.0,,567.0,Gedik Piliç Yaprak Döner 500 G,migros
migros-13509394,0.0,,398.25,Gedik Piliç Cordon Bleu 285G,migros
migros-13509404,0.0,,235.64,Keskinoğlu Piliç Nugget 700 G,migros
migros-13509410,0.0,,870.31,Bolez Köylüm Tavuk Suyu 320 Ml,migros
migros-13509424,0.0,,697.06,Lezita Izgara Dilimli Piliç Fileto 170 G + Pesto Sos 30 G,migros
migros-13509425,0.0,,697.06,Lezita Izgara Dilimli Piliç Fileto 170 G + Chili Sos 30 G,migros
migros-13500608,0.0,,274.88,Lezita Piliç Acılı Kebap 400 G,migros
migros-13509451,0.0,,479.9,Gedik Piliç Çıtır Bonfile Parçaları 500 G,migros
migros-14010001,0.0,,1512.5,Maret Sosis 5'Li 240 G,migros
migros-14010019,0.0,,1479.17,Maret 10'lu Sosis 432 G,migros
migros-14019128,0.0,,527.78,Pınar Aç Bitir Kokteyl Hindi Sosis 180 G,migros
migros-14010088,0.0,,1479.17,Etenfes Frankfurter Dana Sosis 240 G,migros
migros-14010089,0.0,,1542.37,Pınar Sosis Hot Dog 295 G,migros
migros-14010090,0.0,,475.0,Namet Frankfurter Piliç Sosis 300 G,migros
migros-14010092,0.0,,2350.0,Şahin Dana Frankfurter Sosis Kg,migros
migros-14010093,0.0,,675.47,Pınar Füme Hindi Cheddarlı Jumbo Sosis 265 G,migros
migros-14010100,0.0,,2754.14,Fümeci Smokehouse Frankfurter Sosis 350 G,migros
migros-14010104,0.0,,1744.19,Pınar Kokteyl Sosis 215 G,migros
migros-14010114,0.0,,2754.14,Fümeci Smokehouse Bratwurst Sosis 350 G,migros
migros-14010328,0.0,,313.64,Keskinoğlu Piliç Tütsülenmiş Jumbo Sosis 330 G,migros
migros-14019061,0.0,,1393.02,Pınar 10'lu Ekonomik Sosis 430 G,migros
migros-14019071,0.0,,1025.0,Erşan Küvet Kokteyl Sosis 400 G,migros
migros-13500636,0.0,,1029.75,Gurvita Sade Tavuk Yağı 4 x 50 G,migros
migros-14010029,0.0,,1745.0,Polonez Dana Kokteyl Sosis 200 G,migros
migros-12502222,0.0,,80.0,Sek Yarım Yağlı Yoğurt 1500 G,migros
migros-12502500,0.0,,268.75,Danone Meyveli Yoğurt Orman Meyveli 400 G,migros
migros-12502501,0.0,,268.75,Danone Meyveli Çilekli Yoğurt 400 G,migros
migros-12502778,0.0,,237.38,Eker Çilekli Probiyotik Yoğurt 400 G,migros
migros-12502779,0.0,,237.38,Eker Orman Meyveli Probiyotik Yoğurt 400G,migros
migros-12502800,0.0,,261.25,Eker Kayısılı Probiyotik Yoğurt 4X100 G,migros
migros-12502801,0.0,,261.25,Eker Çilekli Probiyotik Yoğurt 4X100 G,migros
migros-12502803,0.0,,303.6,Eker İncirli Yulaflı Probiyotik Yoğurt 125 G,migros
migros-12501231,0.0,,135.8,Eker Efsane Yoğurt 250 G,migros
migros-12502805,0.0,,261.25,Eker Orman Meyveli Probiyotik Yoğurt 4x100g,migros
migros-12502999,0.0,,138.0,İçim Organik Yoğurt 750 G,migros
migros-13019550,0.0,,89.95,Bolez Köylüm Piliç Taşlık,migros
migros-12503501,0.0,,467.5,Mövenpick Frambuazlı Fermente Süt Ürünü 100 G,migros
migros-12503502,0.0,,467.5,Mövenpic Kayısı & Mangolu Fermente Süt Ürünü 100 G,migros
migros-12503503,0.0,,467.5,Mövenpick Çilekli Fermente Süt Ürünü 100 G,migros
migros-12503528,0.0,,262.5,Activia Sade Probiyotik Yoğurt 8x100 G,migros
migros-12505009,0.0,,344.75,Arslan Süzme Yoğurt 400 G,migros
migros-12505658,0.0,,129.27,Eker Efsane Yoğurt 750 G,migros
migros-12505659,0.0,,151.29,Eker Efsane Yoğurt  350 G,migros
migros-12505661,0.0,,113.2,Eker Efsane Yoğurt 1250 G,migros
migros-12508505,0.0,,543.75,Activia Shot+ Nar Ve Çilek 80 Ml,migros
migros-12508506,0.0,,543.75,Activia Shot+ Kara Mürver Ve Yaban Mersinli 80 Ml,migros
migros-12508530,0.0,,518.75,Activia x2 Probiyotik Shot Sade 80 Ml,migros
migros-12508532,0.0,,518.75,Activia x2 Probiyotik Shot Ahududu & Hibiskus 80 Ml,migros
migros-12503500,0.0,,467.5,Mövenpick Şeftali & Çarkıfelekli Fermente Süt Ürünü 100 G,migros
migros-12501224,0.0,,134.5,Yörsan Susurluk Kaymaklı Tava Yoğurt 1 Kg,migros
migros-12501228,0.0,,638.89,Danone Süprix Star Wars Çilek Aromalı Yoğurt 90 G,migros
migros-12500421,0.0,,119.93,Sek Laktozsuz Yarım Yağlı Yoğurt 750 G,migros
migros-12501238,0.0,,359.8,Sek Protein Quark İçilebilir Kıvamda 250 Ml,migros
migros-12501243,0.0,,394.38,Nilky Şeker İlavesiz Probiyo 400 G,migros
migros-12501244,0.0,,463.93,Activia Mix & Go Çilekli Çiyalı Yulaflı Granola & Yoğurt 183 G,migros
migros-12501246,0.0,,499.64,Nilky Yaban Mersini ve Keten Tohumlu Probiyo 140 G,migros
migros-12501247,0.0,,463.93,Activia Mix & Go Kakao Fındık Yulaflı Granola & Yoğurt 183 G,migros
migros-12501254,0.0,,330.0,Velioğlu Kaymaklı Çömlek Yoğurt Kg,migros
migros-12501384,0.0,,582.09,Danone Hüpper Çilek Aromalı Yoğurt 67 G,migros
migros-12501386,0.0,,557.14,Danone Hüpper Çikolatalı Puding 70 G,migros
migros-12501537,0.0,,274.75,Danone Activia Sade Yoğurt 400 G,migros
migros-12502034,0.0,,207.92,İçim İçimino Çilekli Büyüme Küpü 6X40g,migros
migros-12501880,0.0,,173.9,Sütaş Kaymaklım Yoğurt 500 G,migros
migros-12501889,0.0,,530.77,Eker Çilekli Yoğurt 65 G,migros
migros-12501890,0.0,,530.77,Eker Şeftali Kayısılı Yoğurt 65 G,migros
migros-12501891,0.0,,142.5,Eker Kaymaklı Tava Yoğurt 1 Kg,migros
migros-12501956,0.0,,71.67,Migros Tam Yağlı Homojenize Yoğurt 1500 G,migros
migros-12501136,0.0,,261.25,Eker İncirli & Yulaflı Probiyotik Yoğurt 4 x 100 G,migros
migros-12502008,0.0,,160.0,Tire Süt Kooperatifi Kaymaklı Yoğurt 1500 G,migros
migros-12502019,0.0,,89.45,İçim Kaymaksız Yoğurt 2000 G,migros
migros-12502024,0.0,,138.83,Eker Probiyotik Yoğurt 900 G,migros
migros-12502030,0.0,,109.33,İçim Kaymaksız Yoğurt 750 G,migros
migros-12502031,0.0,,119.87,İçim Rahat Laktozsuz Yoğurt 750G,migros
migros-12502032,0.0,,207.92,İçim İçimino Orman Meyveli Büyüme Küpü 6X40g,migros
migros-12501803,0.0,,599.93,Mandamia Tam Yağlı Kaymaklı Manda Yoğurdu 750 G,migros
migros-13000303,0.0,,174.95,Uzman Kasap Piliç Kelebek Kg,migros
migros-13000306,0.0,,199.9,Uzman Kasap Piliç Bonfile Kg,migros
migros-13000307,0.0,,79.9,Uzman Kasap Piliç Kalçalı But Kg,migros
migros-13000308,0.0,,79.9,Uzman Kasap Piliç Baget Kg,migros
migros-13000309,0.0,,199.9,Uzman Kasap Piliç Kanat Kg,migros
migros-12508768,0.0,,220.0,"Pınar Organik Homojenize %3,5 Yağlı Yoğurt 4X125 G",migros
migros-13000311,0.0,,279.9,Uzman Kasap Piliç Izgara Tava Kg,migros
migros-13000312,0.0,,259.95,Uzman Kasap Piliç Parmak Bonfile Kg,migros
migros-13000314,0.0,,49.9,Uzman Kasap Piliç Ciğer Kg,migros
migros-13000321,0.0,,412.38,Gedik Piliç Tavuk Çeşni Soslu Göğüs 400 G,migros
migros-13000322,0.0,,424.88,Gedik Piliç Yayla Soslu But Kuşbaşı 400 G,migros
migros-13000327,0.0,,399.88,Gedik Piliç Dağ Kekikli Göğüs Kuşbaşı 400 G,migros
migros-12501957,0.0,,66.32,Migros Tam Yağlı Homojenize Yoğurt 3000 G,migros
migros-13010152,0.0,,159.95,Gedik Piliç Baget Kg,migros
migros-13010155,0.0,,659.0,Yeşil Küre Organik Bütün Piliç Kg,migros
migros-13010182,0.0,,399.95,Gedik Piliç But Izgaralık Kg,migros
migros-13010183,0.0,,159.95,Gedik Piliç Tabaklı Kalçalı But Kg,migros
migros-13010184,0.0,,359.95,Gedik Piliç Kanat Kg,migros
migros-13010185,0.0,,319.95,Gedik Piliç Baby Kg,migros
migros-13010186,0.0,,189.95,Gedik Piliç Pirzola Kg,migros
migros-13010371,0.0,,349.95,Banvit Piliç Lokum Tava Kg,migros
migros-12509723,0.0,,266.67,Elta Ada Organik Tam Yağlı Yoğurt 900 G,migros
migros-13019511,0.0,,299.95,Gedik Tabaklı Soslu Piliç Kelebek Kg,migros
migros-13019512,0.0,,359.95,Gedik Tabaklı Soslu Piliç Kanat Kg,migros
migros-13019516,0.0,,499.95,Gedik Tabaklı Soslu Piliç But Şiş Kg,migros
migros-13010136,0.0,,339.95,Gedik Piliç Bonfile Kg,migros
migros-12509352,0.0,,273.75,Danette Çikolatalı Puding 4 x 100 G,migros
migros-12509353,0.0,,273.75,Danette Muzlu Puding 4 x 100 G,migros
migros-12509362,0.0,,245.56,Orvital Organik Tam Yağlı Kaymaklı Yoğurt 900 G,migros
migros-12509378,0.0,,271.0,Eker Süzme Yoğurt 500 G,migros
migros-12509626,0.0,,286.25,Activia Doğal Probiyotik Kayısılı Yoğurt 4 x 100 G,migros
migros-12509627,0.0,,286.25,Activia Doğal Probiyotik Sade Yoğurt 4x100 G,migros
migros-12509628,0.0,,286.25,Activia Doğal Probiyotik Çilekli Yoğurt 4 x 100 G,migros
migros-12509629,0.0,,286.25,Activia Doğal Probiyotik Orman Meyveli Yoğurt 4 x 100 G,migros
migros-12509652,0.0,,292.38,Activia Doğal Probiyotik İncir&Ceviz&Tahıl Yoğurt 4 x 100 G,migros
migros-12509662,0.0,,244.68,Danone Disney Çilekli Milkshake 188 Ml,migros
migros-12509666,0.0,,327.78,Danone Mix Çilekli Yoğurt 2 x 90 G,migros
migros-12509680,0.0,,314.58,Danone Danino Orman Meyveli 6 x 40 G,migros
migros-13000302,0.0,,499.95,Bolez Köylüm Piliç Bonfile Kg,migros
migros-12509682,0.0,,314.58,Danone Danino Çilekli 6 x 40 G,migros
migros-12509688,0.0,,107.5,Pınar Yoğurt 2 Kg,migros
migros-12502804,0.0,,303.6,Eker Hurmalı Chialı Probiyotik Yoğurt 125 G,migros
migros-12509882,0.0,,96.48,Eker Bidon Yoğurt 2 Kg,migros
migros-12509920,0.0,,286.25,Activia Doğal Probiyotik Ananaslı Yoğurt 4 x 100 G,migros
migros-12509940,0.0,,243.33,Eker Süzme Yoğurt 900 G,migros
migros-12509973,0.0,,78.75,İçim Doğal Yoğurt Yarım Yağlı 2000 G,migros
migros-12509986,0.0,,152.95,Pınar Organik Yoğurt 1000 G,migros
migros-13000252,0.0,,329.9,Hastavuk Piliç Fileto Kuşbaşı 500 G,migros
migros-13000294,0.0,,399.95,Keskinoğlu Piliç Izgara Tava Kg,migros
migros-13000299,0.0,,499.95,Bolez Köylüm Piliç Izgara Tava Kg,migros
migros-13000300,0.0,,399.95,Bolez Köylüm Piliç Kanat Kg,migros
migros-12509681,0.0,,314.58,Danone Danino Bisküvili 6 x 40 G,migros
migros-29750023,0.0,,569.83,Protex Nemlendirici Sıvı Sabun 300 Ml,migros
migros-29750033,0.0,,36.65,Dalan Family Sıvı Sabun Okyanus 3 L,migros
migros-29750039,0.0,,317.38,Sandy Sıvı Sabun Detox 400 Ml,migros
migros-29750040,0.0,,317.38,Sandy Sıvı Sabun Relax 400Ml,migros
migros-29750041,0.0,,317.38,Sandy Sıvı Sabun Dream 400Ml,migros
migros-29750042,0.0,,317.38,Sandy Sıvı Sabun Silk 400Ml,migros
migros-29750045,0.0,,199.9,Mabel Marseille Mavi Okyanus Sıvı El Sabunu 500 Ml,migros
migros-29750047,0.0,,199.9,Mabel Marseille Bosphorus Sıvı El Sabunu 500 Ml,migros
migros-29753794,0.0,,500.0,Rebul Magnolia Sıvı Sabun Unisex 500 Ml,migros
migros-29753797,0.0,,500.0,Rebul Ice Sıvı Sabun Unisex 500 Ml,migros
migros-29753810,0.0,,94.95,Nazar Bio Portakal Çiçeği Kokulu Sıvı Arap Sabunu,migros
migros-16400603,0.0,,452.14,Tat Burger Sos 210 G,migros
migros-29753812,0.0,,319.9,Pereja Köpük Sabun Kaşmir 500 Ml,migros
migros-29250001,0.0,,499.75,Dalan Le Jardin Kağıt Sargı Orchid & Lily 200 G,migros
migros-29753815,0.0,,319.9,Pereja Köpük Sabun Mimoza 500 Ml,migros
migros-29753818,0.0,,499.88,Thalia Kokteyl Sıvı Sabun Hindistan Cevizi 400 Ml,migros
migros-29753819,0.0,,499.88,Thalia Kokteyl Sıvı Sabun Papaya 400 Ml,migros
migros-29753824,0.0,,324.88,Fairy Sıvı Sabun Lilyum Kokulu 400 Ml,migros
migros-29753825,0.0,,324.88,Fairy Sıvı Sabun Bodrum Mandalina Kokulu 400 Ml,migros
migros-29753827,0.0,,324.88,Fairy Sıvı Sabun Lavanta Kokulu 400 Ml,migros
migros-29753828,0.0,,33.32,Saloon Sıvı Sabun Gül 3 L,migros
migros-29753831,0.0,,33.32,Saloon Sıvı Sabun Sultan Hasbahçe 3 L,migros
migros-29758683,0.0,,273.33,Palmolive Aroma Sensations So Relaxed Sıvı El Sabunu 300 Ml,migros
migros-29758684,0.0,,263.33,Palmolive Mutfak için Koku Giderici Sıvı El Sabunu 300 Ml,migros
migros-29753811,0.0,,94.95,Nazar Bio Beyaz Sabun Kokulu Sıvı Arap Sabunu 1 L,migros
migros-29200082,0.0,,139.94,Migros Banyo Sabunu Zeytinyağlı 4 x 200 G,migros
migros-29200083,0.0,,416.53,Palmolive Tangerine Yüz ve Vücut Sabunu 4 x 90 G,migros
migros-29200090,0.0,,1785.36,Thalia Lifli Sabun Antioxidant Shield 140 G,migros
migros-29200093,0.0,,999.44,Duru Moods Energy Limon & Ginseng 4'lü 90 G,migros
migros-29200094,0.0,,999.44,Duru Moods Relax Bal ve Lavanta Sabun 4'lü 90 G,migros
migros-29227452,0.0,,407.31,Duru Hydropure Aloevera Bakım Sabunu 4 x 135 G,migros
migros-29227453,0.0,,407.31,Duru Hydropure Sakura Bakım Sabunu 4 x 135 G,migros
migros-29027011,0.0,,266.58,Dalan Banyo Sabunu Beyaz Lavanta  4X150 G,migros
migros-29250002,0.0,,499.75,Dalan Le Jardin Kağıt Sargı Freesia & Sweet Pea 200G,migros
migros-29250003,0.0,,499.75,Dalan Le Jardin Kağıt Sargı Peony & Rose 200 G,migros
migros-29250044,0.0,,319.9,Palmolive Aroma Sensations Tangerine Sıvı Sabun 500 Ml,migros
migros-29250046,0.0,,666.48,Palmolive Almond Yüz ve Vücut Sabunu 3 x 90 g,migros
migros-29750017,0.0,,93.18,Peros Amber & Gül Sıvı Sabun 2.94 L,migros
migros-29251500,0.0,,533.0,Hacı Şakir Lavanta Kalıp Sabun 150 G,migros
migros-29350300,0.0,,333.25,Duru Saf&Doğal Gül Kalıp Sabun 600 G,migros
migros-29540802,0.0,,225.0,Dalan Fresh Pembe Greyfurt Güzellik Sabunu 4 x 110 G,migros
migros-29540803,0.0,,146.67,Dalan Fresh Pembe Greyfurt Duş Sabunu 4 x 150 G,migros
migros-29541501,0.0,,282.14,Hacı Şakir Klasik Okyanus Serinliği Güzellik Sabunu 4X70 G,migros
migros-29541502,0.0,,282.14,Hacı Şakir Klasik Çiçek Terapisi Güzellik Sabunu 4X70 G,migros
migros-29541514,0.0,,589.11,Hacı Şakir Bahar Çiçekleri Lavanta Güzellik Sabunu 4X70 G,migros
migros-29547661,0.0,,474.88,Duru Güzellik Sabunu Fresh Okyanus Esintisi 400 G,migros
migros-29547662,0.0,,474.88,Duru Güzellik Sabunu Fresh Çiçek Tazeliği 400 G,migros
migros-29561795,0.0,,191.87,Migros Güzellik Sabunu Leylak 5 x 75 G,migros
migros-29200035,0.0,,324.92,Duru Natural Olive Zeytinyağlı 4X150 G,migros
migros-29738301,0.0,,126.26,Nazar Arap Sabunu Kase 950 G,migros
migros-29250047,0.0,,666.48,Palmolive Olive Yüz ve Vücut Sabunu 3 x 90 G,migros
migros-29781575,0.0,,233.3,Hacı Şakir Lavanta Dinlendirici Bakım Sıvı El Sabunu 1500 Ml,migros
migros-29786566,0.0,,599.89,Dove Sugar Cookie Sıvı Sabun 450 Ml,migros
migros-29789754,0.0,,279.9,Turmepa Doğa Ve Deniz Dostu Sıvı Sabun 500 Ml,migros
migros-29789910,0.0,,166.63,Activex Antibakteriyel Sıvı Sabun Hassas Koruma 1.5 L,migros
migros-29789911,0.0,,166.63,Activex Antibakteriyel Sıvı Sabun Aktif Koruma 1.5 L,migros
migros-29789919,0.0,,599.89,Dove Nemlendirici Sıvı Sabun 450 Ml,migros
migros-29789920,0.0,,599.89,Dove Nemlendirici Sıvı Sabun Avokado Yağı ve Kalendula Özü 450 Ml,migros
migros-29789921,0.0,,599.89,Dove Nemlendirici Sıvı Sabun Hindistan Cevizi Yağı ve Badem Sütü Özü 450 Ml,migros
migros-29789922,0.0,,599.89,Dove Nemlendirici Sıvı Sabun Lotus Çiçeği ve Pirinç Özü 450 Ml,migros
migros-29790005,0.0,,93.18,Peros Aqua & Deniz Esintisi Sıvı Sabun 2.94 L,migros
migros-29758728,0.0,,305.9,Savon De Royal Pur Yeşil Sıvı Sabun 500 Ml,migros
migros-29758689,0.0,,199.88,Dalan Dolive Zeytinyağlı Besleyici Sıvı Sabun 400 Ml,migros
migros-29790009,0.0,,67.93,Migros Salsa Sıvı Sabun 750 Ml,migros
migros-29790012,0.0,,43.98,Migros Hawaii Sıvı Sabun 2.5 L,migros
migros-29790013,0.0,,43.98,Migros Salsa Sıvı Sabun 2.5 L,migros
migros-29790029,0.0,,324.92,Duru Fresh Sensations Yağmur Ormanı 4 x 150 G,migros
migros-29790030,0.0,,299.9,Activex Aktif Antibakteriyel Sıvı Sabun 500 Ml,migros
migros-29790041,0.0,,166.63,Dalan D'olive Besleyici Sıvı Sabun 1.5L,migros
migros-29790145,0.0,,399.88,Tariş Zeytinyağlı Sıvı El Sabunu 400 Ml,migros
migros-29799586,0.0,,119.97,"Duru Sıvı Sabun Okyanus Tazeliği 1,5L",migros
migros-29799587,0.0,,119.97,"Duru Sıvı Sabun Avokado Yağı 1,5L",migros
migros-29799588,0.0,,119.97,"Duru Sıvı Sabun Zeytinyağlı 1,5L",migros
migros-29799590,0.0,,119.97,"Duru Sıvı Sabun Kiraz Çiçeği 1,5L",migros
migros-29818732,0.0,,253.25,Dalan Doğal Özler & Doğal Gliserin Duş Sabunu 4 x 150 G,migros
migros-29790008,0.0,,67.93,Migros Hawaii Sıvı Sabun 750 Ml,migros
migros-29758723,0.0,,283.9,Savon De Royal Beyaz İnci Sıvı Sabun 500 Ml,migros
migros-29758724,0.0,,283.9,Savon De Royal Kahve İnci Sıvı Sabun 500 Ml,migros
migros-29758725,0.0,,283.9,Savon De Royal Bordo İnci Sıvı Sabun 500 Ml,migros
migros-29758726,0.0,,305.9,Savon De Royal Pur Siyah Sıvı Sabun 500 Ml,migros
migros-29737413,0.0,,67.98,Cif Zemin Temizleyici Sakura 2500 Ml,migros
migros-29758732,0.0,,36.65,Dalan Family Sıvı Sabun Zeytin Mucizesi 3 L,migros
migros-29758733,0.0,,36.65,Dalan Family Sıvı Sabun Bahar Çiçekleri 3 L,migros
migros-29758739,0.0,,232.02,Peros Sıvı Sabun Zeytinyağı & Bergamot Çiçeği 392 Ml,migros
migros-29758740,0.0,,232.02,Peros Sıvı Sabun Amber & Gül 392Ml,migros
migros-29758741,0.0,,232.02,Peros Sıvı Sabun Aqua & Deniz Esintisi 392Ml,migros
migros-29758744,0.0,,466.33,Dalan Antik Defneli Zeytinyağı Sabunu 150 G,migros
migros-29758749,0.0,,199.9,Dalan Botanica Lotus Sıvı Sabun 500 Ml,migros
migros-29781574,0.0,,233.3,Hacı Şakir Hindistan Cevizi Sütü Sıvı El Sabunu 1500 Ml,migros
migros-29770002,0.0,,466.5,Le Petit Marseillais Sıvı Sabun Süt 300 Ml,migros
migros-29770003,0.0,,466.5,Le Petit Marseillais Sabun Lavanta Yağı 300 Ml,migros
migros-29770004,0.0,,466.5,Le Petit Marseillais Sıvı Sabun Zeytinyağı 300 Ml,migros
migros-29770005,0.0,,466.5,Le Petit Marseillais Saf Sıvı Sabun 300 Ml,migros
migros-29770006,0.0,,466.5,Le Petit Marseillais Mutfak El Yıkama Jeli 300 Ml,migros
migros-29780012,0.0,,147.9,Migros Lilac & Love Sıvı Sabun 500 Ml,migros
migros-29780013,0.0,,147.9,Migros White & Velvet Sıvı Sabun 500 Ml,migros
migros-29753814,0.0,,319.9,Pereja Köpük Sabun Gizemli Misk 500 Ml,migros
migros-29780030,0.0,,299.9,Pereja Sıvı Sabun Gizemli Misk 500 Ml,migros
migros-29780031,0.0,,299.9,Pereja Sıvı Sabun Cashmere 500 Ml,migros
migros-29780032,0.0,,299.9,Pereja Sıvı Sabun Elegance 500 Ml,migros
migros-29780040,0.0,,359.9,Le Petit Marseillais Şeftali Sıvı Sabun 500 Ml,migros
migros-29758750,0.0,,199.9,Dalan Botanica Frezya Sıvı Sabun 500 Ml,migros
migros-28490059,0.0,,433.12,Yurtalan Salamura Asma Yaprağı Pwc Pet 800 G,migros
migros-28500010,0.0,,79.95,Zeytin Yaş Kg,migros
migros-28500025,0.0,,89.95,Yaş Zeytin Kalamata Kg,migros
migros-28510077,0.0,,2398.33,Si&Ha Kiraz Sapı 30 G,migros
migros-28350203,0.0,,251.95,Sarımsak File Kg,migros
migros-28510079,0.0,,2099.5,Si&Ha Zerdeçal 100 G,migros
migros-28510080,0.0,,2255.0,Si&Ha Kişniş Tane 90 G,migros
migros-28510088,0.0,,1436.88,Si&Ha Kış Çayı 80 G,migros
migros-28510089,0.0,,3597.5,Si&Ha Melisa 20 G,migros
migros-28510090,0.0,,7998.33,Si&Ha Ihlamur Çiçek 30 G,migros
migros-28510091,0.0,,5099.0,Si&Ha Ihlamur Yaprak 50 G,migros
migros-29200080,0.0,,173.27,Duru Nature's Olive Zeytinyağı Özlü Duş Sabunu 5 x 150 G,migros
migros-28510093,0.0,,3319.5,Si&Ha Kabuk Tarçın 100 G,migros
migros-28510094,0.0,,849.5,Si&Ha Kuşburnu 100 G,migros
migros-28510096,0.0,,999.0,Si&Ha Adaçayı 50 G,migros
migros-28510103,0.0,,1559.0,Si&Ha Hibisküs 50 G,migros
migros-28510117,0.0,,1575.0,Domates Kurusu 100 G,migros
migros-28510121,0.0,,262.5,Si&Ha Kurutulmuş Dolmalık Patlıcan 25'li,migros
migros-28510124,0.0,,3779.0,Biber Yakan Kurutulmuş 50 G,migros
migros-28510194,0.0,,2969.5,Si&Ha Zeytin Baharatı 100 G,migros
migros-28395002,0.0,,49.5,Soğan Taze Demet,migros
migros-28601018,0.0,,335.8,Excelente Zencefil 250 G,migros
migros-28601021,0.0,,2643.89,Si&Ha Zencefil Ezmesi 90 G,migros
migros-28990030,0.0,,524.75,Eurofresh Fresh Mix 200 G,migros
migros-28510092,0.0,,2199.5,Si&Ha Yeşilçay 100 G,migros
migros-28360089,0.0,,50.5,Salata Kıvırcık Adet,migros
migros-28370016,0.0,,68.5,Atom Salata Adet,migros
migros-28377520,0.0,,1815.6,Erüst Ege Salata 125 G,migros
migros-28379117,0.0,,1610.0,Erüst Salata Karışık 150 G,migros
migros-28379127,0.0,,1959.67,Erüst Maskolin Salata 150 G,migros
migros-28379695,0.0,,378.0,Eurofresh Yıkanmış Yaprak Marul 250 G,migros
migros-28379696,0.0,,979.67,Eurofresh Doğranmış Karışık Akdeniz Salata 150 G,migros
migros-28379698,0.0,,447.5,Eurofresh Doğranmış Göbek Salata (Parça) 200 G,migros
migros-28379699,0.0,,293.9,Eurofresh Yıkanmış Hazır Kök Ispanak 500 G,migros
migros-28379700,0.0,,277.86,Eurofresh Yıkanmış Hazır Ispanak 700 G,migros
migros-28379723,0.0,,1807.6,Erüst Deniz Salata 125 G,migros
migros-28380099,0.0,,78.95,Pancar Kg,migros
migros-28490019,0.0,,587.9,Yurtalan Asma Yaprağı 500 G,migros
migros-28390007,0.0,,39.95,Soğan Kuru (Yeni Mahsul) Kg,migros
migros-28293023,0.0,,125.95,Patates Tatlı İthal Kg,migros
migros-28400000,0.0,,199.5,Soğan Arpacık Kg,migros
migros-28410000,0.0,,94.5,Kırmızı Soğan Kg,migros
migros-28410019,0.0,,94.5,Erdek Kapıdağı Mor Soğanı Kg,migros
migros-28420000,0.0,,39.95,Soğan Kuru Dökme Kg,migros
migros-28423022,0.0,,68.5,Soğan Gümüş Kg,migros
migros-28432005,0.0,,2228.0,Erüst Soya Filizi 125 G,migros
migros-28470007,0.0,,50.5,Vezir Turp Kg,migros
migros-28470009,0.0,,50.5,Turp Kırmızı Kg,migros
migros-28471039,0.0,,157.5,Alabaş Kg,migros
migros-28490009,0.0,,417.61,Alatat Gurme Asma Yaprağı 880 G,migros
migros-28380106,0.0,,48.5,Semizotu Demet,migros
migros-29020003,0.0,,309.92,Dalan Antik Zeytinyağlı Avokadolu Banyo Sabunu 4x150G,migros
migros-28600001,0.0,,262.5,Zencefil Kg,migros
migros-29030002,0.0,,139.94,Migros Katı Sabun Klasik 4x200 G,migros
migros-29031500,0.0,,249.92,Hacı Şakir Doğal Beyaz Kalıp Sabun 4X150 G,migros
migros-29031503,0.0,,249.92,Hacı Şakir Lavanta Beyaz Kalıp Sabun 4 x 150 G,migros
migros-29031505,0.0,,165.0,Hacı Şakir Zeytinyağı & Bal Kalıp Sabun 4X150 G,migros
migros-29031506,0.0,,249.92,Hacı Şakir Gül Beyaz Kalıp Sabun 4X150 G,migros
migros-29032889,0.0,,99.98,Vione Köpük Sabun Lavanta 2 L,migros
migros-29032890,0.0,,191.87,Migros Güzellik Sabunu Vanilya 5 x 75 G,migros
migros-29032891,0.0,,191.87,Migros Güzellik Sabunu Gül 5 x 75 G,migros
migros-29037000,0.0,,333.25,Duru Saf&Doğal Klasik Beyaz Kalıp Sabun 600 G,migros
migros-29037003,0.0,,333.25,Duru Saf&Doğal Lavanta Kalıp Sabun 600 G,migros
migros-28990031,0.0,,593.48,Eurofresh Chef Salata 230 G,migros
migros-29039925,0.0,,333.25,Duru Saf&Doğal Yeşil Zeytinyağlı Sabun 600 G,migros
migros-29137340,0.0,,599.89,Dove Yeşil Çay ve Salatalık Nemlendirici Sıvı Sabun  450 Ml,migros
migros-29147700,0.0,,244.39,Dalan Antik Pirina Kokulu 5 x 180 G,migros
migros-29200034,0.0,,266.58,Dalan Beyaz Sabun Zeytinyağlı  4x150 G,migros
migros-29010010,0.0,,247.22,Duru Diamonds Oriental Red Sabun 360 G,migros
migros-29200037,0.0,,324.92,Duru Fresh Duş Sabunu Okyanus Esintisi 4X150 G,migros
migros-29200038,0.0,,324.92,Duru Fresh Duş Sabunu Çiçek Tazeliği 4X150 G,migros
migros-29200053,0.0,,1772.27,Balmy Tatlı Badem Esanslı Katı Sabun 110G,migros
migros-29200054,0.0,,1772.27,Balmy Çilek Limon Esanslı Katı Sabun 110G,migros
migros-29200055,0.0,,1772.27,Balmy İncir Yaprağı Esanslı Katı Sabun 110G,migros
migros-29200063,0.0,,2679.6,Balmy Kabak Lifli Fresh Coconut & Soft Vanilya 125 G,migros
migros-29200067,0.0,,253.25,Dalan Organik Mineral Gliserin Banyo & Duş Sabunu 4 x 150 G,migros
migros-29037700,0.0,,266.58,Dalan Banyo Beyaz Klasik 150 Gx4 (600 G),migros
migros-28990032,0.0,,178.5,Vak-Mak Mini Koçanda Mısır Haşlanmış Yemeye Hazır,migros
migros-28990033,0.0,,630.0,Vak-Mak Koçanda Mısır Haşlanmış Yemeye Hazır 250 G,migros
migros-28990034,0.0,,466.56,Vakmak Koçanda Mısır Haşlanmış Yemeye Hazır 450 G,migros
migros-28990364,0.0,,787.5,Vak-Mak Kırmızı Pancar Haşlanmış Rendelenmiş 200 G,migros
migros-29010002,0.0,,386.5,Dalan Family Bahar Çiçekleri Güzellik Sabunu 4x75g,migros
migros-29010003,0.0,,386.5,Dalan Family Leylak Buketi Güzellik Sabunu 4x75 G,migros
migros-29010004,0.0,,386.5,Dalan Family Okyanus Güzellik Sabunu 4x75 G,migros
migros-29010005,0.0,,245.57,Dalan Lavanta Güzellik Sabunu 5x70 G,migros
migros-29010006,0.0,,245.57,Dalan Yeşil Elma Güzellik Sabunu 5x70 G,migros
migros-29010007,0.0,,245.57,Dalan Pembe Gül Güzellik Sabunu 5x70 G,migros
migros-29010009,0.0,,247.22,Duru Diamonds Exotic Green Sabun 360G,migros
migros-28510078,0.0,,1079.5,Si&Ha Rezene 100 G,migros
migros-29020002,0.0,,309.92,Dalan Antik Zeytiyağlı Argan Yağlı Banyo Sabun 4x150G,migros
migros-29010015,0.0,,1042.5,Dr Antique Bıtıım Sabunu 140 G,migros
migros-29010016,0.0,,1042.5,Dr Antique Keçi Sütü Sabunu 140 G,migros
migros-29010017,0.0,,1042.5,Dr Antique Defne Sabunu 140 G,migros
migros-29010018,0.0,,212.44,Duru Türk Hamamı Klasik Kalıp Sabun 4x200 G,migros
migros-29010021,0.0,,187.44,Hacı Şakir Hamam Keyfi Kalıp Sabun 4 x 200 G,migros
migros-29010022,0.0,,1049.58,Like Me Kabak Lifli Sabun Aloe Vera 120 G,migros
migros-29010023,0.0,,1049.58,Like Me Kabak Lifli Sabun Kolajen 120 G,migros
migros-29010024,0.0,,1049.58,Like Me Kabak Lifli Sabun Pirinç Özlü 120 G,migros
migros-29010025,0.0,,249.92,Hacı Şakir Kalıp Sabun Leylak 4 x 150 G,migros
migros-29010029,0.0,,259.9,Hacı Şakir Sıvı Sabun Lavanta 500 Ml,migros
migros-29010030,0.0,,259.9,Hacı Şakir Sıvı Sabun Hindistan Cevizi 500 Ml,migros
migros-29010031,0.0,,319.9,Palmolive Aroma Sensations Relax Sıvı Sabun 500 Ml,migros
migros-29010012,0.0,,160.0,Fax Ayvalık Zeytinyağı Kalıp Sabun 4x150 G,migros
migros-30303210,0.0,,284.95,Frosch Sirke Özlü Çok Amaçlı Temizleyici 1 L,migros
migros-30530016,0.0,,147.79,Perwoll Renkli Sıvı Deterjan 2.97 L,migros
migros-30530017,0.0,,156.71,Perwoll Çiçek Cazibesi Koyu Renkliler Sıvı Deterjan 2.75 L,migros
migros-30530018,0.0,,156.71,Perwoll Çiçek Cazibesi Renkliler Sıvı Deterjan 2.75 L,migros
migros-30530038,0.0,,372.75,Persil Power Jel Color 26 Yıkama 1.69 L,migros
migros-30530040,0.0,,424.95,Just Green Organik Çamaşır Deterjanı Renkliler,migros
migros-30530041,0.0,,277.9,Just Green Organıc Leke Çıkarıcı 500Ml,migros
migros-30530043,0.0,,200.38,Persil Color Sıvı Deterjan 38 Wl 2.47 L,migros
migros-30530044,0.0,,59.5,Renax Siyahlar İçin Sıvı Bakım Deterjanı 2.52 L,migros
migros-30530045,0.0,,59.5,Renax Sıvı Çamaşır Deterjanı Beyazlar & Renkliler 2.52 L,migros
migros-30530046,0.0,,59.5,Renax Renkliler İçin Sıvı Bakım Deterjanı 2.52 L,migros
migros-29818738,0.0,,888.33,Dove Beauty Cream Bar Fresh Touch Nemlendirici Etkili 90 G,migros
migros-30530052,0.0,,51.99,Peros Soft Lavanta Bahçesi Yumuşatıcı 5 L,migros
migros-30530053,0.0,,51.99,Peros Soft Pembe Güller Yumuşatıcı 5 L,migros
migros-30530054,0.0,,51.99,Peros Soft Beyaz Çiçekler Yumuşatıcı 5 L,migros
migros-30530055,0.0,,147.79,Perwoll Yünlüler & Narinler Sıvı Deterjan 2.97 L,migros
migros-30400974,0.0,,106.63,Asperox Sparx Limon Kokulu Kaya Tuzu 1.5 Kg,migros
migros-30530075,0.0,,0.21,Bingo Sıvı Deterjan Beyaz Sabun 1.755 L,migros
migros-30530078,0.0,,317.53,Omo Express Fresh Kötü Koku Karşıtı 1.48 L,migros
migros-30530079,0.0,,317.53,Omo Express Fresh Capcanlı Renkliler 1.48 L,migros
migros-30530081,0.0,,147.79,Perwoll Spor Giysiler İçin Sıvı Deterjan 2.97 L,migros
migros-30530087,0.0,,94.99,Peros Sıvı Bakım Çamaşır Deterjanı Siyahlar 4 L,migros
migros-30530088,0.0,,94.99,Peros Sıvı Bakım Çamaşır Deterjanı Renkliler 4 L,migros
migros-30530089,0.0,,69.5,Perwoll Renkli Sıvı Bakım Deterjanı 2 L,migros
migros-30530048,0.0,,133.32,Peros Sıvı Bakım Renk Uzmanı Siyahlar 3 L,migros
migros-30320077,0.0,,299.95,Heitmann Siyah İçin Koruyucu Onarıcı Mendil 6'lı,migros
migros-30340002,0.0,,813.27,Calgon Ultra Konsantre Çamaşır Makinesi Kireç Önleyici 750 G,migros
migros-30348326,0.0,,943.8,Calgon Ultra Konsantre Çamaşır Makinesi Kireç Önleyici 250G,migros
migros-30400005,0.0,,175.8,Migros Bulaşık Makinesi Temizleme Limon Kokulu 250 Ml,migros
migros-30400966,0.0,,1662.84,Finish Quantum Max Bulaşık Makinesi Tableti 85'li 884 G,migros
migros-30400967,0.0,,1972.73,Finish Quantum Max Bulaşık Makinesi Tableti 58'li 603.2 G,migros
migros-30400968,0.0,,2250.66,Finish Quantum Max Bulaşık Makinesi Tableti 22'li 228.8 G,migros
migros-30400969,0.0,,914.44,Asperox Sparx Diamond Bulaşık Makinesi Kapsülü 50'li 585 G,migros
migros-30400972,0.0,,454.39,Migros Bulaşık Makinesi Kapsülü 30'lu 330 G,migros
migros-30400973,0.0,,639.8,Asperox Sparx Bulaşık Makinası Temizleyici 250 Ml,migros
migros-30130652,0.0,,119.9,Mr.Oxy Süpersoda Arap Sabunlu Çamaşır Sodası 500 G,migros
migros-30400975,0.0,,359.93,Asperox Sparx Parlatıcı Kurutucu 750 Ml,migros
migros-30530013,0.0,,0.2,Perwoll Siyah Sıvı Deterjan 1.485 L,migros
migros-30403281,0.0,,931.8,Finish Bulaşık Makinesi Hijyen Temizleyici 250 Ml Limon,migros
migros-30403302,0.0,,310.93,Migros Ultra Bulaşık Makinesi Tableti 33 Adet 627G,migros
migros-30403303,0.0,,216.19,Migros Hepsi 1 Arada Tablet 50'li 800 G,migros
migros-30410193,0.0,,1869.46,Finish Quantum Max 40'lı 460 G,migros
migros-30411890,0.0,,931.8,Finish Bulaşık Makinesi Makine Temizleyici 250 Ml,migros
migros-30431201,0.0,,799.8,Pril Bulaşık Makinesi Temizleyicisi 250 Ml,migros
migros-30431822,0.0,,63737.5,Finish Bulaşık Makinesi Kokusu Limon 4 Ml,migros
migros-30440001,0.0,,49.97,"Doa Bulaşık Makinesi Tuzu Doypack 1,5 Kg",migros
migros-30441892,0.0,,121.3,Finish Bulaşık Makinesi Tuzu 1500 G,migros
migros-30441895,0.0,,28.48,Migros Bulaşık Makinesi Tuzu 2 Kg,migros
migros-30441897,0.0,,68.47,Pril Bulaşık Makinesi Tuz 2 Kg,migros
migros-30530012,0.0,,147.79,Perwoll Siyah Sıvı Deterjan 2.97 L,migros
migros-30403280,0.0,,567.44,Finish Bulaşık Makinesi Parlatıcı Limonlu 800 Ml,migros
migros-30530516,0.0,,79.98,Rinso Sıvı Çamaşır Deterjanı Komple Bakım Serisi Aloe Vera Renkliler İçin 2.5 L,migros
migros-30530517,0.0,,147.79,Perwoll Açık Renkliler Sıvı Bakım Deterjanı 2.97 L,migros
migros-30530518,0.0,,79.98,Rinso Komple Bakım Serisi Argan Özü  Sıvı Çamaşır Deterjanı  2.5 L,migros
migros-30530519,0.0,,79.98,Rinso Sıvı Çamaşır Deterjanı Komple Bakım Serisi Kömür Siyahlığı Siyahlar 2.5 L,migros
migros-30530520,0.0,,239.97,Yumoş Sıvı Bakım Deterjanı Canlandırıcı Terapi Siyahlar 30 Yıkama 1500 Ml,migros
migros-30530521,0.0,,239.97,Yumoş Sıvı Bakım Deterjanı Canlandırıcı Terapi Renkliler 30 Yıkama 1500 Ml,migros
migros-30530522,0.0,,183.98,Yumoş Sıvı Deterjan Siyahlar 2.5 L,migros
migros-30530523,0.0,,183.98,Yumoş Sıvı Deterjan Renkliler 2.5 L,migros
migros-30530524,0.0,,270.25,Omo Express Fresh Kötü Koku Karşıtı 2 x 1.48 L,migros
migros-30530525,0.0,,183.98,Yumoş Sıvı Deterjan Tüm Renkler 2.5 L,migros
migros-30530527,0.0,,270.25,Omo Express Fresh Beyazlar 2  x 1.48 L,migros
migros-30530528,0.0,,831.24,Peros Pratik Çamaşır Kapsülü Renkliler 26'lı 421 G,migros
migros-30530435,0.0,,220.09,Persil Okyanus Ferahlığı Jel 26 Yıkama 1.69 L,migros
migros-30530456,0.0,,87.8,Mr.Oxy Arap Sabunu Soda Katkılı Çamaşır Deterjanı Beyazlar 1.480 Ml,migros
migros-30530537,0.0,,317.53,Omo Express Fresh Capcanlı Siyahlar Sıvı Deterjan 1480 Ml,migros
migros-30530538,0.0,,314.95,Vanish Kosla Leke Çıkarıcı Sıvı Beyaz 1 L,migros
migros-30530539,0.0,,430.95,Kosla Vanish Multipower Sıvı Leke Çıkarıcı Beyaz 1 L,migros
migros-30530540,0.0,,362.48,Kosla Vanish Multipower Sıvı Leke Çıkarıcı Pembe 2 L,migros
migros-30530541,0.0,,314.95,Kosla Vanish Sıvı Leke Çıkarıcı Pembe 1 L,migros
migros-30530542,0.0,,39.99,Bingo Soft Yumuşatıcı Zambak 5 L,migros
migros-30530543,0.0,,362.48,Kosla Vanish Multipower Sıvı Leke Çıkarıcı Beyaz 2 L,migros
migros-30530544,0.0,,1049.07,Ariel PODS® Çamaşır Deterjanı Kapsülü 25'li 457.5 G,migros
migros-30530545,0.0,,1320.36,Ariel PODS® Çamaşır Deterjanı Kapsülü 12'li 219.6 G,migros
migros-30530546,0.0,,1213.18,Ariel OXI PODS® Çamaşır Deterjanı Kapsülü 10'lu 239 G,migros
migros-30530547,0.0,,936.69,Ariel PODS® Çamaşır Deterjanı Kapsülü 35'li 640.5 G,migros
migros-30530529,0.0,,831.24,Peros Pratik Çamaşır Kapsülü Beyazlar 26'lı 421 G,migros
migros-30530438,0.0,,1359.8,Heitmann Leke Çıkarıcı Fırçalı 250 Ml,migros
migros-30530439,0.0,,1359.8,Heitmann Leke Çıkarıcı Sprey 250 Ml,migros
migros-30530448,0.0,,162.13,Doa Sıvı Çamaşır Deterjanı Hızlı Yıkama Beyaz 1.480 Ml,migros
migros-30530449,0.0,,119.97,Miss Sıvı Çamaşır Deterjanı Arap Sabunu + Soda Etkili 1.5 L,migros
migros-30530450,0.0,,114.83,Mr.Oxy Fast Hızlı Yıkama Sıvı Çamaşır Deterjanı Siyah 1.48 L,migros
migros-30530451,0.0,,162.13,Doa Hızlı Yıkama Sıvı Çamaşır Deterjanı Beyaz ve Renkliler 1.480 Ml,migros
migros-30530453,0.0,,166.63,Omo Sıvı Çamaşır Deterjan Etkili Temizlik Beyaz Renkli 1.5 L,migros
migros-30530015,0.0,,0.2,Perwoll Renkli Sıvı Deterjan 1.485 L,migros
migros-30530458,0.0,,236.45,Bingo JetJel Ultra Beyaz 1.480 Ml,migros
migros-30530459,0.0,,236.45,Bingo JetJel Renkli Beyaz 1.480 Ml,migros
migros-30530496,0.0,,166.63,Omo Active Fresh Cold Power Beyazlar İçin Sıvı Deterjan 1500 Ml,migros
migros-30530497,0.0,,166.63,Omo Active Cold Power Beyazlar ve Renkliler 1500 Ml,migros
migros-30530515,0.0,,317.53,OMO Express Fresh Beyazlar 1.48 L,migros
migros-30530499,0.0,,166.63,Omo Active Fresh Cold Power Renkliler Sıvı Deterjan 1500 Ml,migros
migros-30530500,0.0,,263.98,Omo Active Cold Power Siyahlar Sıvı Deterjan 2500 Ml,migros
migros-30530501,0.0,,353.3,Omo Bio Sensitive Sıvı Deterjan 1500 Ml,migros
migros-30530503,0.0,,263.98,Omo Cold Power Sık Yıkananlar Tüm Renkler Sıvı Deterjan 2500 Ml,migros
migros-30530504,0.0,,416.6,Ariel Sıvı Çamaşır Deterjanı Renklilere Özel 16 Yıkama 720 Ml,migros
migros-30530506,0.0,,380.9,Ariel Sıvı Çamaşır Deterjanı Renklilere Özel 21 Yıkama 945 Ml,migros
migros-30530507,0.0,,416.6,Ariel Sıvı Çamaşır Deterjanı Beyazlar ve Renkliler 16 Yıkama 720 Ml,migros
migros-30530508,0.0,,243.02,Ariel Sıvı Çamaşır Deterjanı Renklilere Özel 32 Yıkama 1.440 Ml,migros
migros-30530509,0.0,,380.9,Ariel Sıvı Çamaşır Deterjanı Beyazlar ve Renkliler 21 Yıkama 945 Ml,migros
migros-30530510,0.0,,243.02,Ariel Sıvı Çamaşır Deterjanı Beyazlar ve Renkliler 32 Yıkama 1.440 Ml,migros
migros-30530056,0.0,,0.2,Perwoll Yünlüler & Narinler Sıvı Deterjan 1.485 L,migros
migros-30530514,0.0,,0.2,Perwoll Açık Renkliler Sıvı Bakım Deterjan 1.485 L,migros
migros-30530498,0.0,,166.63,Omo Active Cold Power Siyahlar Sıvı Deterjan 1500 Ml,migros
migros-30001497,0.0,,624.9,Renax Çamaşır Kapsülü Beyazlar 30'lu 480 G,migros
migros-30001498,0.0,,545.27,Peros Renkliler Pratik Çamaşır Kapsülü 17'li 275 G,migros
migros-30001499,0.0,,74.65,Ace Okaliptüs Esintisi Ultra Yoğun Çamaşır Suyu 3.75 L,migros
migros-30001500,0.0,,545.27,Peros Beyazlar Pratik Çamaşır Kapsülü 17'li 275 G,migros
migros-30010005,0.0,,515.41,Vanish Multipower Toz Beyaz 970 G,migros
migros-30010006,0.0,,897.81,Vanish Multipower Toz Pembe 480 G,migros
migros-30010007,0.0,,515.41,Vanish Multipower Toz Pembe 970 G,migros
migros-29818740,0.0,,888.33,Dove Beauty Cream Bar Pink Nemlendirici Etkili 90 G,migros
migros-30032073,0.0,,37.49,ABC Matik Sık Yıkananlar 8 Kg,migros
migros-30101961,0.0,,48.12,Rinso Etkili Temizlik Çamaşır Deterjanı 8 Kg,migros
migros-30120384,0.0,,49.99,Omo Sık Yıkananlar 5 Kg,migros
migros-30320076,0.0,,299.95,Heitmann Renk Koruyucu Mendil 20'li,migros
migros-30120386,0.0,,83.56,Persil Gülün Büyüsü Toz Deterjan 7 Kg,migros
migros-30120387,0.0,,99.99,Persil Gülün Büyüsü Toz Deterjan 5 Kg,migros
migros-30120396,0.0,,99.98,Persil Toz Sık Yıkananlar 3 Kg,migros
migros-30120397,0.0,,99.99,Persil Okyanus Ferahlığı Toz Deterjan 5 Kg,migros
migros-30121468,0.0,,88.63,"Peros Matik 1,5 Kg Göz Alıcı Beyazlar",migros
migros-30122115,0.0,,103.32,Bıngo Matik Konsantre 6 Kg Renkli & Beyaz,migros
migros-30128001,0.0,,119.26,Omo Toz Çamaşır Deterjanı Active Fresh Renkliler İçin 5.5 Kg,migros
migros-30129099,0.0,,126.63,"Alo 1,5 Kg Kar Çiçeği Ferahlığı Beyazlar ve Renkliler Aquapudra Toz Deterjan",migros
migros-30129415,0.0,,159.3,"Ariel Dağ Esintisi 1,5 Kg AquaPudra Toz Çamaşır Deterjanı",migros
migros-30129418,0.0,,159.3,"Ariel Dağ Esintisi Renklilere Özel 1,5 kg AquaPudra Toz Çamaşır Deterjanı",migros
migros-30129437,0.0,,147.32,Omo Active Fresh Beyazlar 20 Yıkama Toz Çamaşır Deterjanı 3 Kg,migros
migros-30001484,0.0,,1183.28,Omo Ultra Power Kapsül Deterjan 26 Kapsül 338 G,migros
migros-30120385,0.0,,83.56,Persil Okyanus Ferahlığı Toz Deterjan 7 Kg,migros
migros-29818739,0.0,,888.33,Dove Beauty Cream Bar Gentle Exfoliating 90 G,migros
migros-29780029,0.0,,147.9,Migros Green & Cool Sıvı Sabun 500 Ml,migros
migros-29818741,0.0,,888.33,Dove Beauty Cream Bar Katı Güzellik Sabunu Original 90 g,migros
migros-29818742,0.0,,888.33,Dove Beauty Cream Bar Katı Güzellik Sabunu Micellar Hassas Ciltler İçin Nemlendirici Etkili 90 G,migros
migros-29818743,0.0,,847.08,Dove Beauty Cream Bar Katı Güzellik Sabunu Original 4x90 g,migros
migros-29859911,0.0,,4999.5,Sebamed Clear Face Kompakt 100G,migros
migros-29868486,0.0,,775.6,Tariş Zeytinyağı Sabunu 125 G,migros
migros-29869833,0.0,,224.94,Duru Geleneksel Pirina Kalıp Sabunu 800 G,migros
migros-29869840,0.0,,266.61,Dalan Zeytinyağlı Defne Sabunu 900 G,migros
migros-29869844,0.0,,266.61,Dalan Antik Zeytinyağlı Lavanta Sabunu 900 G,migros
migros-30000002,0.0,,57.5,Peros Matik Yıldız Çiçeği Beyaz ve Renkliler 10 Kg,migros
migros-30001417,0.0,,87.8,Mr.Oxy Soda ve Arap Sabun Sıvı Çamaşır Deterjanı 1.48 L,migros
migros-30001496,0.0,,624.9,Renax Çamaşır Kapsülü Renkliler 30'lu 480 G,migros
migros-30001475,0.0,,207.07,Persil Jel Sık Yıkananlar 26 Yıkama 1.69 L,migros
migros-30001478,0.0,,624.9,Renax Çamaşır Kapsülü Siyahlar 30'lu 480 G,migros
migros-30001480,0.0,,117.75,Persil Okyanus Ferahlığı Jel 26 Yıkama 1.69 L,migros
migros-30001482,0.0,,280.95,Tursil Jel Yoğun Ferahlık 33 Yıkama,migros
migros-29790007,0.0,,93.18,Peros Bal & Pamuk Çiçeği Sıvı Sabun 2.94 L,migros
migros-30001485,0.0,,1367.31,Omo Ultra Power Kapsül Deterjan 18 Kapsül 234 G,migros
migros-30001486,0.0,,369.95,Omo Active Cold Power Siyahlar Sıvı Deterjan 1000 Ml,migros
migros-30001487,0.0,,369.95,Omo Active Fresh Cold Power Renkliler Sıvı Deterjan 1000 Ml,migros
migros-30001488,0.0,,259.97,Omo Sıvı Deterjanı Cold Sık Yıkananlar 1.5 L,migros
migros-30001490,0.0,,411.85,Omo Express Fresh Ultra Beyaz Sıvı Çamaşır Deterjanı 840 Ml,migros
migros-30001491,0.0,,411.85,Omo Express Fresh  Renkliler ve Beyazlar Sıvı Deterjan 840 Ml,migros
migros-30001492,0.0,,148.13,Tursil Sıvı Bakım Deterjanı Renkliler 2.7 L,migros
migros-30001473,0.0,,369.95,Omo Active Cold Power Beyazlar ve Renkliler Sıvı Deterjan 1000 Ml,migros
migros-30130634,0.0,,108.56,Bingo Matik Toz Deterjan Premium Beyaz 7 Kg,migros
migros-30130636,0.0,,108.56,Bingo Matik Toz Deterjan Premium Renkliler 7 Kg,migros
migros-30130648,0.0,,117.99,Ariel Toz Parlak Renkler 4 Kg,migros
migros-30130649,0.0,,117.99,Ariel Toz Dağ Esintisi 4 Kg,migros
migros-30129440,0.0,,147.32,Omo Active Fresh Renkliler Toz Deterjanı 3 Kg,migros
migros-30130653,0.0,,145.9,Ernet Çamaşır Sodası Lavanta Kokulu 500 G,migros
migros-30130654,0.0,,159.9,Miss Soda Plus Lavanta Kokulu 500 G,migros
migros-30130655,0.0,,93.74,Alo Toz Beyazlar & Renkliler 4 Kg,migros
migros-30131968,0.0,,57.14,Ariel Dağ Esintisi Renklilere Özel Toz Çamaşır Deterjanı 7 Kg 46 Yıkama,migros
migros-30131969,0.0,,37.78,Migros Ultra Yoğun Çamaşır Suyu Fresh 3704 Ml,migros
migros-30131971,0.0,,119.8,Migros Çamaşır Makinesi Temizleyici 250 ml,migros
migros-30131975,0.0,,88.63,"Peros 1,5 Kg Matik Canlı Renkler",migros
migros-30129442,0.0,,157.3,Omo Active Fresh Beyazlar Toz Deterjanı 1.5 Kg,migros
migros-30131982,0.0,,132.9,"Ariel OXI 5,5 Kg Renklilere Özel AquaPudra Toz Çamaşır Deterjanı",migros
migros-30131993,0.0,,197.46,Omo Active Oxygen Beyaz Çamaşırlar İçin Toz Deterjanı 1.2 Kg,migros
migros-30131995,0.0,,140.43,Omo Active Oxygen Beyaz Çamaşırlar İçin Toz Deterjanı 4.5 Kg,migros
migros-30131996,0.0,,83.33,Ariel Dağ Esintisi Renkliler 12 Kg 80 Yıkama Toz Çamaşır Deterjan,migros
migros-30131997,0.0,,104.99,Omo Active Oxygen 40 Yıkama 6 Kg,migros
migros-30302670,0.0,,279.95,Lajel Premium Çamaşır Kurutma Topu 3'lü,migros
migros-30302671,0.0,,67.98,Cif Zemin Temizleyici Beyaz Sabun 2500 Ml,migros
migros-30130484,0.0,,39.8,Migros Matik 5 Kg 33 Yıkama,migros
migros-30303258,0.0,,497.9,Marc Çamaşır Makinesi Temizleyici Limon 500 Ml,migros
migros-30310863,0.0,,1388.78,Kosla Vanish Gold Tül Beyazlatıcı ve Parlatıcı 400 G 450 Ml,migros
migros-30320001,0.0,,138.95,K2r Renk Koruyucu Mendil 10'lu,migros
migros-30320074,0.0,,299.95,Heitmann Beyazlatıcı Çamaşır Mendili 20'li,migros
migros-30131981,0.0,,132.9,Ariel Toz Çamaşır Deterjanı Oxi Ekstra Hijyen 5.5 kg 36 Yıkama,migros
migros-30129445,0.0,,157.3,Omo Active Fresh Renkliler Toz Deterjanı 1.5 Kg 10 Yıkama,migros
migros-30130001,0.0,,99.67,Ariel Oxi Ekstra Hijyen 3Kg 20 Yıkama Renkliler,migros
migros-30130002,0.0,,184.65,Ariel Oxi Ekstra Hijyen 3Kg 20 Yıkama,migros
migros-30130011,0.0,,34.66,Renax Beyaz ve Renkliler İçin Matik Deterjan 4.5Kg,migros
migros-30130012,0.0,,31.99,Renax Renkliler İçin Yenileyici & Renk Koruma Etkili Deterjan 8kg,migros
migros-30130013,0.0,,31.99,Renax Beyaz ve Renkliler İçin Matik Deterjan 8 Kg,migros
migros-30130014,0.0,,145.9,Ernet Çamaşır Sodası 500 G,migros
migros-30130018,0.0,,57.14,Ariel Dağ Esintisi Beyazlar 7 Kg,migros
migros-30130019,0.0,,103.32,Bingo Matik Toz Deterjan Renkliler 6 Kg,migros
migros-30130021,0.0,,54.5,Rinso Beyaz Sirke ve Çamaşır Sodası Beyazlar için Toz Deterjan 10 Kg,migros
migros-30130022,0.0,,67.66,Rinso Beyaz Sirke & Çamaşır Sodası 6 Kg,migros
migros-30130307,0.0,,99.97,"Tursilmatik Çamaşır Deterjanı Leylak Bahçesi 10 Yıkama 1,5 Kg",migros
migros-30130631,0.0,,79.32,Tursil Leylak Bahçesi Toz Çamaşır Deterjanı 6 Kg,migros
migros-30130483,0.0,,62.63,Migros Color Matik 1.5 Kg 10 Yıkama,migros
migros-30020001,0.0,,897.81,Vanish Multipower Toz Beyaz 480 G,migros
migros-30130485,0.0,,39.8,Migros Color Matik 5 Kg 33 Yıkama,migros
migros-30130498,0.0,,86.63,"Rinso Toz Çamaşır Deterjanı Limon ve Karbonat Renkliler ve Beyazlar İçin Derinlemesine Temizlik 1,5 KG",migros
migros-30130503,0.0,,67.66,Rinso Toz Çamaşır Deterjanı Limon ve Karbonat Renkliler ve Beyazlar için Derinlemesine Temizlik 6 Kg,migros
migros-30130505,0.0,,194.96,"Ariel OXI 1,2 Kg AquaPudra Toz Çamaşır Deterjanı",migros
migros-30130507,0.0,,74.99,Alo Toz Çamaşır Deterjanı Kar Çiçeği Ferahlığı Beyazlar ve Renkliler Aqua Pudra 8 Kg,migros
migros-30130512,0.0,,75.99,Omo Active Beyazlar & Renkliler Toz Deterjanı 7.5 Kg,migros
migros-30130514,0.0,,68.49,Tursilmatik Toz Çamaşır Deterjanı 8kg (53 Yıkama) Leylak Bahçesi,migros
migros-30130624,0.0,,83.93,Newo Çamaşır Suyu Katkkılı Yağ Çözücü Köpük Sprey 750 Ml,migros
migros-30130626,0.0,,70.66,"Omo Sık Yıkananlar Beyazlar ve Renkliler Toz Deterjanı 7,5 Kg",migros
migros-30130629,0.0,,463.3,Frosch Beyazlara Sodalı Çamaşır Deterjanı 1.5 L,migros
migros-30130482,0.0,,62.63,Migros Matik 1.5 Kg 10 Yıkama,migros
migros-19000893,0.0,,936.0,Peynir Dolgulu Biber  Çeşitleri Kg,migros
migros-19000994,0.0,,199.0,Turşu Suyu Adet,migros
migros-19001013,0.0,,1714.75,Veggy Bitki Bazlı Protein 200 G,migros
migros-20000021,0.0,,163.77,Keskinoğlu M - Orta Boy Yumurta 6'Lı ( 53 - 62 G ),migros
migros-20000024,0.0,,124.23,Keskinoğlu 20'li Beyaz L Yumurta 63-73 G,migros
migros-20000040,0.0,,98.27,Keskinoglu 15'li L Büyük Boy  Yumurta (63-72 G),migros
migros-20000041,0.0,,264.31,Coskun Organik M Boy Yumurta 15'li (53-63 G),migros
migros-20000059,0.0,,267.16,Naturaköy Organik M Orta Boy 10'lu Yumurta (53-63 G),migros
migros-17410004,0.0,,378.76,Keskinoğlu Dondurulmuş Kovva Çıtır Party 850 G,migros
migros-20000077,0.0,,173.83,M Life Kafessiz M Boy Tavuk Yumurtası 10'lu 53-62 G,migros
migros-20000080,0.0,,125.19,Keskinoğlu L - Büyük Boy Yumurta 10'lu ( 63 - 72 G ),migros
migros-28352067,0.0,,2266.11,Si&Ha Sarımsak Ezmesi 90 G,migros
migros-20000290,0.0,,167.97,Doğalım M - Orta Boy Yumurta 6'lı ( 53 - 62 G ),migros
migros-20000301,0.0,,177.3,Green Ranch M Boy Yumurta 10'lu (53 - 62 G),migros
migros-20000308,0.0,,81.95,Güres Bıldırcın Yumurta 12'li,migros
migros-20000310,0.0,,282.5,Raya Organik 8'li M Boy Yumurta (53 - 62 G),migros
migros-20001057,0.0,,133.3,Naturaköy Kahverengi L Büyük Boy Yumurta 20'li (63-72 G),migros
migros-20001924,0.0,,147.95,Kor Organik 10'lu M Orta Boy Yumurta ( 53-62 ) G,migros
migros-20001940,0.0,,278.17,Orvital Organik 10'lu M Orta Boy Yumurta (53-62 G),migros
migros-20001943,0.0,,260.78,M Life Organik 10'lu M - Orta Boy Yumurta (53-62 G),migros
migros-20001985,0.0,,154.95,Coşkun Organik Yumurta 10'lu M Boy (53-62) G,migros
migros-20001997,0.0,,266.0,Flotty Organik 10'lu M Orta Boy Yumurta (53-62 G),migros
migros-20002001,0.0,,124.95,Raya Gezen Tavuk Yumurtası 10'lu M Boy,migros
migros-20002009,0.0,,266.0,Flotty Herbs M Boy Organik Yumurta 10'lu 53-62G,migros
migros-20000243,0.0,,97.64,Güres M - Orta Boy Yumurta 30'lu ( 53 - 63 G),migros
migros-17401135,0.0,,1746.71,Pınar Köfte Cızbız 395 G,migros
migros-17410002,0.0,,619.9,Keskinoğlu Dondurulmuş Piliç Mexio Shots 500 G,migros
migros-16500006,0.0,,1599.5,Vilux Dıjon Hardal Taneli 200 G,migros
migros-17410315,0.0,,579.9,Gedik Dondurulmuş Piliç Yaprak Döner 500 G,migros
migros-17410911,0.0,,758.92,Pınar Piliç Şnitzel 415 G,migros
migros-17570022,0.0,,2066.44,Loco No:09 Passion Fruit 225 Ml,migros
migros-17570023,0.0,,1977.56,Loco No:10 Lime Satsuma Mango 225 Ml,migros
migros-17570026,0.0,,1893.11,Loco No:15 Yeşil Erik 225 Ml,migros
migros-17570060,0.0,,1499.9,Easy Mix Libido 500 Ml,migros
migros-17570061,0.0,,2233.17,Superfresh Dana Tekirdağ Köfte 300 G,migros
migros-17570085,0.0,,1499.9,Vai Vai Easy Mix 500 Ml,migros
migros-17572096,0.0,,1299.9,Easy Mix Grass Karışık Meyveli İçecek 500 Ml,migros
migros-19000790,0.0,,530.0,Turşu Çeşitleri (Pet) Kg ,migros
migros-17572128,0.0,,1546.56,Loco No:09 Çarkıfelek Meyvesi 450 Ml,migros
migros-17572130,0.0,,1546.56,Loco No:10 Lime Satsuma Mango Karışımı 450 Ml,migros
migros-17572131,0.0,,1524.33,Loco No:03 Salatalık Fesleğen Ekşi Elma 450 Ml,migros
migros-17572135,0.0,,1546.56,Loco No:08 Liçi Çilek Ananas 450 Ml,migros
migros-17572156,0.0,,1524.33,Loco No:15 Yeşil Erik Kuzukulağı 450 Ml,migros
migros-16500312,0.0,,617.17,Tat Hardal 230 G,migros
migros-17572175,0.0,,1459.9,Easy Mix Passion Star 500 Ml,migros
migros-17573545,0.0,,1666.53,Superfresh Baba Burger 360 G,migros
migros-17990277,0.0,,466.5,Limmo Dondurulmuş Limon Meyveli Püre 300 Ml,migros
migros-17990278,0.0,,259.95,Exotic Fresh Frozen Portakal Suyu 1000 Ml,migros
migros-19000345,0.0,,530.0,Çubuk Turşusu Kg,migros
migros-19000346,0.0,,530.0,Biberiye Turşusu Kg,migros
migros-17572103,0.0,,1379.9,Easy Mix Ws Satsuma Karışık Meyveli İçecek 500 Ml,migros
migros-25010584,0.0,,899.95,Dana Tandır (Brisket) Kg,migros
migros-25010588,0.0,,599.95,Dana Yemelik Gerdan Kg,migros
migros-25010680,0.0,,2399.95,Taze Otlu Dana Bonfile Kg,migros
migros-25010682,0.0,,1810.0,Taze Otlu Dana Antrikot Kg,migros
migros-25010706,0.0,,1299.95,Dana Şaşlık Kg,migros
migros-20002010,0.0,,266.0,Flotty Sports M Boy Organik Yumurta 10'lu 53-62G,migros
migros-25011179,0.0,,1049.95,Dana Şiş Kg,migros
migros-25020014,0.0,,849.95,Dana İncik,migros
migros-25030004,0.0,,899.95,Uzman Kasap Dana Hellimli Sosis Köfte Kg,migros
migros-25030064,0.0,,965.62,Uzman Kasap Dana Kuzu Dondurulmuş Top Köfte 480 G,migros
migros-25030066,0.0,,969.0,Uzman Kasap Dana Kuzu Dondurulmuş Mangal Köfte 500 G,migros
migros-17572168,0.0,,1319.9,Easy Mix Speedy Lemon Agave Konsantre İçecek 500 Ml,migros
migros-25030156,0.0,,965.47,Uzman Kasap Klasik Köfte 320 G,migros
migros-25030174,0.0,,969.55,Uzman Kasap Dana Hamburger Köfte 330 G,migros
migros-25030175,0.0,,934.22,Uzman Kasap Tekirdağ Köfte 320 G,migros
migros-25030238,0.0,,870.31,Gurvita İlikli Kemik Suyu Sade 320 Ml,migros
migros-25030245,0.0,,1539.9,Superfresh Hamburger Köfte 500 G,migros
migros-25030290,0.0,,870.31,Gurvita Kuzu İlikli Kemik Suyu 320 Ml,migros
migros-25030303,0.0,,919.9,Akçasaray Akçaabat Köfte 500 G Siyah Sarımsaklı,migros
migros-25030316,0.0,,2033.17,Orvital Organik Dana Kasap Köfte 300 G,migros
migros-25030333,0.0,,365.95,Hasek Dolmalık Şırdan 2'li,migros
migros-25010003,0.0,,979.95,Dana Haşlamalık Et Kg,migros
migros-25030341,0.0,,747.5,Uzman Kasap Dana Kuşbaşı 400 G,migros
migros-25030348,0.0,,824.88,Uzman Kasap Dana Kuzu Kıyma 400 G,migros
migros-25030153,0.0,,531.09,Uzman Kasap Izgara Köfte 320 G,migros
migros-20002026,0.0,,248.61,Doğalım Organik Yumurta 10'lu M Boy (53-62 G),migros
migros-20002034,0.0,,114.78,Coşkun 20'li L Boy Yumurta (63-72 G),migros
migros-24010002,0.0,,945.95,"Kuzu But Kg (Kemikli, Bütün But)",migros
migros-24010005,0.0,,845.95,"Kuzu Kol Kg (Kemikli, Bütün Kol)",migros
migros-24010008,0.0,,1129.95,"Kuzu Yarım Kol Kg (Orta Kemikli, İnciksiz Kol)",migros
migros-24010009,0.0,,1289.95,"Kuzu Şişlik But Kg (Orta Kemikli, İnciksiz Bütün But)",migros
migros-24010018,0.0,,1349.95,Kuzu Kuşbaşı Kg,migros
migros-24010041,0.0,,999.95,Kuzu Sac Kavurmalık Kg,migros
migros-24010051,0.0,,949.95,"Kuzu Fırınlık Kol Kg (Kemikli, Bütün Kol)",migros
migros-24010052,0.0,,949.95,Kuzu İncik Kg,migros
migros-24010114,0.0,,399.95,Büyük Kuyruk Yağı,migros
migros-24010213,0.0,,82.5,Uzman Kasap Kuzu Çorbalık,migros
migros-25010560,0.0,,799.95,Dana Kuzu Kıymalık Kg,migros
migros-24020117,0.0,,1678.95,Uzman Kasap Gravy Soslu Kuzu Şiş ,migros
migros-25010002,0.0,,1099.95,Dana Nuar (Fırınlık) Çiftlik Kg,migros
migros-20000075,0.0,,275.78,Atatürk Orman Çiftliği Organik Yumurta 10'lu M 53-63 G,migros
migros-25010011,0.0,,1699.95,Dana Antrikot Çiftlik Kg,migros
migros-25010012,0.0,,1349.95,Dana Kontrfile Kg,migros
migros-25010037,0.0,,2199.95,Dana Bonfile Kg,migros
migros-25010073,0.0,,799.95,Dana Kıymalık Kg,migros
migros-25010082,0.0,,879.95,Dana Döş Rulo Kg (Kıyma),migros
migros-25010478,0.0,,1069.95,Minikler İçin Dana Kıyma,migros
migros-25010520,0.0,,2005.95,Uzman Kasap Dana Antrikot Kg,migros
migros-25010540,0.0,,1209.95,Uzman Kasap Dana Newyork Steak Kg,migros
migros-25010545,0.0,,2029.95,Uzman Kasap Taze Otlu Dana Antrikot Kg,migros
migros-24010260,0.0,,2009.95,Uzman Kasap Kuzu Küşleme Kg,migros
migros-16410850,0.0,,585.24,Develey Binada Sos 410 G,migros
migros-16410851,0.0,,482.38,Develey Remoulade Sos 315 Ml,migros
migros-16410854,0.0,,69.97,Ferfresh Yeşil Elma Aromalı Beyaz Sirke 2 L,migros
migros-16410859,0.0,,728.43,Kühne Hardallı Relish Sos 350 G,migros
migros-16410864,0.0,,73.27,Yeni Kavaklıdere Limon Suyu 750 Ml,migros
migros-16410865,0.0,,2248.75,Knorr Dereotlu ve Hardallı Salata Sosu 40 G,migros
migros-16410866,0.0,,519.8,Migros % 100 Nar Ekşisi 250 Ml,migros
migros-16410869,0.0,,919.8,Kühne Danimarka Usulü Sebzeli Sandviç Sosu 250 Ml,migros
migros-16410871,0.0,,2248.75,Knorr Sirkeli ve Sarımsaklı Salata Sosu 40 G,migros
migros-16410872,0.0,,799.8,Kühne American Caesar Salata Sosu 250 Ml,migros
migros-16410873,0.0,,699.8,Fersan Salata Sosu Cam 250 Ml,migros
migros-17401134,0.0,,1794.74,Pınar Köfte İnegöl 390 G,migros
migros-16410878,0.0,,599.8,Kühne Mayhoş Sos 250 Ml,migros
migros-16411033,0.0,,1199.8,Kühne %100 Nar Ekşisi 250 Ml,migros
migros-16420002,0.0,,241.77,Burcu Arrabbiata Makarna Sos 310 G,migros
migros-16400623,0.0,,754.53,Friends Of Orka Sriracha Sos 265 G,migros
migros-16420006,0.0,,1537.5,Knorr Kremalı Trüf Mantarlı Makarna Sosu 52 G,migros
migros-16420007,0.0,,1599.0,Knorr 4 Peynirli Makarna Sosu 50 G,migros
migros-16420008,0.0,,1599.0,Knorr Pesto Makarna Sosu 50 G,migros
migros-16420035,0.0,,416.5,Pastavilla Napoliten Makarna Sosu 300 G,migros
migros-16420045,0.0,,416.5,Pastavilla Arrabbiata Makarna Sosu 300 G,migros
migros-16420056,0.0,,464.56,Heinz Basilico Makarna Sosu 340 G,migros
migros-16420058,0.0,,877.5,Heinz Pesto Makarna Sosu 180 G,migros
migros-16420059,0.0,,464.56,Heinz Arrabiata Makarna Sosu 340 G,migros
migros-16410877,0.0,,799.8,Kühne Bin Ada Salata Sosu 250 Ml,migros
migros-16400606,0.0,,699.67,Akaji Soya Sosu 150 Ml,migros
migros-16400607,0.0,,419.39,Develey Hamburger Sosu 410 G,migros
migros-16400609,0.0,,405.65,Chef Season Kızılcık Marmelatl & Jalapno Biberli BBQ 345 G,migros
migros-16400612,0.0,,433.17,Chef Seasons Acılı Buffalo Kanat Sosu 300 G,migros
migros-16400613,0.0,,506.53,Kemal Kükrer Soya Sosu Pet 375 Ml,migros
migros-16400614,0.0,,382.21,Chef Seasons Mango Habenero Kanat Sosu 340 G,migros
migros-16400617,0.0,,1466.33,Akaji Glütensiz Soya Sosu 150 Ml,migros
migros-16400621,0.0,,714.11,Friends Of Orka Barbekü 280 G,migros
migros-16400622,0.0,,769.04,Friends Of Orka Orijinal Acı Sos 260 G,migros
migros-16400059,0.0,,303.8,Migros Soya Sosu 250 Ml,migros
migros-16400626,0.0,,640.0,Aiko Soya Sosu 10 x 10 Ml,migros
migros-16400639,0.0,,426.07,Chef Seasons Kremalı Chipotle Sos 305 G,migros
migros-16400593,0.0,,899.83,D&L Diablo Sos 300 Ml,migros
migros-16400844,0.0,,414.95,Hp Klasik Barbekü Sos 465 G,migros
migros-16400946,0.0,,1479.67,Heinz Soya Sosu 150 Ml,migros
migros-16400966,0.0,,2519.8,Kıkkoman Ballı Teriyaki Sos 250 Ml,migros
migros-16400968,0.0,,899.5,Kühne Jalapeno Acı Sos 100 Ml,migros
migros-16400971,0.0,,651.96,Heinz Sarımsak Sosu 230 G,migros
migros-16400972,0.0,,959.8,Kühne Acı Soya Sosu 250 Ml,migros
migros-16400973,0.0,,959.8,Kühne Teriyaki Sos 250 Ml,migros
migros-16400976,0.0,,412.83,Heinz American Burger Sos 230 G,migros
migros-16401002,0.0,,3266.33,Kikkoman Organik Soya Sosu 150 Ml,migros
migros-16410001,0.0,,1027.8,Raz %100 Nar Ekşisi 250 Ml,migros
migros-16410031,0.0,,955.8,Fersan Balsamik Sirkeli Glaze Sos 250 Ml,migros
migros-16410848,0.0,,20.99,Yeni Kavaklıdere Beyaz Sirke 5000 Ml,migros
migros-16400750,0.0,,959.8,Kühne Soya Sosu 250 Ml,migros
migros-16500012,0.0,,282.81,Burcu Hardal 320 G,migros
migros-16500014,0.0,,959.71,Pınar Hardal Keskin Acı Cam 175 G,migros
migros-16500017,0.0,,1299.75,Reine De Dijon - Dijon Hardalı 200 G,migros
migros-16500018,0.0,,1299.75,Reine De Dijon Taneli Hardal 200 G,migros
migros-16500100,0.0,,954.0,Pınar Hardal 175 G,migros
migros-16500110,0.0,,603.52,Pınar Hardal 270 G ( Pet Şişe ),migros
migros-16500164,0.0,,2599.75,Maille Eski Usul Hardal 200 G,migros
migros-16500208,0.0,,980.2,Kühne Taneli Hardal Cam 255 G,migros
migros-16500214,0.0,,533.17,Develey Hardal Dijon Tipi 300 Ml,migros
migros-16500218,0.0,,545.27,Kühne Taneli Hardal 275 G,migros
migros-16500302,0.0,,719.04,Calve Ballı Hardal 260 G,migros
migros-16500303,0.0,,719.8,Calve Hardal Sos 250 G,migros
migros-16420064,0.0,,1578.68,Asparagusto Kuşkonmazdan Lezzetli Sos 190 G,migros
migros-17400013,0.0,,732.44,Pınar Piliç Kroket 430 G,migros
migros-17400014,0.0,,378.5,Keskinoğlu Dondurulmuş Piliç Chicken Ring 700 G,migros
migros-17400017,0.0,,1079.9,Maret Pişmiş Dondurulmuş Dana Döner 500 G,migros
migros-17400019,0.0,,1388.61,Kebapçızade Hasan Usta Kebap 180 G,migros
migros-17400064,0.0,,499.9,Lezita Pişmiş Dondurulmuş Piliç Yaprak Döner 500 G,migros
migros-17400066,0.0,,1636.21,Özcanlar Köfte Donuk Tekirdağ Köftesi 330 G,migros
migros-17400072,0.0,,520.73,Güres Dondurulmuş Bıldırcın Eti 4 Adet 480 G,migros
migros-17400075,0.0,,1499.75,Hasek Kuzu Kokoreç 200 G,migros
migros-17400930,0.0,,1467.8,Pınar EkoBurger 545 G,migros
migros-17401054,0.0,,1904.33,Pınar Gurme Burger 450 G,migros
migros-17401131,0.0,,1724.88,Pınar Akçaabat Köfte 400 G,migros
migros-17401133,0.0,,1805.0,Pınar Köfte Tekirdağ 390 G,migros
migros-16420074,0.0,,891.62,Tigullio Peperoni Noci Sos 185 G,migros
migros-16420066,0.0,,562.38,Mutti Arrabiata Makarna Sosu 400 G,migros
migros-16420067,0.0,,657.63,Migros Pesto Fesleğenli Sos 190 G,migros
migros-16420069,0.0,,464.56,Heinz Napoletana Makarna Sosu 340 G,migros
migros-16420071,0.0,,526.05,Migros Cheddar Peynirli Sos 190 G,migros
migros-16420072,0.0,,891.62,Tigullio Cacio Pepe Sos 185 G,migros
migros-16420073,0.0,,868.16,Tigullio Gran Pesto Genovese Sos 190 G,migros
migros-16410849,0.0,,69.97,Ferfresh Limon Aromalı Beyaz Sirke 2 L,migros
migros-16420076,0.0,,562.38,Mutti Parmigiano Reggiano Makarna Sosu 400 G,migros
migros-16420077,0.0,,562.38,Mutti Cenova Fesleğenli Makarna Sosu 400 G,migros
migros-16420092,0.0,,891.62,Tigullio Ricotta Tartufo Pepe Nero Sos 185 G,migros
migros-16420093,0.0,,891.62,Tigullio Pomodori Secchi Pistacchi Sos 185 G,migros
migros-16420094,0.0,,1599.0,Knorr Mac & Cheese Makarna Sosu 50 G,migros
migros-16500009,0.0,,391.96,Kühne Acı Hardal 255 G,migros
migros-16420130,0.0,,457.38,Barilla Acılı ve Domatesli (Arabbiata) Makarna Sosu 400 G,migros
migros-16420135,0.0,,457.38,Barilla Napoliten (Napoletana) Makarna Sosu 400 G,migros
migros-16420145,0.0,,962.89,Barilla Fesleğenli Pesto Genovese Makarna Sosu 190 G,migros
migros-16420147,0.0,,914.75,Barilla Domates ve Balzamik Sirkeli (Pesto Rosso) Makarna Sosu 200 G,migros
migros-16420148,0.0,,962.89,Barilla Cevizli Pesto Makarna Sosu (Pesto Ricotta e Noci) 190 G,migros
migros-16420149,0.0,,457.38,Barilla Basilico (Fesleğenli Domates) Makarna Sosu 400 G,migros
migros-16430184,0.0,,568.57,Fora Çeşnili Siyah Zeytin Ezmesi 175 G,migros
migros-16430197,0.0,,1100.0,Zertum Organik Siyah Zeytin Ezmesi 180 G,migros
migros-16500004,0.0,,1699.5,Vilux Dijon Hardal 200 G,migros
migros-16420003,0.0,,241.77,Burcu Napoliten Makarna Sos 310 G,migros
migros-16500007,0.0,,391.96,Kühne Hardal 255 G,migros
migros-16500008,0.0,,588.04,Kühne Ballı Hardal 255 G,migros
migros-16420095,0.0,,1537.5,Knorr Kremalı Mantar Makarna Sosu 52 G,migros
migros-28089127,0.0,,454.0,Erüst Mini Mini Domates 250 G,migros
migros-28089132,0.0,,1207.5,Garliko Kurutulmuş Domates 200 G,migros
migros-28089140,0.0,,294.0,Tatlı Domates 250 G,migros
migros-28089178,0.0,,1889.5,Tasconi Organik Yemeye Hazır Kuru Domates 100 G,migros
migros-28089179,0.0,,1259.5,Tasconi Marine Kuru Domates 100 G,migros
migros-28089180,0.0,,1259.5,Tasconi Yemeye Hazır Kuru Domates 100 G,migros
migros-28089181,0.0,,1260.0,Tasconi Kuru Domates 125 G,migros
migros-28091000,0.0,,209.95,Domates Kokteyl Kg,migros
migros-28100004,0.0,,94.5,Enginar Adet,migros
migros-28100018,0.0,,283.5,Enginar 3'lü Kova,migros
migros-28111000,0.0,,104.95,Fasulye Ayşe Kadın Kg,migros
migros-25030351,0.0,,1056.25,Uzman Kasap Dana Yağsız Kıyma 400 G,migros
migros-28119903,0.0,,62.95,Fesleğen Demet,migros
migros-28119906,0.0,,7558.0,Erüst Taze Fesleğen 25 G,migros
migros-28120021,0.0,,278.5,Erüst Mini Yedikule 4'lü,migros
migros-28120036,0.0,,126.0,Havuç Çıtır 250 G,migros
migros-28120098,0.0,,73.5,Havuç Siyah Kg,migros
migros-28120489,0.0,,349.75,Baby Carrot 200 G,migros
migros-28120492,0.0,,419.75,Migros Yemeye Hazır Lahana Havuç Kap Salata 200 G,migros
migros-28129017,0.0,,68.5,Havuç Beypazarı Paket Kg,migros
migros-28129056,0.0,,315.0,Eurofresh Havuç - Turp Karışımı 300 G,migros
migros-28130000,0.0,,41.95,Hıyar Kg,migros
migros-28130013,0.0,,83.95,Hıyar Badem Paket Kg,migros
migros-28130015,0.0,,104.95,Acur Dökme Kg,migros
migros-28054017,0.0,,157.5,Biber Sivri Kıl Kg,migros
migros-28051009,0.0,,146.95,M Life Organik Köy Biberi Kg,migros
migros-28052000,0.0,,115.5,Biber Dolmalık Kg,migros
migros-28052010,0.0,,146.95,Biber Dolma Amerikan Kg,migros
migros-28054000,0.0,,115.5,Biber Sivri Kg,migros
migros-28054013,0.0,,104.95,M Life Organik Patates Kg,migros
migros-27400004,0.0,,104.95,Excelente Yemeye Hazır Mango Adet,migros
migros-28054104,0.0,,89.95,Köy Biberi  Kg,migros
migros-28055000,0.0,,104.95,Süs Biber Kg,migros
migros-28055009,0.0,,813.0,Biber Meksika 150 G,migros
migros-28055010,0.0,,94.5,Biber Jalapeno Kg,migros
migros-28055105,0.0,,157.5,Biber Cin (Acı) Kg.,migros
migros-28059038,0.0,,167.95,Acı Şili Yeşil Biber Kg,migros
migros-28089121,0.0,,698.0,Atıştırmalık Siyah Domates 250 G,migros
migros-28059185,0.0,,4375.0,Dünya Hayat Kurutulmuş Dolmalık Biber 25'li 60 G,migros
migros-28059187,0.0,,4500.0,Dünya Hayat Kurutulmuş Acı Biber 25'li 35 G,migros
migros-28060009,0.0,,35.95,Dereotu Adet,migros
migros-28080000,0.0,,52.5,Domates Kg,migros
migros-28080014,0.0,,136.5,Domates Siyah Kg,migros
migros-28080016,0.0,,125.95,Domates Gurme Kg,migros
migros-28080400,0.0,,73.5,Yeşil Domates Kg,migros
migros-28082597,0.0,,699.67,Freshes Marineli Kuru Domates 150 G,migros
migros-27590000,0.0,,210.0,Lime 4'lü 250 G,migros
migros-28082601,0.0,,499.75,Home Chef Kuru Domates Yarı Kesim 200 G,migros
migros-28087000,0.0,,120.95,Domates Salkım Kg,migros
migros-28089034,0.0,,136.5,Domates Pembe Kg,migros
migros-28059169,0.0,,149.95,M Life Organik Jalapeno Biber Kg,migros
migros-28253040,0.0,,526.47,Eurofresh Yıkanmış Marul Mix Salata 170 G,migros
migros-28260009,0.0,,29.5,Maydanoz Demet,migros
migros-28270004,0.0,,15.95,Mısır Taze Adet,migros
migros-28270034,0.0,,62.95,Mısır 3'lü,migros
migros-28271021,0.0,,178.5,Freshes Koçanda Tatlı Mısır 2 Adet,migros
migros-28280009,0.0,,36.95,Nane Demet,migros
migros-28280033,0.0,,7558.0,Rozmarin 25 G,migros
migros-28290000,0.0,,29.95,Patates Dökme Kg,migros
migros-28150036,0.0,,94.5,Kabak Spagetti Kg,migros
migros-28297046,0.0,,104.95,M Life Organik Kırmızı Patates Kg,migros
migros-28301000,0.0,,73.5,Patlıcan Bostan Kg,migros
migros-28303000,0.0,,68.5,Patlıcan Kemer Kg,migros
migros-28150001,0.0,,94.5,Kabak Helvacı Paket Kg,migros
migros-28309049,0.0,,1749.83,Excelente Kuşkonmaz 300 G,migros
migros-28309055,0.0,,3750.0,Dünya Hayat Kurutulmuş Patlıcan 70 G,migros
migros-28310001,0.0,,104.95,Hıyar Kornişon  Kg,migros
migros-28310003,0.0,,524.75,Freshes Haşlanmış Kırmızı Küp Pancar 200 G,migros
migros-28310039,0.0,,393.75,Freshes Haşlanmış Kırmızı Pancar 400 G,migros
migros-28330006,0.0,,73.5,Pırasa Demet Adet,migros
migros-28340009,0.0,,38.95,Roka Demet,migros
migros-28340036,0.0,,2100.0,Roka Baby Roka 125 G,migros
migros-28341016,0.0,,83.95,Lolorosso Adet,migros
migros-28344753,0.0,,682.5,Migros Yemeye Hazır Roka Kap Salata 200 G,migros
migros-28345003,0.0,,57.95,Reyhan Demet,migros
migros-28232018,0.0,,349.83,Eurofresh Doğranmış Kırmızı Lahana 300 G,migros
migros-28309010,0.0,,136.5,M Life Organik Patlıcan Kg,migros
migros-28150003,0.0,,62.95,Kabak Helvacı Muscat Kg,migros
migros-28150034,0.0,,73.5,Kabak Midi Adet,migros
migros-28082598,0.0,,699.67,Freshes Kekikli Kuru Domates 150 G,migros
migros-28150080,0.0,,69.95,Mlife Organik Mini Kabak Adet,migros
migros-28150081,0.0,,79.95,Mlife Organik Kabak Butternut Kg,migros
migros-28160000,0.0,,73.5,Kabak Sakız Kg,migros
migros-28160003,0.0,,104.95,Kabak Dolmalık Kg,migros
migros-28169001,0.0,,57.95,Kabak Mini Adet,migros
migros-28169003,0.0,,78.95,Kabak Taze Siyah Kg,migros
migros-28170000,0.0,,94.5,Karnabahar Kg,migros
migros-28180000,0.0,,136.5,Brokoli Kg,migros
migros-28190000,0.0,,74.95,Kereviz Kg,migros
migros-28253039,0.0,,456.67,Eurofresh Yıkanmış Kıvırcık Marul 150 G,migros
migros-28199002,0.0,,104.95,Kelek Kg,migros
migros-28200029,0.0,,1049.83,Yerli Kuşkonmaz 300 G,migros
migros-28210000,0.0,,34.95,Lahana Beyaz Kg,migros
migros-28210031,0.0,,262.38,Eurofresh Yıkanmış Beyaz Lahana 400 G,migros
migros-28230000,0.0,,52.5,Lahana Kırmızı Kg,migros
migros-28114005,0.0,,157.5,Barbunya Oturak Kg,migros
migros-28240403,0.0,,244.88,Kültür Mantarı 400 G,migros
migros-28245100,0.0,,299.86,Kestane Mantarı 350 G,migros
migros-28247203,0.0,,472.5,İstiridye Mantarı 200 G,migros
migros-28250009,0.0,,68.5,Marul Adet,migros
migros-28250532,0.0,,94.5,Gevrek Marul Adet,migros
migros-28250540,0.0,,419.75,Migros Yemeye Hazır Karışık Kap Salata 200 G,migros
migros-28190009,0.0,,225.95,Kereviz Sap Adet Erüst,migros
migros-26500038,0.0,,154.5,Uzman Kasap Kuzu Paça 4'lü,migros
migros-26500081,0.0,,249.95,Uzman Kasap Kuzu Çorbalık Set Adet,migros
migros-25030337,0.0,,2145.62,Pınar Gurme Dana Burger Extra 240 G,migros
migros-27028000,0.0,,102.95,Armut Santa Maria Kg,migros
migros-27028112,0.0,,125.95,Armut Naşi Kg,migros
migros-27030000,0.0,,104.95,Ayva Kg,migros
migros-27058025,0.0,,475.0,Aronia 100 G,migros
migros-27060000,0.0,,199.95,Ceviz Kabuklu Kg,migros
migros-27060126,0.0,,377.9,El Kırması Kabuklu Badem 500 G,migros
migros-27112003,0.0,,104.95,Erik Angelica Kg,migros
migros-27119013,0.0,,59.95,Erik Freze Kg,migros
migros-28051000,0.0,,125.95,Biber Çarliston Kg,migros
migros-27134000,0.0,,104.95,Elma Golden Kg,migros
migros-27134010,0.0,,52.5,Elma Golden Ekonomik,migros
migros-27135000,0.0,,79.95,Elma Starking A Kg,migros
migros-27136000,0.0,,59.95,Elma Gala Kg,migros
migros-27151000,0.0,,157.5,Yer Fıstığı Kg,migros
migros-27159027,0.0,,599.8,Komşu İğde 500G Paket,migros
migros-25030483,0.0,,1197.16,Gurvita Paça Çorbası 370 Ml,migros
migros-27171000,0.0,,157.5,Hünnap Kg,migros
migros-27182009,0.0,,178.5,İncir Siyah  Kg,migros
migros-27202000,0.0,,26.5,Kavun Kırkağaç Kg,migros
migros-27203002,0.0,,79.95,M Life Organik Kavun Kg,migros
migros-27223036,0.0,,359.9,Komşu Keçiboynuzu 500 G,migros
migros-27133000,0.0,,99.95,Elma Granny Smith Kg,migros
migros-25030352,0.0,,722.5,Uzman Kasap Dana Kıyma 400 G,migros
migros-25030389,0.0,,794.31,Uzman Kasap Kuzu Dana Kebap 360 G,migros
migros-25030392,0.0,,978.75,Uzman Kasap Dağ Kekikli Dana Çoban Köfte 400 G,migros
migros-25030393,0.0,,924.75,Gurvita Dondurulmuş İlikli Kemik Suyu Sade 4 x 50 Ml,migros
migros-25030395,0.0,,1794.74,Pınar İllaki Dana Misket Köfte 390 G,migros
migros-25030399,0.0,,2549.95,Uzman Kasap Dana Lokum Kg ,migros
migros-25030435,0.0,,1417.19,Uzman Kasap Antrikot Burger  320 G,migros
migros-25030441,0.0,,978.75,Uzman Kasap Misket Köfte 400 G,migros
migros-25030443,0.0,,889.06,Uzman Kasap İzmir Köfte 320 G,migros
migros-25030467,0.0,,536.46,Wellbone Kış Çorbası 480 Ml,migros
migros-25030468,0.0,,949.75,Gurvita Kuzu İlikli Kemik Suyu 4 x 50 Ml,migros
migros-25030482,0.0,,1391.76,Gurvita Kelle Paça Çorbası 370 Ml,migros
migros-26010138,0.0,,2233.06,Şampiyon Sebzeli Kuzu Kokoreç 180 G,migros
migros-25030484,0.0,,779.73,Gurvita İlikli Kemik Suyuna Ezogelin Çorbası 370 Ml,migros
migros-25030485,0.0,,779.73,Gurvita İlikli Kemik Suyuna Mercimek Çorba 370 Ml,migros
migros-25500050,0.0,,395.24,Kemsan İlikli Kemik Suyu 105 Ml,migros
migros-25500405,0.0,,1419.95,Dana Pirzola Antrikot Kg,migros
migros-25500550,0.0,,804.69,Uzman Kasap Dana Kuzu Kebap 960 G,migros
migros-25500551,0.0,,886.41,Uzman Kasap Dana Kuzu Klasik Köfte 960 G,migros
migros-25500563,0.0,,153.77,Uzman Kasap Dana Çorbalık (İlikli) 650 G,migros
migros-25500573,0.0,,999.86,Uzman Kasap Dondurulmuş Hamburger Köfte 360 G,migros
migros-25500602,0.0,,875.0,Namet Dana Yemeklik Kuşbaşı 400 G,migros
migros-26010010,0.0,,399.95,Kuzu Kelle Adet,migros
migros-26010058,0.0,,199.95,Dana Paça Adet,migros
migros-26010071,0.0,,429.95,Uzman Kasap Kuzu Kuyruk Yağı Paket,migros
migros-25010707,0.0,,899.95,Dana Kemikli Kontrfile Kg,migros
migros-27400009,0.0,,2099.5,Excelente Altın Çilek 100 G,migros
migros-27400011,0.0,,910.0,Excelente 2'li Passion Fruit 150 G,migros
migros-27400013,0.0,,209.95,Excelente Pitahaya Adet,migros
migros-27400021,0.0,,1343.6,Excelente Blueberry 125 G,migros
migros-27501003,0.0,,119.95,Ananas Adet,migros
migros-27520001,0.0,,241.5,Verita Taze Hindistan Cevizi Adet,migros
migros-27540040,0.0,,499.5,Altın Çilek 100 G,migros
migros-27540051,0.0,,2309.5,Verita Yer Kirazı (Altın Çilek) 100 G,migros
migros-27560003,0.0,,458.97,Excelente Lime 3'lü 195 G,migros
migros-27570004,0.0,,700.0,Excelente Demirhindi 225 G,migros
migros-27580003,0.0,,79.95,Mango Adet,migros
migros-27585012,0.0,,879.6,Yaban Mersini 125 G,migros
migros-27250000,0.0,,139.95,Kivi Kg,migros
migros-27585017,0.0,,1679.6,Verita Dr. Blue Blueberry 125 G,migros
migros-27585018,0.0,,199.5,Verita Yemeye Hazır Mango Adet,migros
migros-27270021,0.0,,333.0,Kuru Üzüm 300 G,migros
migros-27590028,0.0,,1399.67,Verita Passion Fruit 3’lü 150 G,migros
migros-28010004,0.0,,52.5,Avokado Adet,migros
migros-28015909,0.0,,167.95,Verita Gurme Yemeye Hazır Avokado Adet,migros
migros-28015911,0.0,,209.95,Excelente Yemeye Hazır Avokado 2'li,migros
migros-28015912,0.0,,115.5,Excelente Yemeye Hazır Avokado,migros
migros-28015913,0.0,,115.5,Avokado 3'lü,migros
migros-28015921,0.0,,149.95,Yemeye Hazır Avokado 2'li,migros
migros-28050023,0.0,,839.75,Erüst Padron Biber 200 G,migros
migros-28050904,0.0,,146.95,Biberiye Kg,migros
migros-27585015,0.0,,2351.6,Verita Redberry 125 G,migros
migros-27260002,0.0,,52.5,Limon Kg,migros
migros-27260004,0.0,,52.5,Limon File Ekonomik  Kg,migros
migros-27268008,0.0,,29.95,Limon Naturel Kg,migros
migros-27268040,0.0,,734.75,Verita Limes 3'lü 200 G,migros
migros-27268051,0.0,,133.17,Yerli Misket Limon (Lime) Paket Adet 300 G,migros
migros-27270000,0.0,,115.5,Muz Yerli Kg,migros
migros-27270016,0.0,,466.33,Tuzlu Yer Fıstığı Jumbo 300 G,migros
migros-27270017,0.0,,466.33,Tuzsuz Yer Fıstığı Jumbo 300 G,migros
migros-27270018,0.0,,333.0,Ballı Susamlı Fıstık 300 G,migros
migros-26500089,0.0,,535.8,Uzman Kasap Kuzu Kuyruk Yağı Dondurulmuş 250 G,migros
migros-27271000,0.0,,136.5,Muz İthal Kg,migros
migros-27272000,0.0,,178.5,Organik Muz Kg,migros
migros-27159032,0.0,,379.8,Osmaniye Kabuklu Yer Fıstığı 500 G Adet,migros
migros-27272040,0.0,,999.67,Kavrulmuş Badem İçi 300 G,migros
migros-27281012,0.0,,83.95,Organik Mandalina Kg,migros
migros-27287012,0.0,,34.95,Mandalina Naturel Kg,migros
migros-27290000,0.0,,79.95,Nar Kg,migros
migros-27300001,0.0,,73.5,Portakal Sıkma File Kg,migros
migros-27304007,0.0,,73.5,Portakal Kg,migros
migros-27310000,0.0,,104.95,Şeftali Kg,migros
migros-27320000,0.0,,94.5,Nektarin Kg,migros
migros-27332000,0.0,,59.95,Üzüm Çekirdeksiz Kg,migros
migros-27336000,0.0,,83.95,Üzüm Razaki Kg,migros
migros-27336011,0.0,,69.95,Üzüm Red Globe Kg,migros
migros-27337000,0.0,,69.95,Üzüm Siyah Kg,migros
migros-27272037,0.0,,162.44,Osmaniye Kabuklı Fıstık 800 G,migros
a101-16001411,0.0,,612.31,Anavarza Akıllı Kapak Süzme Çiçek Balı 325 G ,a101
a101-16001428,0.0,,695.0,Balparmak Balkovan Çıt Kapak Çiçek Balı 600 G,a101
a101-16001432,0.0,,775.56,Anavarza Çiçek Balı 450 G,a101
a101-16001471,0.0,,265.33,Torku Üzüm Pekmezi 750 G,a101
a101-16001520,0.0,,348.75,Cem Ayvalık Taş Kırma Yeşil Zeytin S-XS 400 G ,a101
a101-16001562,0.0,,143.75,Hun Kakaolu Kürek Helva 400 G,a101
a101-16001570,0.0,,169.0,Metin Tahin 1 Kg,a101
a101-16001571,0.0,,282.86,Seyidoğlu Bademli Yaz Helvası 350 G,a101
a101-16001572,0.0,,282.86,Seyidoğlu Cevizli Yaz Helvası 350 G,a101
a101-16000872,0.0,,83.5,Burch Mısır Gevreği 500 G,a101
a101-16000873,0.0,,95.0,Burch Kakaolu Mısır Gevreği 500 G,a101
migros-05061247,0.0,,427.08,Unabella Pizza Tabanı 4'lü 480 G,migros
a101-16001587,0.0,,376.0,Torku Banada Miniki Kakaolu Fındık Kreması 875 G,a101
a101-16001589,0.0,,221.67,Marbir Siyah Salamura Zeytin XL-L Boy 900 G,a101
a101-16001593,0.0,,285.71,Eti Lifalif İnce Öğütülmüş Yulaf Ezmesi 350 G,a101
a101-16001614,0.0,,262.5,Marmarabirlik Yeşil Çizik Zeytin Xs-S 400 G,a101
a101-16001621,0.0,,198.0,Hun Helva Cevizli 500 G,a101
a101-16001622,0.0,,300.0,Hun Fıstıklı Helva 500 G,a101
a101-16001654,0.0,,340.0,Koska Kakaolu Helva 175 G,a101
a101-16001655,0.0,,340.0,Koska Sade Helva 175 G,a101
a101-16001663,0.0,,124.5,Zeo Siyah Zeytin 2XS-3XS 2 Kg,a101
a101-16001665,0.0,,230.0,Zeo Siyah Zeytin L-M 500 G,a101
a101-16001667,0.0,,310.0,Zeo Siyah Zeytin XL-L 900 G,a101
a101-16001668,0.0,,159.5,Zeo Siyah Zeytin S-XS 1000 G,a101
a101-16000920,0.0,,167.37,Marmarabirlik Doğal Yağlı Salamura Siyah Zeytin  950 G 3XS ,a101
a101-16000623,0.0,,728.57,Balparmak Balkovan Çıt Kapak Çam Balı 350 G,a101
a101-16000641,0.0,,361.25,Marmarabirlik Az Tuzlu Doğal Salamura Siyah Zeytin 800 G,a101
a101-16000811,0.0,,200.0,Eti Lifalif Yulaf Ezmesi 500 G,a101
a101-15001724,0.0,,7495.0,Pols Freeze Fresh Dondurularak Kurutulmuş Meyve Golden Mix 20 G,a101
a101-15001725,0.0,,6245.0,Pols Freeze Fresh Dondurularak Kurutulmuş Meyve Çilek ve Muz 20 G,a101
a101-15001727,0.0,,710.71,Fropie Mix Kuruyemiş Probiyotik 140 G ,a101
a101-16000981,0.0,,248.75,Torku Frema Kakaolu Fındıklı Krema 400 G,a101
a101-16000982,0.0,,406.25,Torku Banada Kakaolu Fındık Kreması 400 G,a101
a101-16000999,0.0,,419.35,Nestle Çokokare Kakaolu Tahıl Gevreği 310 G,a101
a101-16001019,0.0,,299.0,Kellogg's Cocopops Çikolatalı Mısır Gevreği 1000 G,a101
a101-16001102,0.0,,129.5,Seyidoğlu Çilek Reçeli 1 Kg,a101
a101-16001137,0.0,,590.62,Findux Fındık Ezmesi 320 G,a101
a101-16001380,0.0,,293.0,Torku Kakaolu Helva 500 G,a101
a101-16001193,0.0,,429.73,Torku Banada Bitter Kakaolu Fındık Kreması 370 G  ,a101
a101-16001249,0.0,,581.08,Torku Fındık Ezmesi 370 G,a101
a101-16001251,0.0,,288.71,Nesquik Harfler Mısır Gevreği 310 G,a101
a101-16001262,0.0,,1125.0,Çotanak Ballı Fındık Ezmesi 200 G  ,a101
a101-16001277,0.0,,299.0,Seyidoğlu Tahin 1 Kg,a101
a101-16001278,0.0,,230.0,Seyidoğlu Üzüm Pekmezi 1300 G,a101
a101-16000021,0.0,,239.0,Koska Kakaolu Helva 500 G,a101
a101-16000022,0.0,,239.0,Koska Sade Helva 500 G,a101
a101-16000066,0.0,,599.0,Binboğa Çiçek Balı 1 Kg,a101
a101-16001334,0.0,,150.0,Marmarabirlik Salamura Siyah Zeytin 2XS 500 G,a101
a101-16001337,0.0,,192.67,"Torku Frema Kakaolu Fındıklı Krema 1,5 Kg",a101
a101-16001379,0.0,,293.0,Torku Sade Helva 500 G,a101
a101-16001167,0.0,,209.3,Öncüller Kuşburnu Marmelatı 430 G,a101
a101-16001801,0.0,,300.0,Hun Fıstıklı Helva 500 G,a101
a101-16001802,0.0,,198.0,Hun Cevizli Helva 500 G,a101
a101-16001829,0.0,,133.0,Fiskorella Kakaolu Fındık Kreması 1500 G,a101
a101-16001854,0.0,,90.91,Hello Bio Meyveli Ring Tam Tahıllı Gevrek 550 G,a101
a101-16001859,0.0,,248.75,Tukaş Yağlı Sele Siyah Zeytin S-M 800 G,a101
a101-16001860,0.0,,199.0,Tukaş Kırma Yeşil Zeytin XL-L 1000 G,a101
a101-16001671,0.0,,154.0,Zeo Siyah Zeytin XS-2XS 500 G,a101
a101-16001672,0.0,,122.22,Bolmix Çilek Reçeli 1800 G,a101
a101-16001674,0.0,,186.11,Bolmix Vişne Reçeli 1800 G,a101
a101-16001913,0.0,,153.08,Koska Üzüm Pekmezi 1300 G,a101
a101-16001915,0.0,,157.92,Kellogg's Coco Pops Kakaolu Mısır ve Buğday Gevreği 1200 G,a101
a101-16001669,0.0,,234.0,Zeo Siyah Zeytin XS-2XS 250 G,a101
a101-16001968,0.0,,112.86,Nut Master Sütlü Fındık Kreması 350 G,a101
a101-16001969,0.0,,112.86,Nut Master Kakaolu Fındık Kreması 350 G,a101
a101-16001974,0.0,,170.0,Nut Master Yer Fıstığı Ezmesi 350 G,a101
a101-16001977,0.0,,298.75,Torku Sade Kürek Helva 400 G,a101
a101-16001978,0.0,,298.75,Torku Kakaolu Kürek Helva 400 G,a101
a101-16001983,0.0,,138.31,Fiskorella Kakaolu Fındık Kreması 650 G,a101
a101-16001997,0.0,,875.0,Eti Lifalif Kuru Vişneli Kakaolu Parçacıklı Fındıklı Granola 200 G,a101
a101-16002003,0.0,,198.75,Kellogg's Special K Bitter Çikolatalı Tam Buğday ve Pirinç Gevreği 400 G,a101
a101-16002010,0.0,,250.0,Nestle Gold Corn Flakes Tam Tahıl Mısır Gevreği 200 G,a101
a101-16002014,0.0,,375.56,Nestle Cheerios Ballı Tahıl Gevreği 225 G ,a101
a101-16001697,0.0,,230.0,Öncü Salamura Siyah Zeytin M-S 1000 G,a101
a101-16001715,0.0,,195.0,Çokça Acısız Kahvaltılık Sos 300 G,a101
a101-16001966,0.0,,385.71,Milka Kakaolu Fındık Kreması 350 G,a101
a101-16001280,0.0,,275.0,Kellogg's Cocopops Kakaolu Mısır ve Buğday Gevreği 580 G,a101
a101-16001293,0.0,,135.0,Marmarabirlik Doğal Yağlı Salamura Siyah Zeytin 1KG 4XS,a101
a101-16001313,0.0,,348.75,Marmarabirlik Kuru Sele Siyah Zeytin 3XS 800 G,a101
a101-16001676,0.0,,250.0,Zeo Baharatlı Yeşil Zeytin XS-2XS 400 G,a101
a101-16001677,0.0,,236.25,Zeo Biber Dolgulu Yeşil Zeytin 3XL-2XL 400 G,a101
a101-16001678,0.0,,223.75,Zeo Çizik Yeşil Zeytin S 400 G,a101
a101-16001679,0.0,,223.75,Zeo Kırma Yeşil Zeytin 4XL 400 G,a101
a101-16001681,0.0,,140.0,Hun Kakaolu Helva 500 G,a101
a101-16001682,0.0,,140.0,Hun Sade Helva 500 G,a101
a101-16001683,0.0,,188.33,Hun Tahin 600 G,a101
a101-16001686,0.0,,236.25,Hun Üzüm Pekmezi 800 G,a101
a101-16001687,0.0,,168.33,Hun Harnup Pekmezi 600 G,a101
a101-16001796,0.0,,642.86,Şölen Ozmo Tüp Kakaolu Fındık Kreması 35 G,a101
a101-16001689,0.0,,178.0,Şokoley Kakaolu Fındık Kreması 500 G,a101
a101-16001690,0.0,,297.5,Findux Kakaolu Fındık Kreması 400 G,a101
a101-16001691,0.0,,172.0,Findux Kakaolu Fındık Kreması 750 G,a101
a101-16001573,0.0,,135.0,Kellogg's Coco Pops Jumbos Kakaolu Mısır Gevreği 2x700 G,a101
a101-16001579,0.0,,650.0,Fiskobirlik Fındık Ezmesi 300 G,a101
a101-16001582,0.0,,133.0,Fiskokrem Sütlü Fındık Kreması 1500 G ,a101
a101-16001718,0.0,,299.0,Nestle Nesquik Kakaolu Tahıl Gevreği 1 Kg,a101
a101-16001734,0.0,,221.11,Tukaş Yeşil Çizik Zeytin M-S 900 G,a101
a101-16001748,0.0,,1025.71,Balparmak Yayla ve Ova Çiçek Balı 350 G,a101
a101-16001758,0.0,,125.26,Eti Lifalif Yulaf Ezmesi 950 G,a101
a101-16001768,0.0,,269.0,Kaanlar Yağlı Siyah Zeytin 1 Kg,a101
a101-16001787,0.0,,139.5,Nut Master %100 Yerfıstığı Ezmesi 1 Kg,a101
a101-16001688,0.0,,154.5,Şokoley Kakaolu Fındık Kreması 1 Kg,a101
a101-15001586,0.0,,497.5,Perfect Delights Aşurelik Kuru Kayısı 200 G,a101
a101-15001587,0.0,,162.5,Çerezya Süt Mısır Soslu Fıstık Cips 200 G,a101
a101-15001588,0.0,,162.5,Çerezya Ekşi Krema ve Soğan Soslu Fıstık Cips 200 G ,a101
a101-15001653,0.0,,297.5,Altın Hasat Kabak Çekirdeği 200 G,a101
a101-15001658,0.0,,1488.89,Tadım Kavrulmuş Antep Fıstığı 90 G,a101
a101-15001659,0.0,,255.56,Tadım Kavrulmuş Tuzlu Yer Fıstığı 90 G,a101
a101-15001662,0.0,,366.67,Altıntop Soslu Karışık Kuruyemiş 150 G ,a101
a101-15001663,0.0,,1500.0,Üstad Kavrulmuş Fındık İçi 150 G ,a101
a101-15001664,0.0,,238.0,Hazarbey Keçiboynuzu Kuru Meyve 250 G ,a101
a101-15001665,0.0,,166.67,Thraki Thai Chilli Aromalı Soslu Mısır 150 G,a101
a101-15001666,0.0,,183.33,Thraki Thai Chilli Aromalı Cips Fıstık 150 G,a101
a101-16000491,0.0,,700.0,Ülker Çokokrem Kakaolu Fındık Kreması 40 G,a101
a101-15001668,0.0,,172.5,Togo Mini Fıstık 200 G ,a101
a101-15001670,0.0,,396.67,Çerezya Soslu Karışık Kuruyemiş 150 G ,a101
a101-15001674,0.0,,218.0,Ersa Sukkari Hurma 500 G,a101
a101-15001677,0.0,,166.67,Thraki Taco Soslu Ayçekirdeği 180 G ,a101
a101-15001610,0.0,,162.5,Çerezya Dakota Yerli Tuzlu Ay Çekirdeği 120 G,a101
a101-15001611,0.0,,196.0,Çerezya Kuru Meyve Rabbi Hurma 250 G,a101
a101-15001612,0.0,,196.0,Çerezya Kuru Meyve Hurma Zahidi 250 G ,a101
a101-15001682,0.0,,710.71,Seyran Kızartılmış Kaju Fıstığı 140 G ,a101
a101-15001683,0.0,,218.75,Seyran Kavrulmuş Tuzlu İç Fıstık 160 G ,a101
a101-15001686,0.0,,782.14,Üstad Kavrulmuş Jumbo Kaju 140 G ,a101
a101-15001688,0.0,,550.0,Dovido Turna Yemişi 100 G ,a101
a101-15001691,0.0,,238.0,Altıntop Kabuklu Fıstık 250 G ,a101
a101-15001667,0.0,,220.0,Keyifçe Kabuklu Ceviz 500 G ,a101
a101-15001599,0.0,,747.5,Perfect Delights Gün Kurusu Kayısı 200 G,a101
a101-15001600,0.0,,500.0,Perfect Delights Soft İncir 150 G,a101
a101-15001601,0.0,,675.0,Perfect Delights Soft Kuru Kayısı 200 G,a101
a101-15001602,0.0,,375.0,Perfect Delights Soft Hurma 200 G,a101
a101-15001603,0.0,,425.0,Perfect Delights Soft Erik 200 G ,a101
a101-15001605,0.0,,580.0,Çerezya Jumbo Kaju Kuruyemiş 250 G,a101
a101-15001606,0.0,,540.0,Çerezya Kuru İncir 250 G,a101
a101-15001607,0.0,,179.0,Altıntop Tuzlu Fıstık 500 G,a101
a101-15001608,0.0,,316.67,Tadım Tuzlu Ay Çekirdeği 180 G ,a101
a101-15001609,0.0,,316.67,Tadım Bol Tuzlu Ay Çekirdeği 180 G ,a101
a101-15001374,0.0,,1060.0,Çerezya Siirt Fıstığı 150 G,a101
a101-15001397,0.0,,163.33,Çerezya Kuru Meyve Tunus Hurma 300 G,a101
a101-15001646,0.0,,225.0,Çerezya Kara Tombul Çekirdek 100 G ,a101
a101-15001614,0.0,,611.11,Tadım Kabak Çekirdeği 180 G,a101
a101-15001616,0.0,,483.33,Tadım Tuzlu Yer Fıstığı 180 G,a101
a101-15001629,0.0,,650.0,Çerezya Kuru Meyve Gün Kurusu 250 G,a101
a101-15001631,0.0,,650.0,Çerezya Kuru Meyve Kuru Kayısı 250 G,a101
a101-15001632,0.0,,260.0,Thraki Thai Chilli Aromalı Yer Fıstığı 75 G,a101
a101-15001635,0.0,,625.0,Fropie Kuruyemiş Omega Mix 40 G,a101
a101-15001636,0.0,,992.86,Üstad Kavrulmuş Zarlı Kaju 140 G,a101
a101-15001638,0.0,,737.5,Malatya Pazarı Karışık Kuruyemiş 40 G ,a101
a101-15001639,0.0,,437.5,Malatya Pazarı Karışık Kuru Meyve 40 G ,a101
a101-15001640,0.0,,220.0,Çerezya İşlenmiş Yer Fıstığı Kuruyemiş 250 G,a101
a101-15001641,0.0,,408.33,Sincap Susamlı Badem Kuruyemiş 120 G,a101
a101-15001643,0.0,,347.5,Otamon Kuru Meyve Karışımı 200 G ,a101
a101-15001401,0.0,,356.0,Çerezya Kuru Meyve Hudri Hurma 250 G,a101
a101-15001728,0.0,,710.71,Fropie Mix Kuruyemiş Omega 3 140 G ,a101
a101-15001731,0.0,,208.33,Kara Sevda Klasik Ayçekirdeği 180 G ,a101
a101-15001732,0.0,,208.33,Kara Sevda Ayçekirdeği 180 G ,a101
a101-15001741,0.0,,1991.67,Üstad Pikan Cevizi 120 G ,a101
a101-15001743,0.0,,8600.0,Yemelix Dondurularak Kurutulmuş Kuru Meyve Çilek 15 G,a101
a101-15001752,0.0,,8600.0,Yemelix Dondurularak Kurutulmuş Kuru Meyve Kavun 15 G,a101
a101-15001754,0.0,,8600.0,Yemelix Dondurularak Kurutulmuş Kuru Meyve Şeftali 15 G,a101
a101-15001755,0.0,,600.0,Perfect Delights Kuru İncir 200 G,a101
a101-15001756,0.0,,600.0,Perfect Delights Günkurusu 200 G,a101
a101-15001757,0.0,,600.0,Perfect Delights Kuru Kayısı 200 G ,a101
a101-15001762,0.0,,1460.0,Keyifçe Siirt Fıstığı 150 G,a101
a101-15001764,0.0,,897.5,Keyifçe Makademya Fındığı 200 G ,a101
a101-15001692,0.0,,495.0,Hazarbey Hünnap Kurusu 100 G ,a101
a101-15001706,0.0,,220.0,Çerezya Kuru Üzüm 250 G,a101
a101-15001708,0.0,,895.0,Perfect Delights Kuru Mango 100 G ,a101
a101-15001709,0.0,,895.0,Fourfood Kuruyemiş ve Meyve Clusters 100 G ,a101
a101-16000099,0.0,,143.75,Hun Sade Kürek Helva 400 G,a101
a101-16000247,0.0,,210.0,Hun Helva Fıstıklı 500 G,a101
a101-16000248,0.0,,198.0,Hun Helva Cevizli 500 G,a101
a101-16000262,0.0,,327.14,Seyidoğlu Dut Pekmezi 700 G,a101
a101-16000273,0.0,,257.14,Fora Siyah Zeytin Ezmesi 175 G,a101
a101-16000322,0.0,,467.65,Gold Polmak Yer Fıstığı Ezmesi 340 G,a101
a101-16000328,0.0,,187.5,Nut Master Kakaolu Fındık Kreması 720 G,a101
a101-16000330,0.0,,148.94,Burch Gevrek Çilekli 235 G,a101
a101-16000482,0.0,,280.0,Ülker Çokokrem Kakaolu Fındık Kreması 500 G,a101
a101-16000002,0.0,,365.56,Torku Banada Kakaolu Fındık Kreması 900 G,a101
a101-15001693,0.0,,895.0,Perfect Delight Kuru Meyve Vişne 100 G,a101
a101-15001694,0.0,,1445.0,Gramas Premium Kuru İncir 200 G,a101
a101-15001695,0.0,,1495.0,Gramas Premium İncir Cipsi 200 G ,a101
a101-15001696,0.0,,378.79,Master Nut Keyifli Kokteyl 330 G ,a101
a101-15001697,0.0,,180.0,Master Nut Kabuklu Fıstık 250 G ,a101
a101-15001701,0.0,,2975.0,Aydın Pratik Toz Fıstık 40 G,a101
a101-15001705,0.0,,2908.33,Üstad İç Antep Fıstığı 120 G,a101
a101-15001648,0.0,,148.75,Ekmekçioğlu Kavrulmuş Kabuklu Yer Fıstığı 400 G ,a101
a101-15001649,0.0,,90.0,Altın Hasat Kavrulmuş Tuzlu Siyah Ayçekirdeği 250 G ,a101
a101-15001651,0.0,,222.5,Master Nut X Ekonomik Kokteyl Kuruyemiş 400 G ,a101
a101-15001710,0.0,,318.0,Perfect Delights Kuru Meyve Karışımı 250 G ,a101
a101-15001711,0.0,,416.67,Tariş Lokmalık Natural Kuru İncir 300 G,a101
a101-15001681,0.0,,173.08,Seyran Soslu Mısır 130 G ,a101
a101-15001713,0.0,,556.0,Keyifçe Kabuklu Kavrulmuş Tuzlu Badem 250 G,a101
a101-15001714,0.0,,552.78,Master Nut Zamansız Karışım Karışık Kuruyemiş 180 G ,a101
a101-15001715,0.0,,552.78,Master Nut Eğlencelik Karışık Kuruyemiş 180 G ,a101
a101-15001716,0.0,,719.44,Master Farm Çiğ Karışık Kuruyemiş Natura Karışım 180 G ,a101
a101-15001717,0.0,,719.44,Master Farm Çiğ Karışık Kuruyemiş Vital Karışım 180 G ,a101
a101-15001718,0.0,,5000.0,Yayla Enfies Kuru Meyve Çilek 15 G,a101
a101-15001719,0.0,,559.38,Master Nut Parti Karışık Kuruyemiş 160 G ,a101
a101-15001720,0.0,,5000.0,Yayla Enfies Kuru Meyve Elma 15 G,a101
a101-15001721,0.0,,3750.0,Yayla Enfies Kuru Meyve İncir 20 G,a101
a101-15001722,0.0,,5000.0,Yayla Enfies Kuru Meyve Kavun 15 G,a101
a101-15001679,0.0,,166.67,Thraki Sarımsak Soslu Ayçekirdeği 180 G ,a101
a101-15001680,0.0,,203.12,Seyran Soslu Cips Fıstık 160 G ,a101
a101-15001712,0.0,,366.67,Tariş Aşurelik Küp Kesik Kuru İncir 150 G,a101
a101-16002423,0.0,,225.0,Burcu Zeytinyağlı Kurutulmuş Domatesli Kahvaltılık Sos 200 G ,a101
a101-16002425,0.0,,422.35,7Bahar Çiçek Balı 850 G,a101
a101-16002426,0.0,,663.33,Trabzon Tarım Parçacıklı Fındık Ezmesi 300 G ,a101
a101-16002427,0.0,,2030.61,Bee'O On The Go Propolis Fit 7x7 G  ,a101
a101-16002428,0.0,,564.52,Nesquik Çilektop Çilek Aromalı Tahıl Gevreği 310 G ,a101
a101-16002429,0.0,,107.14,Lokman Mandalina Reçeli 700 G ,a101
a101-16002430,0.0,,370.0,De Lucca Patlayan Şekerli Kakaolu Fındık Kreması 350 G ,a101
a101-16002431,0.0,,325.0,Nut Master Kakaolu Yer Fıstığı Ezmesi 60 G ,a101
a101-16002432,0.0,,482.86,Bee'o Ham Yayla Çiçek Balı 350 G ,a101
a101-16002435,0.0,,222.33,Metin Tahin & Pekmez Set 450 & 580 G ,a101
a101-16002436,0.0,,115.0,Metin Çilek Reçel 1 Kg,a101
a101-16001716,0.0,,195.0,Çokça Acılı Kahvaltılık Sos 300 G,a101
a101-16002395,0.0,,343.75,Marmarabirlik Kokteyl Yeşil Zeytin M-S 800 G,a101
a101-16002397,0.0,,199.0,Emsal Parçacıklı Yer Fıstığı Kreması 1 Kg,a101
a101-16002399,0.0,,214.29,Nut Master Kakaolu Yer Fıstığı Ezmesi 350 G ,a101
a101-16002446,0.0,,51.14,De Lucca Kakaolu Fındık Ezmesi 350 G ,a101
a101-16002447,0.0,,179.5,Alpella Kakaolu Fındıklı Krema 1 Kg,a101
a101-16002448,0.0,,945.0,Tadelle Kakaolu Fındık Kreması 200 G ,a101
a101-16002449,0.0,,331.67,Kellogg's Special K Gurme Bitter Çikolatalı & Hindistan Cevizli Tam Buğday ve Pirinç Gevreği 300 G,a101
a101-16002450,0.0,,218.75,Marmarabirlik Doğal Yağlı Salamura Çizik Yeşil Zeytin 800 G,a101
a101-16002451,0.0,,219.0,Marmarabirlik Doğal Yağlı Salamura Siyah Zeytin 1 Kg,a101
a101-16002452,0.0,,380.0,My Strawberry Cream Pirinç Patlaklı Çilek Kreması 250 G  ,a101
a101-16002457,0.0,,125.0,Yayla Onlife Yulaf Ezmesi 500 G ,a101
a101-16002458,0.0,,238.46,Hobby Kakaolu Fındık Kreması 650 G ,a101
a101-16002439,0.0,,121.43,Metin Çilek Reçeli 700 G ,a101
a101-16002388,0.0,,1234.38,Antebella Supermix Antep Fıstığı & Fındık Kreması 320 G ,a101
a101-16002389,0.0,,568.57,Zühre Ana Pektamin Pekmez 250 ml ,a101
a101-16002390,0.0,,175.0,Burcu Paprika Acı Biber Sos 200 G ,a101
a101-16002391,0.0,,295.31,Zühre Ana Orman Meyveleri Özü 640 G ,a101
a101-16002393,0.0,,277.78,Marmarabirlik Siyah Zeytin 3XS-4XS 900 G,a101
a101-16002394,0.0,,215.0,Öncü Doğal Salamura Zeytin 3XS 1 Kg,a101
a101-16002333,0.0,,388.89,Üstad Ham Çiçek Balı 450 G ,a101
a101-16002334,0.0,,238.89,Üstad Sade Süt Reçeli 270 G,a101
a101-16002336,0.0,,350.0,Nestle Crunch Patlamış Pirinçli Kakaolu Fındık Kreması 900 G  ,a101
a101-16002402,0.0,,183.2,Seğmen Tahin 550 G & Üzüm Pekmezi 700 G,a101
a101-16002403,0.0,,161.88,Seğmen Üzüm Pekmezi 800 G ,a101
a101-16002404,0.0,,199.17,Seğmen Tahin 600 G ,a101
a101-16002421,0.0,,536.25,Sarelle Kakaolu Fındık Ezmesi 800 G,a101
a101-16002406,0.0,,487.5,Seyidoğlu Tahin Pekmez Tüp 40 G  ,a101
a101-16002407,0.0,,191.94,Kellogg's Coco Pops Çokofills Kakaolu Krema Dolgulu Mısır Gevreği 310 G,a101
a101-16002408,0.0,,207.14,Torku Sade Helva 700 G ,a101
a101-16002409,0.0,,207.14,Torku Kakaolu Helva 700 G ,a101
a101-16002410,0.0,,156.43,Seyidoğlu Çilek Reçeli 700 G ,a101
a101-16002412,0.0,,348.75,Cem Çizik Yeşil Zeytin 400 G,a101
a101-16002413,0.0,,415.38,Binboğa Çıtkapak Çiçek Balı 325 G,a101
a101-16002414,0.0,,383.33,Cem Biber Dolgulu Yeşil Zeytin 900 G 4XL,a101
a101-16002415,0.0,,281.25,Cem Siyah Zeytin 800 G XS-2XS,a101
a101-16002368,0.0,,389.06,Seğmen Pratik Kapak Bingöl Süzme Çiçek Balı 640 G ,a101
a101-16002369,0.0,,389.06,Seğmen Sivas Süzme Çiçek Balı 640 G ,a101
a101-16002370,0.0,,290.0,Koska Sade Helva 500 G ,a101
a101-16002405,0.0,,226.56,Seyidoğlu Kış Pekmezi 640 G ,a101
a101-17000170,0.0,,235.29,Xroll Pofuduk Kakaolu Marshmallow Bisküvi 17 G,a101
a101-17000174,0.0,,666.67,"Mentos Stick Naneli Draje Şeker 37,5G",a101
a101-17000176,0.0,,230.0,Ülker Hanımeller Çokodamla Kurabiye 150 G,a101
a101-17000184,0.0,,235.29,Xroll Pofuduk Bisküvi Hindistan Cevizli Marshmallow 17 G,a101
a101-17000188,0.0,,194.44,Eti Finger Bisküvi 900 G,a101
a101-17000192,0.0,,493.75,Ülker Albeni 40 G,a101
a101-17000259,0.0,,230.0,Eti Crax Acılı Çubuk Kraker 50 G,a101
a101-17000264,0.0,,335.37,Biscolata Starz Bitter Çikolata Kakaolu Bisküvi 82 G,a101
a101-17000280,0.0,,115.0,Çıtkırıldım Fiyonk Kraker 200 G,a101
a101-16002478,0.0,,1187.5,Züber Fıstık Ezmesi & Peanutzilla 2x200 G ,a101
a101-16002480,0.0,,375.0,Zühre Ana Vişne Özü 640 G ,a101
a101-16002459,0.0,,149.5,Peanutto Fıstık Ezmesi 1 Kg,a101
a101-17000306,0.0,,425.0,Eti Benim'O Marshmallowlu Çikolata Kaplı Bisküvi 3x80 G,a101
a101-17000315,0.0,,116.67,Çıtkırıldım Peynirli Kraker 45 G,a101
a101-17000316,0.0,,116.67,Çıtkırıldım Baharatlı Kraker 45 G,a101
a101-17000318,0.0,,184.21,Xroll Kremalı Kakaolu Bisküvi 95 G,a101
a101-17000326,0.0,,235.71,Ülker Çizi Peynirli Kraker 70 G,a101
a101-17000359,0.0,,171.43,Ülker Pötibör Kakaolu Bisküvi 175 G,a101
a101-17000360,0.0,,171.43,Ülker Pötibör Sade Bisküvi 175 G,a101
a101-17000370,0.0,,378.79,Eti Kurabi Fındıklı Kurabiye 198 G ,a101
a101-17000384,0.0,,1333.33,Ülker Napoliten Sütlü Çikolata 33 G,a101
a101-17000396,0.0,,245.83,Eti Susamlı Kraker 120 G,a101
a101-17000398,0.0,,231.56,Ülker Kremalı Sade Bisküvi 4x61 G,a101
a101-17000428,0.0,,253.62,Eti Tutku Bold Kakao Kremalı Mozaik Bisküvi 138 G,a101
a101-16002481,0.0,,625.0,Sarelle Kakaolu Fındık Kreması 40 G ,a101
a101-16002460,0.0,,287.5,Gürsoy Kakaolu Fındık Kreması 400 G ,a101
a101-16002462,0.0,,284.29,Atiye Laçin Çıtır Kabak Reçeli 350 G ,a101
a101-16002476,0.0,,357.81,Zühre Ana Yaban Mersini Özü 640 G ,a101
a101-16002416,0.0,,442.22,Binboğa Çam Balı 460 G,a101
a101-16002417,0.0,,398.0,Kellogg's Granola Karışık Meyveli 250 G,a101
a101-16002419,0.0,,298.75,Cem Biber Dolgulu Yeşil Zeytin 4XL 400 G ,a101
a101-16002484,0.0,,414.58,Ece Izgara Yeşil Zeytin 240 G ,a101
a101-16002485,0.0,,797.5,Çotanak Tahinli Fındık Ezmesi 200 G ,a101
a101-16002486,0.0,,177.22,Supervital Yer Fıstığı Ezmesi 900 G ,a101
a101-16002487,0.0,,228.43,Vantat Sade Helva 700 G ,a101
a101-16002488,0.0,,228.43,Vantat Kakaolu Helva 700 G ,a101
a101-16002489,0.0,,398.57,Vantat Fıstıklı Helva 350 G ,a101
a101-17000157,0.0,,416.67,Ülker Halley Bisküvi 30 G,a101
a101-16002493,0.0,,227.14,Torku Helva Sade 350 G ,a101
a101-16002494,0.0,,227.14,Torku Helva Kakaolu 350 G ,a101
a101-16002497,0.0,,437.5,Lokman Chokkie Kakaolu Fındık Kremalı Tüp 40 G   ,a101
a101-17000002,0.0,,85.94,Torku Çubuk Kraker 64 G,a101
a101-17000004,0.0,,307.97,Ülker Hanımeller Limonlu Ve Beyaz Çikolatalı Kurabiye 138 G,a101
a101-17000006,0.0,,7.64,Saray Susamlı Bisküvi 4x90 G,a101
a101-16002442,0.0,,250.0,By Chef Yer Fıstığı Ezmesi & Kakaolu Fındık Kreması 2x350 G,a101
a101-16002444,0.0,,546.88,Gürsoy Çifte Kavrulmuş Fındık Ezmesi 320 G,a101
a101-16002445,0.0,,420.63,Nutella Kakaolu Fındık Kreması 630 G,a101
a101-17000122,0.0,,687.5,Milka Üzümlü Fındıklı Çikolata 80 G,a101
a101-17000129,0.0,,500.0,Tadımca Yer Fıstıklı Bar 30 G,a101
a101-17000130,0.0,,720.59,Polo Naneli Sert Şeker 34 G,a101
a101-16002492,0.0,,698.0,Mood Fit Çiğ Tahin 470 G,a101
a101-16002199,0.0,,222.5,Bağcı Çizikli Yeşil Zeytin S-XS 400 G,a101
a101-16002202,0.0,,239.0,Torku Çifte Kavrulmuş Tahin 1000 G,a101
a101-16002204,0.0,,198.57,Funny Nuts Ballı Fıstık Ezmesi 350 G,a101
a101-16002022,0.0,,231.67,Tukaş Kahvaltılık Sos 300 G,a101
a101-16002028,0.0,,197.37,Lokman Çilek Reçeli 380 G,a101
a101-16002030,0.0,,148.75,Tukaş Siyah Zeytin XS-2XS 800 G,a101
a101-16002213,0.0,,120.0,Koska Üzüm Pekmez 1000 G,a101
a101-16002214,0.0,,328.57,Gürsoy Terre Kakaolu Fındık Kreması 350 G,a101
a101-16002215,0.0,,357.14,Gürsoy Dore Sütlü Fındık Kreması 350 G,a101
a101-16002216,0.0,,331.48,Ganik Süt Reçeli 270 G,a101
a101-16002218,0.0,,244.44,Tukaş Kırma Yeşil Zeytin 9XL-8XL 900 G  ,a101
a101-16002387,0.0,,394.74,Melis Ekmeküstü Kahvaltılık Sos 195 G ,a101
a101-16002220,0.0,,416.36,Seyidoğlu Tahin 550 G,a101
a101-16002225,0.0,,429.73,Torku Banada Fındık Efsanesi Kakaolu Fındık Kreması 370 G,a101
a101-16002230,0.0,,239.39,Emsal Parçacıklı Yer Fıstığı Kreması 330 G,a101
a101-16002235,0.0,,327.14,Seyidoğlu Üzüm Pekmezi 700 G,a101
a101-16002246,0.0,,260.0,Öncü Salamura Siyah Zeytin 2XS 1000 G,a101
a101-16002247,0.0,,227.27,Emsal Parçacıklı Fıstık Ezmesi 330 G,a101
a101-16002249,0.0,,142.14,Koska Üzüm Pekmezi 700 G,a101
a101-16002120,0.0,,144.74,Bolmix Ayva Reçel 380 G,a101
a101-16002144,0.0,,245.0,Öncü Salamura Siyah Zeytin XS 1 Kg,a101
a101-16002148,0.0,,283.33,Master Nut Parçacıklı Yer Fıstığı Ezmesi 300 G,a101
a101-16002279,0.0,,172.5,Tatlan Bayramiç Sade Helva 400 G,a101
a101-16002280,0.0,,234.12,Kozan Kooperatif Süzme Çiçek Balı 850 G,a101
a101-16002219,0.0,,277.78,Tukaş Çizik Yeşil Zeytin S-XS 900 G  ,a101
a101-16002060,0.0,,373.33,Nestle Crunch Tam Tahıl ve Pirinç Gevreği 375 G,a101
a101-16002062,0.0,,214.29,Seyidoğlu Kuru İncirli & Cevizli Yaz Helvası 350 G,a101
a101-16002068,0.0,,706.0,Ülker Kellogg's Çikolatalı Granola 250 G,a101
a101-16002078,0.0,,112.03,Eti Lifalif İnce Öğütülmüş Yulaf Ezmesi 665 G,a101
a101-16002089,0.0,,208.18,Ülker Çokokrem Kakaolu Fındık Kreması 1100 G,a101
a101-16002096,0.0,,225.0,Torku Sade Helva 1 Kg,a101
a101-16002097,0.0,,225.0,Torku Kakaolu Helva 1 Kg,a101
a101-16002099,0.0,,221.11,Tukaş Yeşil Kırma Zeytin S-XS 900 G,a101
a101-16002103,0.0,,256.45,Koska Keçiboynuzu Özü 310 G,a101
a101-16002112,0.0,,99.5,Bolmix Çilek Reçeli 1000 G,a101
a101-16002113,0.0,,99.5,Bolmix Vişne Reçeli 1000 G,a101
a101-16002118,0.0,,182.89,Bolmix Çilek Reçel 380 G,a101
a101-16002196,0.0,,220.0,Bağcı Salamura Siyah Zeytin S-XS 250 G,a101
a101-16001868,0.0,,255.71,Sarelle Duo Kakaolu-Sütlü Fındık Kreması 350 G,a101
a101-16001870,0.0,,185.0,Torku Tahin 1400 G,a101
a101-16001906,0.0,,231.67,Tat Kahvaltılık Sos 300 G,a101
a101-16002154,0.0,,416.67,Ülker Kellogg's Çikolata Parçacıklı ve Fındıklı Granola 60 G,a101
a101-16002155,0.0,,416.67,Ülker Kellogg's Karışık Meyveli Granola 60 G,a101
a101-16002158,0.0,,712.12,Tadıbu Kakaolu Fındık Ezmesi 330 G,a101
a101-16002172,0.0,,184.29,Atatürk Orman Çiftliği Kakaolu Fındık Kreması 700 G,a101
a101-16002174,0.0,,299.0,Torku Tahin 1000 G,a101
a101-16002180,0.0,,116.67,"Torku Frema Sütlü Fındıklı Krema 1,5 Kg",a101
a101-16002186,0.0,,477.78,Kaanlar Gemlik Siyah Zeytin XL 450 G,a101
a101-16002194,0.0,,199.0,Tukaş Kalamata Usulü Kırma Yeşil Zeytin 4 XL 1000 G,a101
a101-16002195,0.0,,199.0,Tukaş Ayvalık Taş Kırma Yeşil Zeytin S-XS 1000 G,a101
a101-16002119,0.0,,222.37,Bolmix Vişne Reçel 380 G,a101
a101-16002252,0.0,,109.0,Lokman Çilek Reçeli 1 Kg,a101
a101-16002273,0.0,,345.65,Fora Izgara Yeşil Zeytin 230 G,a101
a101-16002278,0.0,,162.73,Metin Çifte Kavrulmuş Tahin 550 G,a101
a101-16002340,0.0,,149.0,Tukaş Kalamata Kırma Yeşil Zeytin 5XL-6XL 1 Kg ,a101
a101-16002342,0.0,,306.25,Marmarabirlik Çizik Yeşil Zeytin S-XS 800 G,a101
a101-16002345,0.0,,300.0,Hun Fıstıklı Helva 500 G,a101
a101-16002357,0.0,,217.19,Hünnap Keçiboynuzu Özü 640 G ,a101
a101-16002358,0.0,,199.0,Koska Tahin 1000 G,a101
a101-16002359,0.0,,2030.61,Bee'o Propolis On The Go Ham Bal 7x7 G ,a101
a101-16002360,0.0,,318.18,Burch Sütlü Çikolatalı Fındıklı Müsli 275 G,a101
a101-16002361,0.0,,252.73,Burch Kuru Meyveli & Yer Fıstıklı Müsli 275 G,a101
a101-16002362,0.0,,281.82,Burch Kuru Meyveli Çıtır Müsli 275 G,a101
a101-16002281,0.0,,325.0,Koska Sade Tahin Helvası 20 G,a101
a101-16002364,0.0,,383.33,Burch Antep Fıstıklı & Beyaz Çikolatalı Granola 300 G,a101
a101-16002365,0.0,,166.67,Kaanlar Akhisar Uslu Siyah Zeytin XS-2XS 900 G ,a101
a101-16002367,0.0,,341.79,Zühre Ana Karadut Özü 670 G,a101
a101-16002308,0.0,,227.14,Üstad %100 Yer Fıstığı Ezmesi 350 G,a101
a101-16002309,0.0,,227.14,Üstad Ballı Yer Fıstığı Ezmesi 350 G,a101
a101-16002310,0.0,,305.33,Marmarabirlik Kuru Sele Siyah Zeytin 4XS 750 G,a101
a101-16002371,0.0,,290.0,Koska Kakaolu Helva 500 G ,a101
a101-16002374,0.0,,583.33,Fellas Parçacıklı %100 Fıstık Ezmesi 300 G ,a101
a101-16002375,0.0,,231.67,Fellas Glutensiz İnce Öğütülmüş Jumbo Yulaf Ezmesi 300 G ,a101
a101-16002380,0.0,,790.0,Sarelle Kakaolu Fındık Kreması 50 G ,a101
a101-16002381,0.0,,198.57,Tatlan Kuru Üzümlü ve Fındıklı Ramazan Helvası 350 G ,a101
a101-16002384,0.0,,1595.0,Antebella Antep Fıstığı Kreması 200 G,a101
a101-16002363,0.0,,356.67,Burch Turna Yemişi & Bademli Granola 300 G,a101
a101-16002282,0.0,,250.0,Koska Sade Helva 40 G,a101
a101-16002284,0.0,,422.35,Binboğa Kooperatif Çiçek Balı 850 G,a101
a101-16002285,0.0,,277.78,Tukaş Siyah Zeytin S-XS 900 G,a101
a101-16002286,0.0,,277.78,Tukaş Kırma Yeşil Zeytin XL-L 900 G,a101
a101-16002291,0.0,,137.14,Burch İnce Öğütülmüş Yulaf Ezmesi 350 G,a101
a101-16002292,0.0,,96.0,Burch Yulaf Ezmesi 500 G,a101
a101-16002293,0.0,,149.38,Oskar Üzüm Pekmezi 800 G,a101
a101-16002301,0.0,,400.0,Cino Tüp Kakaolu Fındık Kreması 25 G,a101
a101-16002302,0.0,,422.35,Burmella Çiçek Balı 850 G,a101
a101-16002307,0.0,,83.0,Nut Master Kakaolu Fındık Kreması 3 Kg ,a101
a101-16002205,0.0,,198.57,Funny %100 Fıstık Ezmesi 350 G,a101
a101-16002209,0.0,,530.0,Beyoğlu Dubacco Dubai Kreması 300 G,a101
a101-16002332,0.0,,1036.0,Balparmak Çıtkapak Yayla Çiçek Balı 250 G ,a101
a101-16002311,0.0,,257.14,Marmarabirlik Doğal Yağlı Salamura Siyah Zeytin 700 G 3XS-4XS,a101
a101-16002312,0.0,,135.16,Hello Bio Çikolata Dolgulu Tahıl Gevreği 310 G,a101
a101-16002314,0.0,,437.5,Cino Kakaolu Fındık Kreması Tüp 40 G,a101
a101-16002315,0.0,,442.86,Çokokrem Fındık Ezmesi 350 G,a101
a101-16002317,0.0,,224.38,Marmarabirlik Doğal Yağlı Salamura Siyah Zeytin 3XS-4XS 800 G,a101
a101-16002318,0.0,,816.67,Ülker Fındık Rüyası Kakaolu Fındıklı Krema Tüp 30 G,a101
a101-16002323,0.0,,568.57,Üstad Kakaolu Fındık Kreması 350 G,a101
a101-16002324,0.0,,642.86,Üstad Sütlü Fındık Kreması 350 G,a101
a101-16002325,0.0,,1190.48,Züber %100 Fıstık Ezmesi 315 G,a101
a101-16002326,0.0,,1266.67,Züber Peanutzilla Kakaolu Fıstık Kreması 315 G,a101
a101-16002327,0.0,,437.5,Bee'O Yüksek Yayla Ham Çiçek Balı 400 G ,a101
a101-16002329,0.0,,555.71,Sarelle Süper 2'li Kakaolu Fındık Ezmesi 350 G & Duo Sütlü Kakaolu Fındık Kreması 350 G,a101
a101-16002211,0.0,,199.0,Marmarabirlik Vakumlu Siyah Zeytin 3XS 500 G,a101
a101-14001934,0.0,,52.0,Berona Kalem Kesme Makarna 500 G,a101
a101-14001935,0.0,,34.0,Bendo Tel Şehriye Makarna 500 G,a101
a101-14001936,0.0,,34.0,Bendo Fiyonk Makarna 500 G,a101
a101-14001937,0.0,,34.0,Bendo Burgu Makarna 500 G,a101
a101-14001895,0.0,,49.75,Petek Toz Şeker 2000 G,a101
a101-14001902,0.0,,87.0,Ovadan Baldo Pirinç 1 Kg,a101
a101-14001903,0.0,,79.6,"Ovadan Baldo Pirinç 2,5 Kg",a101
a101-14001954,0.0,,43.0,Oba Boncuk Makarna 500 G,a101
a101-14001956,0.0,,31.0,Oba Fiyonk Makarna 500 G,a101
a101-14001959,0.0,,49.0,Balküpü Toz Şeker 5 Kg,a101
a101-14001961,0.0,,43.8,Türkşeker Toz Şeker 5 Kg,a101
a101-15001595,0.0,,550.0,Perfect Delights Kuru Cennet Hurması 100 G ,a101
a101-14001972,0.0,,49.0,Borşeker Toz Şeker 5 Kg,a101
a101-14001980,0.0,,28.9,Çiftçi Kırmızı Mercimek 1 Kg,a101
a101-14002013,0.0,,59.5,Yayla Kırmızı Mercimek 1 Kg,a101
a101-14002014,0.0,,79.5,Yayla Yeşil Mercimek 1 Kg,a101
a101-14002015,0.0,,37.5,Yayla Pilavlık Bulgur 1 Kg,a101
a101-14002016,0.0,,39.9,Yayla Koçbaşı Nohut 1 Kg,a101
a101-14002025,0.0,,89.5,Yöremce Yerli Kırmızı Mercimek 1000 G,a101
a101-14002029,0.0,,111.25,Yayla Baldo Pirinç 2 KG,a101
a101-14001920,0.0,,99.0,Yöremce İri Kuru Fasulye 1 Kg,a101
a101-14001921,0.0,,49.5,Yöremce Toptane Kırmızı Mercimek 1000 G,a101
a101-14001922,0.0,,62.5,Yöremce Yerli Koçbaşı Nohut 1 Kg,a101
a101-14002038,0.0,,57.5,Balküpü Toz Şeker 1 Kg,a101
a101-14001965,0.0,,39.5,Mutlu Penne Makarna 500 G ,a101
a101-14001540,0.0,,73.0,Nuh'un Ankara Spagetti Makarnası 500 G,a101
a101-14001904,0.0,,78.5,Ovadan Osmancık Pirinç 1 Kg,a101
a101-14001905,0.0,,71.6,"Ovadan Osmancık Pirinç 2,5 Kg",a101
a101-14001906,0.0,,41.0,Yöremce Aşurelik Buğday 1000 G,a101
a101-14001908,0.0,,38.0,Yöremce Pilavlık Bulgur 1 Kg,a101
a101-14001909,0.0,,39.75,Yöremce Esmer Köftelik Bulgur 1000 G,a101
a101-14001910,0.0,,47.5,Yöremce Pilavlık Tam Tane Bulgur 1 Kg,a101
a101-14001911,0.0,,41.4,"Yöremce İri Pilavlık Bulgur 2,5 Kg",a101
a101-14001912,0.0,,89.5,Ovadan İri Gönen Baldo Pirinç 1 Kg ,a101
a101-14001914,0.0,,57.5,Ovadan İthal Pilavlık Pirinç 1000 G,a101
a101-14001915,0.0,,32.5,Ovadan Kırık Pirinç 1000 G,a101
a101-14001916,0.0,,49.8,Ovadan Pilavlık İthal Pirinç 5000 G,a101
a101-14001933,0.0,,34.0,Bendo İnce Uzun Makarna 500 G,a101
a101-14001919,0.0,,89.0,Yöremce Yerli Dermason Fasulye 1000 G,a101
a101-14001699,0.0,,54.0,Ovadan İthal Pilavlık Pirinç 2500 G,a101
a101-14001705,0.0,,55.0,Doğuş Toz Şeker 3 Kg,a101
a101-14001717,0.0,,55.0,Ovadan Yerli Pilavlık Pirinç 5 Kg,a101
a101-14001923,0.0,,99.0,Yöremce Beyaz Nohut 1 Kg,a101
a101-14001924,0.0,,53.8,"Yöremce Yaprak Kırmızı Mercimek 2,5 Kg",a101
a101-14001925,0.0,,75.0,Ovadan Yasemin Pirinç 1000 G,a101
a101-14001927,0.0,,59.0,Yöremce Mısır 500 G,a101
a101-14001928,0.0,,67.5,Yöremce Yeşil Mercimek 1 Kg,a101
a101-14001929,0.0,,52.0,Berona Spagetti Makarna 500 G,a101
a101-14001931,0.0,,52.0,Berona Burgu Makarna 500 G,a101
a101-14001932,0.0,,34.0,Bendo Boncuk Makarna 500 G,a101
a101-14001918,0.0,,38.0,Yöremce Köftelik Bulgur 1 Kg,a101
a101-14002233,0.0,,115.83,Indo Mie Jumbo Tavuklu Noodle 5x120 G,a101
a101-14002030,0.0,,85.0,Yayla Basmati Pirinç 1000 G,a101
a101-14002032,0.0,,57.5,Borşeker Toz Şeker 1 Kg,a101
a101-14002033,0.0,,64.5,Borşeker Küp Şeker 1000 G,a101
a101-14002292,0.0,,105.0,Ovadan Basmati Pirinç 1000 G,a101
a101-14002301,0.0,,37.8,"Akasya Pilavlık Pirinç 2,5 Kg",a101
a101-14002305,0.0,,164.75,Hasata Gönen Baldo Pirinç 2 Kg,a101
a101-14002307,0.0,,79.5,Hasata Derinkuyu Dermason Kuru Fasulye 1000 G,a101
a101-14002323,0.0,,219.0,Pastavilla Lazanya 500 G ,a101
a101-14002325,0.0,,211.25,Pastavilla Tagliatelle 400 G,a101
a101-14002336,0.0,,59.9,Tat Uzun Tane Pirinç 1000 G,a101
a101-14002040,0.0,,331.25,Indomie Gurme Soya Soslu Noodle 80 G,a101
a101-14002368,0.0,,119.0,Yayla Gurme Keten Tohumu 500 G,a101
a101-14002370,0.0,,139.5,Reis Gönen Baldo Pirinç 1 Kg,a101
a101-14002372,0.0,,69.95,Reis Pilavlık Bulgur 1 Kg,a101
a101-14002391,0.0,,180.0,Bendo Dana Etli Bohça Mantı 350 G,a101
a101-14002404,0.0,,1992.86,Indo Mie Tavuklu Noodle 10x70 G,a101
a101-14002149,0.0,,216.22,Dudomi Tavuklu Noodle 5x70 G ,a101
a101-14002150,0.0,,59.0,"Ovadan Yerli Pilavlık Pirinç 2,5 Kg",a101
a101-14002152,0.0,,42.5,Tatküpü Toz Şeker 1000 G,a101
a101-14002431,0.0,,73.0,Nuh'un Ankara İnce Uzun Makarna 500 G,a101
a101-14002435,0.0,,52.0,Berona Çarliston Makarna 500 G,a101
a101-14002436,0.0,,52.0,Berona Dirsek Makarna 500 G,a101
a101-14002440,0.0,,52.0,Berona Mantı Makarna 500 G,a101
a101-14002364,0.0,,97.0,Yayla Gurme Maş Fasulyesi 500 G,a101
a101-14002042,0.0,,331.25,Indomie Gurme Acı Baharatlı Noodle 80 G,a101
a101-14002089,0.0,,242.86,Indomie Tavuklu Noodle 5x70 G,a101
a101-14002092,0.0,,226.67,Indomie Körili Noodle 5x75 G,a101
a101-14002095,0.0,,64.5,Irmak Küp Şeker 1 Kg,a101
a101-14002101,0.0,,40.5,Tatküpü Küp Şeker 1000 G,a101
a101-14002117,0.0,,70.0,Duru Köftelik Bulgur 1 Kg,a101
a101-14002118,0.0,,70.0,Duru Pilavlık Bulgur 1 Kg,a101
a101-14002130,0.0,,57.0,Türkşeker Toz Şeker 1 Kg,a101
a101-14002131,0.0,,48.33,Türkşeker Toz Şeker 3 Kg,a101
a101-14002141,0.0,,141.43,Bendo Dana Etli Üçgen Mantı 350 G,a101
a101-14002148,0.0,,228.57,Dudomi Körili Noodle 5x70 G,a101
a101-14001938,0.0,,34.0,Bendo Spagetti 500 G,a101
a101-14002232,0.0,,115.83,Indo Mie Jumbo Körili Noodle 5x120 G,a101
a101-14001949,0.0,,59.5,Tat Kırmızı Mercimek 1 Kg,a101
a101-14002154,0.0,,57.5,Irmak Toz Şeker 1 Kg,a101
a101-14002157,0.0,,50.0,Veronelli Spagetti Makarna 500 G,a101
a101-14002158,0.0,,50.0,Veronelli Burgu Makarna 500 G,a101
a101-14002159,0.0,,50.0,Veronelli Kalem Makarna 500 G,a101
a101-14002168,0.0,,59.8,Ovadan Yerli Trakya Pilavlık Pirinç 2500 G,a101
a101-14002177,0.0,,109.5,Tat Basmati Pirinç 1000 G,a101
a101-14002182,0.0,,52.0,Berona Kalın Kesme Makarna 500 G,a101
a101-14002184,0.0,,39.5,Oba İri Kalem Kesme Makarna 500 G,a101
a101-14002185,0.0,,208.33,Indomie Jumbo Körili Noodle Paket 120 G,a101
a101-14002199,0.0,,59.5,Tat Cin Mısır 1 Kg,a101
a101-14002231,0.0,,64.5,Ovadan Yerli Pilavlık Pirinç 1 Kg,a101
a101-14001939,0.0,,34.0,Bendo Arpa Şehriye 500 G,a101
a101-14000232,0.0,,50.0,Söke Geleneksel Un 1 Kg,a101
a101-14000263,0.0,,64.5,Bal Küpü Küp Şeker 1 Kg,a101
a101-14000268,0.0,,55.0,Nar Toz Şeker 3 Kg,a101
a101-14000309,0.0,,85.0,Tat Koçbaşı Nohut 1 Kg,a101
a101-14000314,0.0,,57.0,Bendo Yumurtalı Erişte 500 G,a101
a101-14000331,0.0,,49.75,Söke Buğday Unu 2 Kg,a101
a101-14000344,0.0,,666.67,Indomie Tavuk Aromalı Bardak Noodle 60 G,a101
a101-14000345,0.0,,666.67,Indomie Köri Aromalı Bardak Noodle 60 G,a101
a101-14000347,0.0,,666.67,Indomie Sebzeli Bardak Noodle 60 G,a101
a101-14000348,0.0,,666.67,Indomie Dana Eti Aromalı Bardak Noodle 60 G,a101
a101-14000356,0.0,,282.14,Indo Mie Tavuklu Paket Noodle 70 G,a101
a101-14001537,0.0,,39.5,Oba Arpa Şehriye 500 G ,a101
a101-13003415,0.0,,73.96,Avşar Maden Suyu Karadut Frenk Üzümü 6x200 ml ,a101
a101-13003416,0.0,,70.83,Cappy Şeftali Meyve Nektarı 6x200 ml ,a101
a101-14000370,0.0,,73.0,Nuh'un Ankara Fiyonk Makarnası 500 G,a101
a101-14000404,0.0,,49.0,Tat Cin Mısır 500 G ,a101
a101-14000405,0.0,,62.0,Petek Küp Şeker 1000 G,a101
a101-14000449,0.0,,64.5,Doğuş Küp Şeker 1 KG,a101
a101-14000471,0.0,,73.0,Filiz Burgu Makarna 500 G,a101
a101-14000473,0.0,,73.0,Filiz Spagetti Makarna 500 G,a101
a101-14000475,0.0,,73.0,Filiz Mantı Makarna 500 G,a101
a101-14000477,0.0,,73.0,Filiz Boncuk Makarna 500 G,a101
a101-14000501,0.0,,117.0,Sinangil Glutensiz Un 500 G,a101
a101-14000502,0.0,,131.0,Barilla Spagetti Makarna 500 G,a101
a101-13003414,0.0,,73.96,Avşar Maden Suyu Mango Ananas 6x200 ml ,a101
a101-13003405,0.0,,65.0,Pin Buzlu Çay Vitaminli Şeftali 1 L ,a101
a101-13003406,0.0,,88.89,Yedigün Gazlı İçecek Portakal 450 ml ,a101
a101-13003407,0.0,,88.89,Pepsi Gazlı İçecek Kola 450 ml ,a101
a101-13003408,0.0,,169.54,Nontoxx Gazlı İçecek Elma 250 ml ,a101
a101-13003413,0.0,,73.96,Avşar Maden Suyu Yeşil Elma 6x200 ml ,a101
a101-13003345,0.0,,70.0,Torku Buzlu Çay Limon 1 L ,a101
a101-13003347,0.0,,15.8,Torku Detox Elma Aromalı İçecek 250 ml ,a101
a101-13003349,0.0,,158.0,Torku Detox Üzüm Aromalı İçecek 250 ml ,a101
a101-13003417,0.0,,198.57,Oxbox Aromalı İçecek Orman Meyveli Patlayan Şeker 350 ml ,a101
a101-13003439,0.0,,73.96,Avşar Maden Suyu Cool Lime 6x200 ml ,a101
a101-13003440,0.0,,73.96,Avşar Maden Suyu Kivi Limon 6x200 ml ,a101
a101-14000025,0.0,,94.05,Nimet Lavaş 12'li 840 G,a101
a101-14000210,0.0,,55.0,Irmak Toz Şeker 3 Kg,a101
a101-14000041,0.0,,80.0,Ekmek 200 G,a101
a101-14000048,0.0,,158.33,Nimet Üçgen Yufka 360 G,a101
a101-14000049,0.0,,118.84,Nimet Yufka 500 G,a101
a101-14000065,0.0,,438.0,Pagani Tortellini Makarna 250 G,a101
a101-14000066,0.0,,279.0,Rummo Spaghetti Makarna 500 G ,a101
a101-14000067,0.0,,279.0,Rummo Penne Makarna 500 G ,a101
a101-14000091,0.0,,70.2,Taş Fırın Ekmeği Adet,a101
a101-14000137,0.0,,39.5,Mutlu Burgu Makarna 500 G ,a101
a101-13003377,0.0,,358.0,Loco Meyveli İçecek Kuzu Kulağı Lime 250 ml ,a101
a101-13003382,0.0,,87.5,Dimes %100 Elma Meyve Suyu 200 ml ,a101
a101-13003383,0.0,,140.0,Altınkılıç Gazlı İçecek Reyhan 250 ml ,a101
a101-14000196,0.0,,31.0,Oba Tel Şehriye 500 G ,a101
a101-14000035,0.0,,35.5,Yöremce Esmer Köftelik Bulgur 1000 G,a101
a101-14001614,0.0,,39.8,"Torku Çatalhöyük Pilavlık Bulgur 2,5 Kg",a101
a101-14001616,0.0,,39.8,"Torku Çatalhöyük Köftelik Bulgur 2,5 Kg",a101
a101-14001653,0.0,,49.0,Doğuş Toz Şeker 5 Kg,a101
a101-14001662,0.0,,49.5,Çiftçi Yeşil Mercimek 1 Kg,a101
a101-14001676,0.0,,47.5,Torku Çatalhöyük Pilavlık Bulgur 1000 G,a101
a101-14001680,0.0,,43.0,Oba Makarna Kuskus 500 G,a101
a101-14001681,0.0,,43.0,Oba Çarliston Makarna 500 G,a101
a101-14001690,0.0,,145.0,Nar Küp Esmer Şeker 500 G ,a101
a101-14001211,0.0,,104.65,Nimet Yufka 1000 G,a101
a101-14001247,0.0,,46.5,Torku Toz Şeker 3000 G,a101
a101-14001252,0.0,,43.75,İnci Mısır Unu 400 G,a101
a101-14001720,0.0,,52.5,Petek Küp Şeker 1000 G,a101
a101-14000512,0.0,,131.0,Barilla Kalem Makarna 500 G,a101
a101-14001723,0.0,,57.5,Doğuş Toz Şeker 1 Kg,a101
a101-14001786,0.0,,52.5,Petek Küp Şeker 1000 G,a101
a101-14001809,0.0,,85.0,Yayla Yerli Osmancık Pirinç 1 Kg ,a101
a101-14001823,0.0,,206.67,Berona Körili Noodle 75 G,a101
a101-14001825,0.0,,206.67,Berona Tavuklu Noodle Paket 75 G,a101
a101-14001840,0.0,,286.41,Banetti Mac & Cheese 206 G,a101
a101-14001848,0.0,,67.8,Ovadan Osmancık Pirinç 5 Kg,a101
a101-14001850,0.0,,31.8,Köy Sofrası İthal Pilavlık Pirinç 5000 G,a101
a101-14001858,0.0,,124.75,Yayla Tane Tane Pirinç 2 Kg,a101
a101-14001868,0.0,,57.0,Bendo Çorum Mantı 500 G,a101
a101-14001883,0.0,,73.8,Ovadan Baldo Pirinç 5 Kg,a101
a101-14001536,0.0,,31.0,Oba Spagetti Makarna 500 G,a101
a101-14001721,0.0,,43.8,Petek Toz Şeker 5000 G,a101
a101-14000548,0.0,,121.43,Nimet Su Böreklik Yufka 700 G,a101
a101-14001132,0.0,,55.0,Balküpü Toz Şeker 3 Kg,a101
a101-14000138,0.0,,121.88,Nimet Baklavalık Yufka 800 G,a101
a101-14000141,0.0,,49.75,Sinangil Buğday Unu 2 Kg,a101
a101-14000148,0.0,,39.5,Mutlu Yüksük Makarna 500 G ,a101
a101-14001301,0.0,,43.0,Torku Toz Şeker 5000 G,a101
a101-14001311,0.0,,295.0,Kaşıkla Dana Etli Kayseri Mantı 500 G,a101
a101-14001340,0.0,,110.0,Filiz Yumurtalı Bukle Makarna 350 G ,a101
a101-14001402,0.0,,49.0,Irmak Toz Şeker 5 Kg,a101
a101-14001406,0.0,,36.0,Tatküpü Toz Şeker 5000 G,a101
a101-14001414,0.0,,67.5,Kemal Öz Çorum Mantısı 1 Kg,a101
a101-14001446,0.0,,57.5,Nar Toz Şeker 1 Kg,a101
a101-14001547,0.0,,52.5,Torku Toz Şeker 1000 G ,a101
a101-14001481,0.0,,49.0,Nar Toz Şeker 5 Kg,a101
a101-14001485,0.0,,64.5,Nar Küp Şeker 1 Kg,a101
a101-14001533,0.0,,39.5,Oba İnce Kesme Makarna 500 G,a101
a101-14001534,0.0,,39.5,Oba Burgu Makarna 500 G,a101
a101-14001535,0.0,,39.5,Oba Yüksük Makarna 500 G,a101
a101-14000357,0.0,,263.33,Indo Mie Körili Paket Noodle 75 G,a101
a101-14000359,0.0,,263.33,Indo Mie Sebzeli Paket Noodle 75 G,a101
a101-14000360,0.0,,263.33,Indo Mie Spesiyal Paket Noodle 75 G,a101
a101-14001541,0.0,,73.0,Nuh'un Ankara Burgu Makarnası 500 G,a101
a101-14001542,0.0,,73.0,Nuh'un Ankara Yüksük Makarnası 500 G,a101
a101-14001543,0.0,,73.0,Nuh'un Ankara Arpa Şehriye 500 G,a101
a101-14001545,0.0,,64.5,Torku Küp Şeker 1000 G,a101
a101-14001450,0.0,,191.43,Bendo Dana Etli Mantı Kayseri 350 G,a101
a101-15000130,0.0,,196.67,Çerezya Susamlı Fıstık 150 G,a101
a101-15000145,0.0,,463.33,Altıntop Kabak Çekirdeği 150 G ,a101
a101-15000224,0.0,,975.0,Çerezya Premium Karışık Kuruyemiş 200 G,a101
a101-15000242,0.0,,405.0,Çerezya Kuruyemiş Kabak Çekirdeği 200 G,a101
a101-15000259,0.0,,750.0,Çerezya Festival 180 G,a101
a101-15000260,0.0,,608.33,Çerezya Kokteyl 180 G,a101
a101-15000264,0.0,,608.33,Çerezya Klasik 180 G,a101
a101-14002625,0.0,,79.0,Kemal Öz Yumurtalı Erişte 500 G,a101
a101-14002626,0.0,,238.0,Yayla Kinoalı Sebzeli Bakliyat Makarnası Kırmızı Mercimek Fusilli 250 G,a101
a101-14002627,0.0,,85.0,Yayla Vitamince Zenginleştirilmiş Baldo Pirinç 1 Kg,a101
a101-15000313,0.0,,199.0,Çerezya Kuru Meyve Üzüm 500 G,a101
a101-14002447,0.0,,39.5,Hasata Köy Sofrası Pilavlık Bulgur 1000 G,a101
a101-15000324,0.0,,993.33,Çerezya Kuruyemiş Fındık İçi 150 G,a101
a101-15000341,0.0,,173.33,Çerezya Kuruyemiş Soslu Mısır 150 G,a101
a101-15000501,0.0,,726.67,Çerezya Kuruyemiş Ceviz İçi 150 G,a101
a101-15000541,0.0,,995.0,Gürsoy Kıyılmış İç Fındık 100 G,a101
a101-15000691,0.0,,197.5,Çerezya Kuruyemiş Soslu Cips Fıstık 200 G,a101
a101-15000701,0.0,,176.47,Thraki Ay Çekirdeği 80 G,a101
a101-15000727,0.0,,233.33,Çerezya İşlenmiş Yer Fıstığı 150 G,a101
a101-15000790,0.0,,205.0,Çerezya Kuruyemiş İç Ay Çekirdeği 100 G,a101
a101-15000795,0.0,,137.5,Çerezya Kavrulmuş Ay Çekirdeği 400 G,a101
a101-15000841,0.0,,833.33,Çerezya Kuruyemiş Çiğ Fındık 150 G,a101
a101-15000883,0.0,,86.33,Çerezya Kuruyemiş Kara Tombul Ay Çekirdeği 150 G,a101
a101-14002671,0.0,,123.75,Yayla Burgu Makarna 400 G ,a101
a101-15000314,0.0,,265.0,Çerezya Kuruyemiş Tuzlu Fıstık 200 G,a101
a101-14002622,0.0,,70.0,Duru Esmer Çiğ Köftelik Bulgur 1 Kg,a101
a101-14002577,0.0,,147.8,"Yayla Trakya Baldo Pirinç 2,5 Kg",a101
a101-14002578,0.0,,87.5,Yayla Uzun Tane Pilavlık Pirinç 2 Kg,a101
a101-14002579,0.0,,327.83,Knorr Ranch Mac & Cheese 212 G ,a101
a101-14002628,0.0,,238.0,Yayla Kinoalı Sebzeli Bakliyat Makarnası Nohut Penne 250 G,a101
a101-14002629,0.0,,69.5,Tat Yeşil Mercimek 1 Kg,a101
a101-14002630,0.0,,69.5,Tat Kırmızı Mercimek 1 Kg,a101
a101-14002631,0.0,,85.0,Tat Koçbaşı Nohut 1 Kg,a101
a101-14002638,0.0,,73.0,Nuh'un Ankara Dirsek Makarna 500 G,a101
a101-14002640,0.0,,73.0,Nuh'un Ankara Ufo Makarna 500 G,a101
a101-14002641,0.0,,181.8,"Reis Gönen Baldo Pirinç 2,5 Kg",a101
a101-14002649,0.0,,145.0,Nar Toz Esmer Şeker 500 G ,a101
a101-15000103,0.0,,1111.11,Tadım Festival Karışık Kuruyemiş 180 G,a101
a101-14002660,0.0,,319.0,Hasata Kelkit Şeker Fasulye 500 G ,a101
a101-14002661,0.0,,111.88,Tat Börülce 800 G ,a101
a101-14002662,0.0,,118.75,Tat Barbunya 800 G ,a101
a101-14002669,0.0,,59.8,Nuh'un Ankara Makarna 5000 G ,a101
a101-14002598,0.0,,273.33,Banetti Premium Taco Çeşnili Noodle 75 G,a101
a101-14002599,0.0,,273.33,Banetti Premium Kajun Çeşnili Noodle 75 G,a101
a101-14002600,0.0,,273.33,Banetti Premium Sriracha Çeşnili Noodle 75 G,a101
a101-15000038,0.0,,1316.67,Çerezya Kuruyemiş Antep Fıstığı 300 G,a101
a101-15000040,0.0,,196.67,Çerezya Mezafeti Hurma 250 G,a101
a101-15000041,0.0,,463.33,Çerezya Kudüs Hurması 300 G,a101
a101-15000082,0.0,,250.0,Çerezya Sukkari Yaş Hurma 500 G,a101
a101-15000093,0.0,,212.0,Çerezya Tuzsuz Dakota Ay Çekirdeği 250 G,a101
a101-14002654,0.0,,59.8,Nuh'un Ankara Makarna Burgu 5000 G ,a101
a101-15001313,0.0,,125.0,Çerezya Kuruyemiş Tuzlu Fıstık 1000 G,a101
a101-15001318,0.0,,116.67,Çerezya Pop Fıstık 150 G,a101
a101-15001335,0.0,,263.33,Çerezya Çıtır Leblebi 150 G,a101
a101-15001353,0.0,,450.0,Çerezya Kuru Meyve Dut 100 G,a101
a101-15000902,0.0,,833.33,Çerezya Tuzlu Fındık Kuruyemiş 150 G,a101
a101-15000916,0.0,,516.0,Çerezya Medine Hurma 250 G,a101
a101-15000998,0.0,,260.0,Çerezya Kuruyemiş Beyaz Leblebi 200 G,a101
a101-15001525,0.0,,820.0,Çerezya Siirt Fıstığı 250 G,a101
a101-15001534,0.0,,1196.0,Çerezya Kavrulmuş Antep Fıstığı 250 G,a101
a101-15001535,0.0,,396.0,Çerezya Kuruyemiş Çiğ Badem 250 G,a101
a101-15001538,0.0,,636.0,Çerezya Kaju 250 G,a101
a101-15001541,0.0,,540.0,Çerezya Çiğ Kokteyl Kuruyemiş 250 G,a101
a101-14002676,0.0,,406.25,Dudomi Noodle Acılı Tavuk Çeşnili 80 G ,a101
a101-15001559,0.0,,112.5,Çerezya Yerli Tuzlu Dakota Çekirdeği 1000 G,a101
a101-15001560,0.0,,113.5,Çerezya Tuzsuz Dakota Çekirdeği 1000 G,a101
a101-15001565,0.0,,895.0,Perfect Delight Infuze Çilek 100 G ,a101
a101-15001569,0.0,,197.5,Çerezya Tuzlu Dakota Ay Çekirdeği 400 G,a101
a101-15001570,0.0,,197.5,Çerezya Tuzsuz Dakota Ay Çekirdeği 400 G,a101
a101-15001575,0.0,,260.0,Çerezya Kuru Meyve Erik 150 G,a101
a101-15001580,0.0,,147.5,Master Nut Mısır Kavurgası 200 G,a101
a101-15001168,0.0,,700.0,Çerezya Kaju 150 G,a101
a101-15001169,0.0,,1046.67,Çerezya Kuruyemiş Spesiyal Kokteyl 150 G,a101
a101-15001171,0.0,,260.0,Çerezya Kavrulmuş Sarı Leblebi 200 G,a101
a101-15001590,0.0,,150.0,Altıntop Nacho Aromalı Soslu Mısır 300 G,a101
a101-15001591,0.0,,295.0,Kırlıoğlu Kuru Meyve İncir 200 G,a101
a101-15001543,0.0,,600.0,Çerezya Premium Kuruyemiş Karışık 250 G,a101
a101-15000033,0.0,,833.33,Çerezya Kuruyemiş Çiğ Fındık 150 G,a101
a101-15001010,0.0,,707.69,Çerezya Kuruyemiş Soslu Kaju 130 G,a101
a101-15001040,0.0,,220.0,Çerezya Leblebi Şekeri 75 G ,a101
a101-15001120,0.0,,137.5,Çerezya Kuruyemiş Yerli Tuzlu Dakota Ay Çekirdeği 400 G,a101
a101-15001127,0.0,,397.5,Dovido Kuru Meyve Kesme Mix 200 G ,a101
a101-15001155,0.0,,1300.0,Çerezya Kuruyemiş Kavrulmuş Antep Fıstığı 150 G,a101
a101-15001156,0.0,,212.0,Çerezya Tuzlu Dakota Ay Çekirdeği 250 G,a101
a101-15001158,0.0,,225.0,Çerezya Premium Ay Çekirdeği 200 G,a101
a101-15001160,0.0,,140.0,Çerezya Tuzlu Ay Çekirdeği 250 G,a101
a101-15001161,0.0,,140.0,Çerezya Bol Tuzlu Ay Çekirdeği 250 G,a101
a101-15001162,0.0,,726.67,Çerezya Kavrulmuş Badem İçi 150 G,a101
a101-15001164,0.0,,675.0,Çerezya Çiğ Kokteyl 180 G,a101
a101-15001292,0.0,,860.0,Çerezya Kuruyemiş Soyulmuş Badem 150 G,a101
a101-15001167,0.0,,417.5,Çerezya Tuzlu Karışık 200 G,a101
a101-15000273,0.0,,250.0,Çerezya Karışık Kuruyemiş 250 G,a101
a101-15000282,0.0,,625.0,Malatya Pazarı Karışık Kuru Meyve & Kuru Yemiş 40 G,a101
a101-15000307,0.0,,300.0,Çerezya Çikolata Kaplamalı Leblebi 75 G,a101
a101-15001173,0.0,,225.0,Çerezya Tuzlu Premium Ay Çekirdeği 200 G,a101
a101-15001192,0.0,,137.5,Çerezya Yerli Bol Tuzlu Dakota Ay Çekirdeği 400 G,a101
a101-15001211,0.0,,500.0,Çerezya Susamlı Fındık 150 G,a101
a101-15001224,0.0,,570.0,Çerezya Kırık Ceviz 250 G,a101
a101-15001241,0.0,,263.33,Çerezya Tuzlu Leblebi 150 G,a101
a101-15001247,0.0,,149.75,Çerezya Kuruyemiş Tuzlu Fıstık 400 G,a101
a101-15001248,0.0,,726.67,Çerezya Çiğ Badem 150 G,a101
a101-15001290,0.0,,636.0,Çerezya Kuruyemiş Antep Fıstığı 250 G,a101
a101-15001165,0.0,,156.0,Çerezya Kabuklu Fıstık 500 G,a101
a101-14002423,0.0,,119.0,Berona Tagliatelle Makarna 500 G ,a101
a101-14002509,0.0,,29.5,Doyum Tam Tane Pilavlık Bulgur 1000 G,a101
a101-14002510,0.0,,29.5,Doyum Midyat Pilavlık Bulgur 1000 G,a101
a101-14002511,0.0,,29.5,Doyum Şehriyeli Pilavlık Bulgur 1000 G,a101
a101-14002516,0.0,,66.0,Yayla Baldo Pirinç 5000 G,a101
a101-14002517,0.0,,45.0,Arbella Spagetti Makarna 500 G ,a101
a101-14002518,0.0,,45.0,Arbella Burgu Makarna 500 G ,a101
a101-14002519,0.0,,45.0,Arbella Kalem Kesme Makarna 500 G ,a101
a101-14002521,0.0,,131.0,Barilla Burgu Makarna 500 G,a101
a101-14002523,0.0,,327.38,Nissin Yakisoba Chili Sos Noodle 84 G,a101
a101-14002525,0.0,,132.5,Hasata Basmati Pirinç 1000 G,a101
a101-14002621,0.0,,70.0,Duru Sefer Kitel Bulgur 1 Kg,a101
a101-14002530,0.0,,59.0,Makaroma Farfalle Makarna 500 G ,a101
a101-14002531,0.0,,59.0,Makaroma Linguine Makarna 500 G ,a101
a101-14002463,0.0,,553.57,Naturfoods Chia Tohumu 140 G,a101
a101-14002464,0.0,,396.67,Naturfoods Kinoa 150 G,a101
a101-14002465,0.0,,553.57,Naturfoods Keten Tohumu 140 G,a101
a101-14002536,0.0,,73.0,Filiz İnce Uzun Makarna 500 G,a101
a101-14002538,0.0,,190.0,Ziyafe Kayseri Mutfağı Mantısı 500 G ,a101
a101-14002542,0.0,,52.0,Berona Deniz Kabuğu Makarna 500 G,a101
a101-14002543,0.0,,52.0,Berona Mini Midye Makarna 500 G,a101
a101-14002544,0.0,,198.75,Ziyafe Patatesli Hingel Mantı 400 G ,a101
a101-14002546,0.0,,170.0,Ziyafe Ispanaklı Mantı 350 G ,a101
a101-14002548,0.0,,73.0,Filiz Fiyonk Makarna 500 G,a101
a101-14002527,0.0,,286.41,Banetti Mac&Cheese 206 G ,a101
a101-14002448,0.0,,338.0,Yayla Gurme Chia Tohumu 250 G,a101
a101-14002449,0.0,,364.58,Knorr Alfredo Çabuk Makarna 48 G,a101
a101-14002451,0.0,,364.58,Knorr Arabiata Çabuk Makarna 48 G,a101
a101-14002452,0.0,,364.58,Knorr Kajun Tavuk Çabuk Makarna 48 G,a101
a101-14002457,0.0,,331.33,Nissin Japon Soslu Yakisoba Noodle 83 G,a101
a101-14002458,0.0,,55.0,Borşeker Toz Şeker 3 Kg,a101
a101-14002461,0.0,,65.0,Öncü Gönen Baldo Pirinç 1000 G,a101
a101-14002462,0.0,,238.0,Yayla Gurme Beyaz Kinoa 250 G,a101
a101-14002269,0.0,,39.5,Tat Aşurelik Buğday 1000 G,a101
a101-14002285,0.0,,558.33,Berona Tavuklu Bardak Noodle 65 G,a101
a101-14002286,0.0,,558.33,Berona Körili Bardak Noodle 65 G,a101
a101-14002468,0.0,,69.5,Hasata Kırşehir Koçbaşı Nohut 1000 G,a101
a101-14002410,0.0,,389.15,Knorr Mac & Cheese Çabuk Makarna 212 G,a101
a101-14002470,0.0,,93.0,Pastavilla Yüksük Makarna 500 G,a101
a101-14002475,0.0,,75.0,Tat Organik Mısır Cin 500 G,a101
a101-14002480,0.0,,99.8,"Öncü Gönen Baldo Pirinç 2,5 Kg",a101
a101-14002481,0.0,,124.0,Hasata Baldo Pirinç 1000 G,a101
a101-14002484,0.0,,121.21,Knorr Körili Noodle Paket 5x66 G,a101
a101-14002485,0.0,,692.31,Knorr Trüflü Penne Çabuk Makarna 65 G,a101
a101-14002486,0.0,,692.31,Knorr Pesto Fusili Çabuk Makarna 65 G ,a101
a101-14002502,0.0,,49.8,Doyum Trakya Pilavlık Pirinç 5 Kg,a101
a101-14002503,0.0,,27.0,Doyum Pilavlık Bulgur 2000 G,a101
a101-14002504,0.0,,57.5,Armada Anadolu Fasulye 1000 G,a101
a101-14002505,0.0,,44.5,Armada Anadolu Koçbaşı Nohut 1000 G,a101
a101-14002405,0.0,,186.0,Indo Mie Körili Noodle 10x75 G,a101
a101-14002469,0.0,,47.5,Torku Çatalhöyük Köftelik Bulgur 1000 G,a101
a101-14002582,0.0,,109.5,Tat Baldo Pirinç 1 Kg,a101
a101-14002583,0.0,,127.22,Mahmood Basmati Pirinç 900 G ,a101
a101-14002585,0.0,,541.43,Üstad Dana Etli Bohça Mantı 350 G ,a101
a101-14002587,0.0,,239.0,Granoro Lazanya Makarna 500 G ,a101
a101-14002588,0.0,,239.0,Granoro Tagliatelle Makarna 500 G ,a101
a101-14002589,0.0,,79.1,Tat Baldo Pirinç 5 Kg,a101
a101-14002590,0.0,,49.5,Çiftçi Kırmızı Yaprak Mercimek 1 Kg,a101
a101-14002591,0.0,,49.5,Çiftçi Sarı Mercimek 1 Kg,a101
a101-14002595,0.0,,85.0,Yayla Dermason Fasulye 1 Kg,a101
a101-14002596,0.0,,84.5,Yayla Esmerim Baldo Pirinç 1 Kg,a101
a101-14002597,0.0,,273.33,Banetti Premium Garam Masala Çeşnili Noodle 75 G,a101
a101-14002557,0.0,,44.75,Çiftçi İthal Pilavlık Pirinç 2 Kg,a101
a101-14002549,0.0,,73.0,Filiz Tel Şehriye 500 G,a101
a101-14002559,0.0,,44.5,Tat Köftelik Bulgur 1 Kg,a101
a101-14002601,0.0,,79.5,Doyum Basmati Pirinç 1 Kg,a101
a101-14002603,0.0,,211.0,Hasata Niğde Kiraz Barbunya 500 G ,a101
a101-14002604,0.0,,75.0,Hasata Kahramanmaraş Patlayan Mısır 500 G ,a101
a101-14002605,0.0,,105.5,Hasata Pilavlık Yerli Pirinç 1 Kg,a101
a101-14002609,0.0,,84.29,Nuh'un Ankara Sebzeli Nuh'un Gemisi Makarna 350 G ,a101
a101-14002611,0.0,,92.67,Petek Tek Sargılı Küp Şeker 750 G,a101
a101-14002612,0.0,,85.0,Tat Dermason Fasulye 1 Kg,a101
a101-14002613,0.0,,64.5,Tat Köy Tipi Yeşil Mercimek 1 Kg,a101
a101-14002616,0.0,,168.75,Arbella Glutensiz Penne Makarna 400 G ,a101
a101-14002617,0.0,,199.0,Hasata Kadim Maş Fasulyesi 500 G ,a101
a101-14002618,0.0,,398.0,Hasata Kadim Kinoa Tohumu 250 G ,a101
a101-14002558,0.0,,37.5,Tat Seferkitel Bulgur 1 Kg,a101
a101-14002550,0.0,,95.6,"Ovadan Basmati Pirinç 2,5 KG ",a101
a101-14002551,0.0,,198.57,Nudo Egg Noodle 350 G ,a101
a101-14002552,0.0,,79.5,Yayla Basmati Pirinç 2 Kg ,a101
a101-14002553,0.0,,323.53,Nissin Yakisoba Köri Sos Noodle 85 G,a101
a101-14002555,0.0,,99.5,Üstad Gönen Baldo Pirinç 1 Kg,a101
a101-14002506,0.0,,381.67,Un Do Tre Tricolore Peynirli Tortelloni 300 G,a101
a101-14002507,0.0,,71.43,Supermi Körili Noodle 40x70 G,a101
a101-14002508,0.0,,71.43,Supermi Tavuklu Noodle 40x70 G,a101
a101-14002560,0.0,,39.8,Akasya İthal Pilavlık Pirinç 5 Kg,a101
a101-14002561,0.0,,44.5,Tat Pilavlık Bulgur 1 Kg,a101
a101-14002562,0.0,,44.5,Tat Midyat Bulgur 1 Kg,a101
a101-14002564,0.0,,55.0,Hasata Başaktane Pilavlık Bulgur 1 Kg,a101
a101-14002581,0.0,,257.41,Patlaro Mikrodalgada Patlayan Mısır 3x90 G ,a101
a101-14002566,0.0,,39.5,Hasata Köy Sofrası Pilavlık Bulgur 1 Kg,a101
a101-14002567,0.0,,137.5,Hasata Basmati Pirinç 2 Kg,a101
a101-14002569,0.0,,180.0,Hasata Kadim Keten Tohumu 250 G ,a101
a101-14002570,0.0,,199.0,Hasata Kadim Börülce 500 G ,a101
a101-14002571,0.0,,398.0,Hasata Kadim Chia Tohumu 250 G,a101
a101-14002572,0.0,,199.0,Hasata Kadim Karabuğday 500 G ,a101
a101-14002573,0.0,,55.71,Arbella Pırıl Sevimli Rakamlar Vitaminli Makarna 350 G,a101
a101-14002574,0.0,,90.0,Doyum Organik Patlatmalık Mısır 500 G ,a101
a101-14002533,0.0,,73.0,Filiz Arpa Şehriye 500 G,a101
a101-14002534,0.0,,73.0,Filiz Kalem Makarna 500 G,a101
a101-14002535,0.0,,79.0,Makaroma Caserecce Makarna 500 G ,a101
a101-14002580,0.0,,437.5,Dudomi Peynirli Jalapenolu Noodle 80 G ,a101
a101-14002565,0.0,,55.0,Hasata Esmer Çiğ köftelik Bulgur 1 Kg,a101
a101-18002926,0.0,,126.58,Naturange Doğal Limon Suyu Sos 237 ml,a101
a101-18002928,0.0,,151.09,Hellmans Ketçap 460 G,a101
a101-18002929,0.0,,258.44,Hellmans Mayonez 385 G,a101
a101-18002935,0.0,,224.49,Calve Sarımsaklı Mayonez 245 G,a101
a101-18002815,0.0,,197.78,Tukaş Konserve Mısır 3x150 G ,a101
a101-18002821,0.0,,1980.0,Kent Baharat Karanfil 25 G,a101
a101-18002822,0.0,,1100.0,Kent Baharat Çubuk Tarçın 100 G,a101
a101-18002945,0.0,,141.86,Öncü Domates Salçası 4300 G,a101
a101-18002947,0.0,,198.0,Doğanay %100 Limon Suyu Sos 500 Ml,a101
a101-18002949,0.0,,145.62,Knorr Sıvı Ekşili Köfte Çorba 480 G,a101
a101-18002952,0.0,,70.0,Çokça Haşlanmış Fasulye 500 G,a101
a101-17000432,0.0,,161.89,Ülker Kremalı Bisküvi 8x61 G,a101
a101-18002956,0.0,,193.55,Calve Ketçap & Mayonez Seti 2x430 G+380 G,a101
a101-18002959,0.0,,372.92,Calve Gurme Sriracha Mayonez 240 G,a101
a101-18002960,0.0,,380.85,Calve Gurme Trüflü Mayonez 235 G,a101
a101-18002969,0.0,,686.67,Heinz Ranch Sos 225 G ,a101
a101-18002970,0.0,,360.61,Heinz Mayonez 330 G,a101
a101-18002972,0.0,,282.86,Üstad Sriracha Mayonez 175 G,a101
a101-18002975,0.0,,133.58,Aysan Kornişon Turşu 670 G ,a101
a101-18002977,0.0,,790.0,Sera Değirmen Kapak Tane Karabiber 50 G ,a101
a101-18002901,0.0,,177.27,Çokça Acı Sos 330 G,a101
a101-18002902,0.0,,167.14,Çokça Barbekü Sos 350 G,a101
a101-18002903,0.0,,61.46,Fide İlikli Kemik Suyu 480 ml,a101
a101-18002990,0.0,,495.83,Calve Cheddar Sos 240 G,a101
a101-18002953,0.0,,70.0,Çokça Haşlanmış Nohut 500 G,a101
a101-18002404,0.0,,210.56,Öncü Acı Biber Salçası 900 G,a101
a101-18002851,0.0,,460.0,Galle Nar Ekşisi %100 250 Ml,a101
a101-18002855,0.0,,657.89,Berona Pesto Makarna Sosu 190 G,a101
a101-18002857,0.0,,302.78,Berona Cheddar Makarna Sosu 180 G,a101
a101-18002862,0.0,,331.67,Green Life Limon Tuzu 300 G,a101
a101-18002872,0.0,,60.0,Missalt Yeraltı Kaynak Tuzu 500 G ,a101
a101-18002873,0.0,,279.69,Çokça Hardal 320 G,a101
a101-18002874,0.0,,288.71,Çokça Burger Sos 310 G,a101
a101-18002879,0.0,,23.0,Torku Beyaz Sirke 5 L,a101
a101-18002881,0.0,,80.29,Burcu Domates Rendesi 685 G,a101
a101-18002888,0.0,,88.81,Aysan Salatalık Turşusu 670 G,a101
a101-18002897,0.0,,118.0,Trakya Ev Tarhanası Yöresel Çorba 250 G,a101
a101-18002924,0.0,,500.0,Knorr Et Bulyon 12'li,a101
a101-18002900,0.0,,188.71,Çokça Sarımsaklı Mayonez Sos 310 G,a101
a101-18002567,0.0,,128.33,Superfresh Konserve Mısır 3x200 G,a101
a101-18002570,0.0,,600.0,Diyar Baharat Acı Toz Biber 100 G,a101
a101-18002598,0.0,,43.75,Sultan Domates Püresi 800 G,a101
a101-18002906,0.0,,75.76,Burcu Tatlı Ketçap 330 G,a101
a101-18002908,0.0,,75.76,Burcu Acı Ketçap 330 G,a101
a101-18002911,0.0,,134.48,Burcu Mayonez 290 G,a101
a101-18002912,0.0,,1252.0,Dardanel Çanakkale Sardalya 125 G ,a101
a101-18002916,0.0,,111.94,Aysan Tatlı&Ekşi Kornişon Turşu No:0 670 G,a101
a101-18002918,0.0,,47.0,Diyar Karbonat 500 G,a101
a101-18002919,0.0,,369.44,Calve Mayonez 540 G,a101
a101-18002923,0.0,,500.0,Knorr Tavuk Bulyon 12'li,a101
a101-18002899,0.0,,188.71,Çokça Ranch Sos 310 G ,a101
a101-18003066,0.0,,121.43,Öncü Salata Sosu 700 G ,a101
a101-18002978,0.0,,359.09,Sera Değirmen Kapak Himalaya Tuzu 110 G ,a101
a101-18002986,0.0,,2396.0,Kent Baharat Çam Fıstık 25 G,a101
a101-18002989,0.0,,485.71,Calve Ranch Sos 245 G,a101
a101-18003079,0.0,,1433.33,Dardanel Konserve Ton Balığı 6x75 G,a101
a101-18003081,0.0,,30.0,Yeşilbağ Beyaz Sirke 5 L,a101
a101-18003083,0.0,,151.01,Calve Ketçap 610 G & Mayonez 380 G 2'li Set,a101
a101-18003087,0.0,,183.33,Tamek Ketçap 600 G + Mayonez 540 G,a101
a101-18003091,0.0,,55.0,Kent Karbonat 1 Kg,a101
a101-18003096,0.0,,66.0,Muhler Limon Suyu 750 ml ,a101
a101-18003097,0.0,,542.86,Pınar Hardal Cam Kavanoz 175 G ,a101
a101-18002991,0.0,,410.34,Calve Barbekü Sos 290 G,a101
a101-18003112,0.0,,585.29,Üstad Trüf Mantarlı Himalaya Tuzu 170 G ,a101
a101-18003114,0.0,,331.67,Pınar Mayonez Cam Kavanoz 300 G ,a101
a101-18003117,0.0,,523.68,Kühne Cam Taneli Hardal 190 G ,a101
a101-18003119,0.0,,300.0,Aiko Soya Sos 250 ml ,a101
a101-18003120,0.0,,132.67,Saygın Himalaya Kaya Tuzu + Hediye Tuzluklu Himalaya Kaya Tuzu 750 G ,a101
a101-18003031,0.0,,65.0,Kent Boringer Karbonat 1 Kg,a101
a101-18003032,0.0,,406.12,Calve Burger Sos 245 G ,a101
a101-18003035,0.0,,72.26,Tamek Domates Rendesi 685 G,a101
a101-18003126,0.0,,662.5,Bahar Fit Pişmiş Hindi Göğüs Eti 120 G ,a101
a101-18003129,0.0,,133.58,Aysan Kornişon Turşu No:0 670 G,a101
a101-18003130,0.0,,456.78,Heinz Ketçap 375 G + Mayonez 330 G + Ranch Sos 225 G + Barbekü Sos 250 G + Sosluk Hediyeli ,a101
a101-18003131,0.0,,312.43,Hellmans Ketçap & Mayonez Seti 460&385 G ,a101
a101-18003103,0.0,,119.67,"Tamek Domates Salçası 1,5 Kg ",a101
a101-18002993,0.0,,79.5,Kent Karbonat 1 KG ,a101
a101-18003005,0.0,,453.47,Heinz Mayonez 505 G,a101
a101-18003007,0.0,,90.91,Tukaş Tatlı Biber Salçası 1650 G ,a101
a101-18003008,0.0,,51.09,Tukaş Ketçap 1 Kg & Mayonez 840 G Set 2'li,a101
a101-18003014,0.0,,143.89,Tukaş Konserve Mısır 6x150 G ,a101
a101-18003016,0.0,,79.0,Rasty Yeraltı Kaynak Tuzu 500 G ,a101
a101-18003019,0.0,,198.0,Fersan Detox Doğal Sirke Analı Elma Sirkesi 250 ml ,a101
a101-18003023,0.0,,250.0,Burcu Konserve Mini Enginar 300 G,a101
a101-18003024,0.0,,68.46,Burcu Ketçap 650 G,a101
a101-18003025,0.0,,90.0,Burcu Mayonez 550 G,a101
a101-18003028,0.0,,124.11,Burcu Ajvar Kahvaltılık Sos 560 G ,a101
a101-18002936,0.0,,135.42,Knorr Sıvı Tavuk Bulyon 480 ml,a101
a101-18003058,0.0,,170.0,Kent Boringer İngiliz Karbonatı 250 G ,a101
a101-18002943,0.0,,238.0,Naturfoods Öğütülmüş Hindistan Cevizi Baharatı 250 G,a101
a101-18003037,0.0,,125.0,Türkel Köz Biber 680 G ,a101
a101-18003038,0.0,,900.0,Zühre Ana Bromelain Şurubu 250 ml ,a101
a101-18003039,0.0,,187.88,Galle Acı Biber Turşusu 330 G,a101
a101-18003040,0.0,,185.07,Galle Biberiye Turşusu 335 G,a101
a101-18003041,0.0,,24.75,Çınarköy Karbonatlı Sirke 2 L,a101
a101-18003042,0.0,,358.0,Zühre Ana Ananas Sirkesi 500 ml,a101
a101-18003043,0.0,,98.0,Kent Boringer Karbonat 1000 G ,a101
a101-18003047,0.0,,180.0,Yeni Kavaklıdere Salata Sosu 250 ml ,a101
a101-18003048,0.0,,72.67,Yeni Kavaklıdere %100 Limon Suyu 750 ml ,a101
a101-18003056,0.0,,871.88,Fide Ton Balığı 4x80 G ,a101
a101-18003057,0.0,,106.92,Fide Köz Patlıcan 650 G,a101
a101-18002939,0.0,,199.0,Kemal Kükrer Organik Elma Sirkesi 500 ml,a101
a101-18002032,0.0,,125.0,Ustasından Mercimek Çorbası 76 G,a101
a101-18002036,0.0,,132.5,Çokça Mısır 400 G,a101
a101-18002037,0.0,,175.0,Çokça Köz Biber 680 G,a101
a101-18002038,0.0,,137.25,Çokça Köz Patlıcan 510 G,a101
a101-18002039,0.0,,293.18,Çokça Mayonez 220 G,a101
a101-18002040,0.0,,18.25,Galle Beyaz Sirke 2 L,a101
a101-18002041,0.0,,41.33,Galle Elma Sirkesi 750 ml,a101
a101-18002042,0.0,,41.33,Galle Üzüm Sirkesi 750 ml,a101
a101-18002045,0.0,,157.14,Galle Jalapeno Turşu 350 G,a101
a101-18002046,0.0,,107.35,Galle Karışık Turşu 680 G,a101
a101-18002047,0.0,,99.26,Galle Salatalık Turşusu 680 G,a101
a101-18002396,0.0,,260.0,Diyar Baharat Susam 75 G ,a101
a101-18001796,0.0,,118.45,Öncü Domates Salçası 830 G,a101
a101-18001873,0.0,,123.57,Yayla Haşlanmış Fasulye 700 G,a101
a101-18002124,0.0,,66.27,Tat Domates Salçası 830 G,a101
a101-18002150,0.0,,991.67,Knorr Kajun Baharatlı Patates Çeşnisi 60 G ,a101
a101-18002151,0.0,,991.67,Knorr Tavuk Çeşni 60 G ,a101
a101-18002197,0.0,,110.19,Burcu Köz Patlıcan 540 G ,a101
a101-18002205,0.0,,82.92,Burcu 2'li Set Ketçap 650 G+ Mayonez 550 G,a101
a101-18002298,0.0,,1706.9,Knorr Fırında Tavuk Çeşnisi Mangal Lezzeti 29 G,a101
a101-18002299,0.0,,786.59,Knorr Köfte Harcı 82 G,a101
a101-18002300,0.0,,438.89,Knorr Çıtır Çıtır Pane Harcı 90 G,a101
a101-18002301,0.0,,668.92,Knorr Ezogelin Çorba 74 G,a101
a101-18002303,0.0,,785.71,Knorr Kremalı Mantar Çorbası 63 G,a101
a101-18001766,0.0,,90.0,Burcu Domates Salçası 1500 G,a101
a101-18001589,0.0,,733.33,Hekimce Baharat Hindistan Cevizi Yağı 150 G,a101
a101-18001591,0.0,,284.29,Heinz Ketçap 700 G,a101
a101-18001647,0.0,,272.55,Tat Mayonez 550 G,a101
a101-18001662,0.0,,238.0,Galle Soya Sosu 250 ml,a101
a101-18001763,0.0,,127.86,Öncü Karışık Salça 700 G,a101
a101-18000330,0.0,,149.75,Tukaş Barbekü Sos 400 G,a101
a101-18000333,0.0,,369.13,Heinz Amerikan Burger Sos 230 G,a101
a101-18000367,0.0,,1980.0,İnci Karanfil 25 G,a101
a101-18001874,0.0,,123.57,Yayla Haşlanmış Nohut 700 G,a101
a101-18001888,0.0,,186.57,Kühne Alman Tipi Salatalık Turşusu 670 G,a101
a101-18001911,0.0,,130.77,Tukaş Acı Ketçap 650 G,a101
a101-18001912,0.0,,130.77,Tukaş Ketçap 650 G,a101
a101-18002031,0.0,,146.15,Ustasından Kremalı Tavuk Çorbası 65 G,a101
a101-18001918,0.0,,520.83,Wawa Ton Balığı 3x80 G,a101
a101-18001922,0.0,,36.33,Galle Karışık Turşu 3000 G,a101
a101-18001948,0.0,,130.77,Burcu Acılı Ketçap 650 G,a101
a101-18001949,0.0,,130.77,Burcu Ketçap 650 G,a101
a101-18001952,0.0,,172.73,Burcu Mayonez 550 G,a101
a101-18001954,0.0,,79.46,Çokça Garnitür 560 G,a101
a101-18001977,0.0,,210.61,Galle Kornişon Turşu NO:0 330 G,a101
a101-18002020,0.0,,122.5,Diyar Sebzeli Çeşni 200 G,a101
a101-18001203,0.0,,156.25,Burcu Cam Konserve Mısır 320 G,a101
a101-18001319,0.0,,71.69,Burcu Domates Salçası 830 G,a101
a101-18001359,0.0,,142.42,Öncü Domates Salçası 1650 G,a101
a101-18002029,0.0,,150.79,Ustasından İşkembe Çorbası 63 G,a101
a101-18001916,0.0,,172.73,Tukaş Mayonez 550 G,a101
a101-18002475,0.0,,153.69,Tat Acılı Ketçap 650 G,a101
a101-18002488,0.0,,1132.35,Dardanel Ton Balığı 2x170 G,a101
a101-18002506,0.0,,133.33,Çokça Az Yağlı Mayonez 840 G,a101
a101-18002516,0.0,,80.3,Çokça Acı Sos 330 G,a101
a101-18002529,0.0,,38.33,Billur İyotlu Sofra Tuzu 3 Kg,a101
a101-18002538,0.0,,52.44,Çokça Domates Salçası 410 G,a101
a101-18002556,0.0,,137.69,Çokça Tatlı Biber Salçası 650 G,a101
a101-18002557,0.0,,137.69,Çokça Acı Biber Salçası 650 G,a101
a101-18002316,0.0,,69.28,Çokça Bezelye Konservesi 830 G,a101
a101-18002340,0.0,,169.12,Tat Kornişon Turşusu 680 G,a101
a101-18002372,0.0,,690.0,Diyar Baharat Sumak 100 G ,a101
a101-18002599,0.0,,376.67,Kalite Tonla Konserve Balık 3x150 G,a101
a101-18002304,0.0,,607.69,Knorr Kremalı Tavuk Çorbası 65 G,a101
a101-18002628,0.0,,250.0,Ustasından Tavuk Bulyon 8'li ,a101
a101-18002629,0.0,,200.0,Ustasından Et Bulyon 8'li ,a101
a101-18002630,0.0,,13.0,Tarihi Odunpazarı Beyaz Sirke 5 L,a101
a101-18002669,0.0,,124.26,Galle Kornişon Turşusu 680 G,a101
a101-18002680,0.0,,155.88,Çokça Konserve Mısır 340 G,a101
a101-18002681,0.0,,153.08,Tukaş Kornişon Turşusu 1650 G,a101
a101-18002701,0.0,,412.5,Green Life Hindistan Cevizi 120 G,a101
a101-18002730,0.0,,89.5,Tat Salatalık Turşusu 1 Kg,a101
a101-18002777,0.0,,212.3,Calve Acılı Ketçap 610 G,a101
a101-18002796,0.0,,523.68,Kühne Pesto Sos 190 G,a101
a101-18002800,0.0,,361.82,Calve Acı Sos 275 G,a101
a101-18002395,0.0,,460.0,Diyar Baharat Tarçın 75 G ,a101
a101-18002601,0.0,,212.3,Calve Tatlı Ketçap 610 G,a101
a101-18002306,0.0,,970.59,Knorr Şehriyeli Tavuk Çorbası 51 G,a101
a101-18002309,0.0,,717.39,Knorr Kremalı Domates Çorbası 69 G,a101
a101-18002022,0.0,,1316.18,Diyar Değirmen Kapak Tane Karabiber 58 G,a101
a101-18002023,0.0,,640.0,Diyar Köri 50 G,a101
a101-18002025,0.0,,525.0,Diyar Mavi Haşhaş 100 G,a101
a101-18002374,0.0,,600.0,Diyar Baharat Tatlı Toz Biber 100 G ,a101
a101-18002376,0.0,,766.67,Diyar Baharat Karabiber 75 G ,a101
a101-18002378,0.0,,11.8,Galle Beyaz Sirke 5000 ml,a101
a101-18002379,0.0,,433.33,Diyar Baharat Çörekotu 75 G,a101
a101-18002382,0.0,,445.0,Diyar Baharat Limon Tuzu 100 G ,a101
a101-18002384,0.0,,600.0,Diyar Baharat Hindistan Cevizi 50 G ,a101
a101-18002385,0.0,,595.0,Diyar Baharat İsot 100 G,a101
a101-18002458,0.0,,278.0,Calve Hardal Sos 250 G,a101
a101-18002390,0.0,,783.33,Diyar Baharat Nane 30 G,a101
a101-18002391,0.0,,50.0,Billur İyotlu Tuz 750 G,a101
a101-18002392,0.0,,1166.67,Diyar Baharat Kekik 30 G ,a101
a101-18002393,0.0,,533.33,Diyar Baharat Kimyon 75 G,a101
a101-18002394,0.0,,1106.67,Diyar Baharat Kuş Üzümü 75 G ,a101
a101-18002051,0.0,,130.0,Çokça Ketçap Acı 250 G,a101
a101-18002053,0.0,,130.0,Çokça Ketçap Tatlı 250 G,a101
a101-18002057,0.0,,81.33,Çokça Domates Salçası 830 G,a101
a101-18002405,0.0,,210.56,Öncü Tatlı Biber Salçası 900 G,a101
a101-18002416,0.0,,191.94,Burcu Lütenitsa Sos 310 G,a101
a101-18002427,0.0,,134.69,Tat Ketçap Mayonez Seti 650 G / 575 G,a101
a101-18002452,0.0,,51.47,Tat Domates Püresi 680 G,a101
a101-18002388,0.0,,430.0,Diyar Baharat Pul Biber 100 G ,a101
a101-20000853,0.0,,297.5,Avokado Adet,a101
a101-20001013,0.0,,64.9,Kızartmalık File Patates Kg,a101
a101-20001051,0.0,,216.33,Mantar Tabak 300 G,a101
a101-20001097,0.0,,159.0,Kokteyl Domates Paket 500 G,a101
a101-20001117,0.0,,59.5,Mor Soğan Kg,a101
a101-20001122,0.0,,183.0,Marul Adet,a101
a101-20001129,0.0,,91.8,Çengelköy Salatalık Paket 500 G,a101
a101-20000763,0.0,,149.8,Salkım Domates Paket 500 G,a101
a101-20000764,0.0,,45.9,Salatalık Kg,a101
a101-20000766,0.0,,82.57,Havuç Paket 350 G,a101
a101-20001428,0.0,,111.8,Pembe Domates Paket 500 G,a101
a101-18003132,0.0,,88.24,Tamek Domates Salçası 4250 G ,a101
a101-22000003,0.0,,54.88,ABC Renkli Toz Deterjan 8 Kg,a101
a101-22000019,0.0,,13.3,Vernel Çamaşır Yumuşatıcısı 2 L,a101
a101-22000102,0.0,,79.67,Pril Bulaşık Makinesi Parlatıcısı 750 Ml,a101
a101-22000125,0.0,,134.38,Vernel Gül Konsantre Yumuşatıcı 960 ml,a101
a101-22000135,0.0,,89.5,Activex Antibakteriyel Sıvı Sabun 1 L,a101
a101-22000142,0.0,,565.0,Bionet Rezervuar Blok 2x50 G,a101
a101-22000155,0.0,,42.5,Aqualin Manolyalı Sıvı Sabun 2000 Ml,a101
a101-22000157,0.0,,42.5,Aqualin Zeytinyağlı Sıvı Sabun 2000 Ml,a101
a101-22000158,0.0,,42.5,Aqualin Vanilyalı Sıvı Sabun 2000 Ml,a101
a101-22000163,0.0,,63.33,Vernel Yumuşatıcı Gülün Büyüsü 3 L ,a101
a101-22000170,0.0,,172.0,Bref Perfume Switch Klozet Bloğu 2'li,a101
a101-20000796,0.0,,35.9,Soğan Kg,a101
a101-21000689,0.0,,316.47,Keskinoğlu Piliç Çıtır Kova Dondurulmuş 850 G,a101
a101-20000761,0.0,,49.5,Domates Kg,a101
a101-19001094,0.0,,135.0,Sana Paket Margarin 4x250 G,a101
a101-19001100,0.0,,83.22,"Safya Ayçiçek Yağı Pet 4,5 L",a101
a101-19001102,0.0,,239.0,Kırlangıç Riviera Zeytinyağı 1 L ,a101
a101-20000769,0.0,,99.5,Dolmalık Biber Kg,a101
a101-20000772,0.0,,69.5,Patlıcan Kg,a101
a101-20000773,0.0,,65.9,Kabak Kg,a101
a101-20000775,0.0,,52.9,Kırmızı Lahana Kg,a101
a101-20000776,0.0,,198.33,Marul Göbek Adet,a101
a101-20000777,0.0,,198.0,Taze Soğan Adet,a101
a101-20000778,0.0,,415.0,Roka Adet,a101
a101-20000780,0.0,,572.5,Nane Adet,a101
a101-20000833,0.0,,23.9,Kavun Kg,a101
a101-20000782,0.0,,153.0,Kıvırcık Adet,a101
a101-20000785,0.0,,465.0,Dereotu Adet,a101
a101-20000792,0.0,,247.5,Sarımsak File 200 G,a101
a101-20000794,0.0,,35.9,Patates Kg,a101
a101-19001134,0.0,,319.0,Komili Sofralık Lezzet Sızma Zeytinyağı 1 L,a101
a101-19001136,0.0,,103.28,Komili Ayçiçek Yağı 18 L,a101
a101-19001137,0.0,,138.0,Bizim Kase Margarin 250 G ,a101
a101-20000805,0.0,,65.9,Starking Elma Kg,a101
a101-20000809,0.0,,82.9,Granny Smith Elma Kg,a101
a101-20000813,0.0,,79.5,Santa Maria Armut Kg,a101
a101-20000816,0.0,,52.9,Portakal Kg,a101
a101-20000828,0.0,,49.5,Üzüm Kg,a101
a101-20000781,0.0,,415.0,Maydanoz Adet,a101
a101-22000450,0.0,,325.0,Duru Okyanus Tazeliği Duş Sabunu 4x150 G,a101
a101-22000459,0.0,,45.33,Aqualin Vanilya Sıvı Sabun 750 Ml,a101
a101-22000460,0.0,,45.33,Aqualin Manolya Sıvı Sabun 750 Ml,a101
a101-22000463,0.0,,45.33,Aqualin Zeytinyağlı Sıvı Sabun 750 Ml,a101
a101-22000256,0.0,,41.9,Alo Toz Deterjan 10 Kg,a101
a101-22000262,0.0,,60.0,Sır Asprins Çok Amaçlı Sprey Temizleyici 750 ml,a101
a101-22000279,0.0,,118.0,"Omo Beyazlar Toz Deterjan 5,5 Kg",a101
a101-22000478,0.0,,74.67,Çiçeğim Çiçek Buketi Konsantre Yumuşatıcı 1500 Ml,a101
a101-22000479,0.0,,66.33,Çiçeğim Sensitive Konsantre Yumuşatıcı 1500 ml,a101
a101-22000495,0.0,,86.0,Çiçeğim Amonyaklı Krem Temizleyici 750 Ml,a101
a101-22000496,0.0,,86.0,Çiçeğim Limonlu Krem Temizleyici 750 Ml,a101
a101-22000652,0.0,,96.67,"Tursil Toz Deterjan 1,5 KG",a101
a101-20000800,0.0,,42.9,Limon Kg,a101
a101-22000701,0.0,,46.7,Klorak Çamaşır Suyu 2 L,a101
a101-22000723,0.0,,224.75,Finish Bulaşık Makinesi Parlatıcı ve Kurutucu 400 ml,a101
a101-22000761,0.0,,2058.82,Miss Flora Bulaşık Makinası Kokusu,a101
a101-22000811,0.0,,24.0,Çiçeğim Çamaşır Suyu 3740 Ml,a101
a101-22000813,0.0,,27.8,Narsprin Genel Amaçlı Temizlik Sıvısı 5 L,a101
a101-22000838,0.0,,54.95,Tursil Toz Deterjan 10 Kg,a101
a101-22000879,0.0,,62.5,Ace Çamaşır Suyu 4 L,a101
a101-22000397,0.0,,116.93,Bingo Onaran Koruma Sıvı Deterjan 2 L,a101
a101-22000398,0.0,,175.38,Bingo Soft Lovely Konsantre Yumuşatıcı 1440 ml,a101
a101-22000406,0.0,,97.5,Aqualin Amethyst Köpük Sabun 400 Ml,a101
a101-22000973,0.0,,17.67,Yetiş Beyazlar için Toz Deterjan 9 Kg,a101
a101-22000981,0.0,,489.22,Bref Power Aktiv Klozet Bloğu 2'li,a101
a101-22000681,0.0,,42.67,"Çiçeğim Yüzey Temizleyici 1,5 L",a101
a101-20000802,0.0,,114.9,İthal Muz Kg,a101
a101-22000280,0.0,,116.67,Fairy Ultra Hızlı Bulaşık Deterjanı 1500 ml,a101
a101-22000290,0.0,,39.9,Rinso Toz Deterjan 10 Kg,a101
a101-22000293,0.0,,69.25,Vanish Kosla Oxi Action Renkliler Leke Çıkarıcı 3 L,a101
a101-22000297,0.0,,180.0,Çiçeğim Çamaşır Makinesi Temizleyici 250 Ml,a101
a101-22000340,0.0,,309.21,Fairy Green Bulaşık Makinesi Tableti 90'lı,a101
a101-22000347,0.0,,111.67,"Fairy Platinum Bulaşık Deterjanı 1,5 L",a101
a101-22000356,0.0,,130.0,Çiçeğim Çamaşır Sodası 500 G,a101
a101-22000358,0.0,,13.67,Aqualin Manolya Sıvı Sabun 750 Ml,a101
a101-22000366,0.0,,159.0,Asperox Sarı Güç Ultra Yağ Sökücü Sprey 1 L,a101
a101-22000378,0.0,,38.9,Peros Sık Yıkananlar Yasemin Çiçeği Toz Deterjan 10 Kg,a101
a101-22000386,0.0,,65.0,Çiçeğim Silikonlu Yüzey Temizleyici 1 L,a101
a101-22000449,0.0,,325.0,Duru Zeytinyağı Özlü Duş Sabunu 4x150 G,a101
a101-22000396,0.0,,116.93,Bingo Siyahlar İçin Sıvı Deterjan 2 L,a101
a101-20001227,0.0,,238.0,Şeker Domates Paket 250 G,a101
a101-20001278,0.0,,330.0,Şili Biber Paket 150 G,a101
a101-20001374,0.0,,98.33,Köy Biber Paket 300 G,a101
a101-22000407,0.0,,97.5,Aqualin Emerald Köpük Sabun 400 Ml,a101
a101-22000408,0.0,,97.5,Aqualin Ruby Köpük Sabun 400 Ml,a101
a101-22000420,0.0,,123.95,Domestos Ultra Dağ Esintisi Çamaşır Suyu 750 ml,a101
a101-22000422,0.0,,123.95,Domestos Ultra Kar Beyazı Çamaşır Suyu 750 ml,a101
a101-22000432,0.0,,83.33,Çiçeğim Elmalı Bulaşık Deterjanı 750 Ml,a101
a101-22000434,0.0,,53.33,Çiçeğim Limonlu Bulaşık Deterjanı 750 Ml,a101
a101-22000435,0.0,,83.33,Çiçeğim Limonlu Bulaşık Deterjanı 750 Ml,a101
a101-22000436,0.0,,53.33,Çiçeğim Elmalı Bulaşık Deterjanı 750 Ml,a101
a101-22000387,0.0,,33.33,Çiçeğim Sirkeli Yüzey Temizleyici 750 Ml,a101
a101-18003125,0.0,,108.33,Seğmen Karbonat 120 G,a101
a101-19000820,0.0,,172.5,Yudum Ayçiçek Yağı 1 L,a101
a101-19000841,0.0,,99.9,Sırma Ayçiçek Yağı 5 L,a101
a101-19000852,0.0,,336.25,Ülker Teremyağ Margarin Kase 400 G,a101
a101-19000867,0.0,,365.0,Yudum Egemden Sızma Zeytinyağı 1 L,a101
a101-19000869,0.0,,104.74,Orkide Tereyağı Keyfi Kova Margarin 950 G ,a101
a101-19000886,0.0,,180.0,"Yudum Ayçiçek Yağı 1,25 L",a101
a101-19000889,0.0,,120.89,"Yudum Ayçiçek Yağı 4,5 L",a101
a101-19000898,0.0,,259.0,Çotanak Fındık Yağı 1 L,a101
a101-19000901,0.0,,106.5,Yudum Omega 3 Bitkisel Karışım Sıvı Yağ 3 L,a101
a101-19000953,0.0,,97.9,Yudum Ayçiçek Yağı Teneke 10 L,a101
a101-20000026,0.0,,116.33,Kırmızı Biber Paket 300 G,a101
a101-19000981,0.0,,294.0,Becel Tereyağ Keyfi Kase Margarin 250 G,a101
a101-19000984,0.0,,255.0,Zeo Riviera Zeytinyağı 2 L,a101
a101-18003168,0.0,,214.29,Tat Kornişon Turşu No:0 350 G ,a101
a101-18003171,0.0,,159.0,Saygın Himalaya Kaya Tuzu 500 G ,a101
a101-18003172,0.0,,413.04,Hellmans Acı Mayonez 230 G ,a101
a101-19000994,0.0,,95.8,Vera Ayçiçek Yağı 5 L,a101
a101-19000995,0.0,,98.17,Yudum Ayçiçek Yağı 3 L,a101
a101-19001005,0.0,,325.0,Kristal Anatolia Sızma Zeytinyağı 1 L,a101
a101-19001006,0.0,,310.0,Zeo Sızma Zeytinyağı 1 L,a101
a101-19001009,0.0,,117.5,Vera Ayçiçek Yağı 2 L,a101
a101-19001011,0.0,,74.75,Sırma Mısırözü Yağı Pet 4 L ,a101
a101-19001013,0.0,,117.3,Komili Ayçiçek Yağı 5 L,a101
a101-19000968,0.0,,95.2,"Orkide Ayçiçek Yağı 1,25 L",a101
a101-18003133,0.0,,523.68,Barilla Fesleğenli Pesto (Pesto Genovese) Makarna Sosu 190 g,a101
a101-18003134,0.0,,113.16,Burcu Mısırlı Garnitür Konservesi 570 G ,a101
a101-18003136,0.0,,82.5,Tat Domates Püresi 3x200 G ,a101
a101-18003137,0.0,,620.0,Kalite Tonla Ton Balığı 3x75 G ,a101
a101-18003139,0.0,,132.67,Tarihi Kapadokya Sirkecisi Organik Alıç Sirkesi 500 ml,a101
a101-18003157,0.0,,89.5,Muhler Salata Sos 1 Kg,a101
a101-18003161,0.0,,398.33,Seres Guacamole Sos 300 G ,a101
a101-18003162,0.0,,325.45,Seres Avokado Sos 275 G ,a101
a101-18003067,0.0,,398.0,Zühre Ana Servi Kozalağı Şurubu 500 ml ,a101
a101-18003071,0.0,,372.92,Calve Cheetos Peynir Aromalı Sos 240 G ,a101
a101-18003074,0.0,,231.67,Kühne Ananas Çeşnili Sirke 250 ml ,a101
a101-18003173,0.0,,298.25,Hellmans Barbekü Sos 285 G ,a101
a101-18003124,0.0,,235.53,Calve Ranch Sos 380 G ,a101
a101-18003178,0.0,,380.0,Hellmans Hardal 250 G ,a101
a101-18003180,0.0,,90.0,Colorado Ketçap 550 G ,a101
a101-18003181,0.0,,139.0,Colorado Mayonez 500 G ,a101
a101-19000003,0.0,,236.0,Sana Klasik Margarin Paket 250 G,a101
a101-19000004,0.0,,344.0,Becel Klasik Kase Margarin 250 G,a101
a101-19000015,0.0,,119.5,Orkide Ayçiçek Yağı 1 L,a101
a101-19000016,0.0,,112.25,Orkide Ayçiçek Yağı 2 L,a101
a101-19000035,0.0,,236.0,Bizim Margarin Paket 250 G,a101
a101-19000042,0.0,,143.33,Bizim Paket Margarin 6x250 G ,a101
a101-19000067,0.0,,174.75,Komili Ayçiçek Yağı 2 L,a101
a101-19000070,0.0,,278.0,Sana Tereyağı Lezzeti Margarin 250 G,a101
a101-18003121,0.0,,331.67,Kent Boringer Kahve Şurup Seti 3x100 ml,a101
a101-18003175,0.0,,324.49,Calve Buffalo Sos 245 G ,a101
a101-19001106,0.0,,175.0,Pakmaya %34 Yağlı ŞefKrema 200 ml ,a101
a101-19001107,0.0,,698.0,Üstad Erken Hasat Soğuk Sıkım Zeytinyağı 500 ml ,a101
a101-19001108,0.0,,123.75,Sana Bitkisel Yağlı Krema 200 ml,a101
a101-19001109,0.0,,89.0,Bizim Ayçiçek Yağı 5 L,a101
a101-19001110,0.0,,158.0,Bizim Kase Margarin 250 G ,a101
a101-19001111,0.0,,118.0,Sabah Paket Margarin 250 G ,a101
a101-19001117,0.0,,83.8,Kent Boringer Ayçiçek Yağı 5 L,a101
a101-19001118,0.0,,91.8,Orkide Kanola Yağı 5 L ,a101
a101-19001119,0.0,,85.8,Kent Boringer Ayçiçek Yağı 5 L,a101
a101-19001120,0.0,,358.0,Yudum Şef Gibi Sızma Zeytinyağı 500 ml ,a101
a101-19001122,0.0,,158.67,Yudum Şef Gibi Ayçiçek Yağı 750 ml ,a101
a101-19001061,0.0,,100.0,Halk Paket Margarin 6x250 G,a101
a101-19001017,0.0,,79.0,Yayla Margarin Paket 500 G,a101
a101-19001064,0.0,,106.94,Yudum Ayçiçek Yağı 18 L,a101
a101-19001138,0.0,,299.5,Güven Asa Natürel Sızma Zeytinyağı Sızma 2 L ,a101
a101-19001139,0.0,,1178.0,Herbalwind Avokado Yağı 250 ml ,a101
a101-19001141,0.0,,93.8,Orkide Sıvı Yağ 5 L,a101
a101-19001142,0.0,,310.0,Zeo Sızma Zeytinyağı 1 L,a101
a101-19001143,0.0,,255.0,Zeo Riviera Zeytinyağı 2 L,a101
a101-19001144,0.0,,233.0,Komili Riviera Zeytinyağı 3 L ,a101
a101-19001145,0.0,,107.25,Orkide Mısırözü Yağı 4 L ,a101
a101-20000012,0.0,,1036.0,Yaban Mersini Paket 125 G,a101
a101-20000023,0.0,,153.0,Çarliston Biber Paket 300 G,a101
a101-20000024,0.0,,198.33,Sivri Biber Paket 300 G,a101
a101-20000025,0.0,,153.0,Dolma Biber Paket 300 G,a101
a101-19001062,0.0,,75.9,Orkide Mısır Özü Yağı 5 L,a101
a101-19001032,0.0,,449.0,Komili Yumuşak Sızma Zeytinyağı 1 L,a101
a101-19001044,0.0,,299.0,Yudum Egemden Riviera Zeytinyağı 1 L,a101
a101-19001047,0.0,,99.8,Safya Ayçiçek Yağı 5 L,a101
a101-19001052,0.0,,284.0,Ülker Teremyağ Margarin 250 G,a101
a101-19001053,0.0,,327.0,Ülker Teremyağ Gurme Kase Margarin 250 G,a101
a101-19000136,0.0,,150.0,Yudum Ayçiçek Yağı 2 L ,a101
a101-19000288,0.0,,105.8,Orkide Ayçiçek Yağı 5 L,a101
a101-19000396,0.0,,97.0,Biryağ Ayçiçek Yağı 2 L,a101
a101-19001068,0.0,,112.0,"Emek Ayçiçek Yağı 4,5 L",a101
a101-19001069,0.0,,84.5,Sana Lezzetli Sofram Paket Margarin 5x200 G,a101
a101-19001072,0.0,,57.8,Safya Mısırözü Yağı 5 L,a101
a101-19001078,0.0,,199.67,Yudum Egemden Sızma Zeytinyağı 3 L ,a101
a101-19001105,0.0,,259.0,Kırlangıç Naturel Sızma Zeytinyağı 1 L ,a101
a101-19001082,0.0,,215.0,Orkide Natürel Sızma Zeytinyağı 3 L,a101
a101-19001083,0.0,,199.5,Orkide Riviera Zeytinyağı 2 L ,a101
a101-19001084,0.0,,147.0,Verde Riviera Zeytinyağı 5 L,a101
a101-19001085,0.0,,132.5,Teremyağ Şişe Margarin 600 ml,a101
a101-19001090,0.0,,299.5,Yudum Egemden Natürel Sızma Zeytinyağı 2 L,a101
a101-19001091,0.0,,97.0,Sırma Ayçiçek Yağı 2 L,a101
a101-19001092,0.0,,79.97,Sırma Mısırözü Yağı 2 L,a101
a101-19001093,0.0,,398.0,Burcu Erken Hasat Natürel Sızma Zeytin Yağı 500 Ml,a101
a101-19000987,0.0,,132.0,Vera Kase Margarin 250 G,a101
a101-19000988,0.0,,116.0,Vera Margarin Paket 250 G,a101
a101-19000993,0.0,,125.0,Vera Ayçiçek Yağı 1 L,a101
a101-19001104,0.0,,97.0,Kırlangıç Ayçiçek Yağı 2 L,a101
a101-19001080,0.0,,299.67,Güven Asa Natürel Sızma Zeytinyağı 3 L,a101
a101-17002521,0.0,,178.79,Torku Premio Kremalı Bisküvi 3x110 G,a101
a101-17002524,0.0,,246.91,Ülker Hanımeller Mahlepli Tuzlu Kurabiye 81 G,a101
a101-17002806,0.0,,480.58,"Ülker Halley Mini Çikolata Kaplı Bisküvi 10x10,3 G",a101
a101-17002812,0.0,,216.67, Ülker Çokoprens Çikolata Kremalı Bisküvi 30 G,a101
a101-17002814,0.0,,165.0,Xroll Kakaolu Bisküvi 100 G,a101
a101-17002815,0.0,,165.0,Xroll Mozaik Bisküvi 100 G,a101
a101-17002818,0.0,,229.89,Ülker Saklıköy Kremalı Bisküvi 3x87 G,a101
a101-17002832,0.0,,342.86,Ülker Halley Muzlu Bisküvi 7x30 G,a101
a101-17002843,0.0,,208.33,İkram Fındık Kremalı Bisküvi 84 G,a101
a101-17002849,0.0,,666.67,Time Up Sütlü Çikolatalı Kremalı Bisküvi 30 G,a101
a101-17002851,0.0,,284.09,McVitie's Karamelli Tarçınlı Kremalı Bisküvi 88 G,a101
a101-18001563,0.0,,116.67,Tukaş Konserve Mısır 3x340 G ,a101
a101-17002879,0.0,,225.41,Torku Sade Kremalı Bisküvi 4x61 G,a101
a101-17002896,0.0,,144.74,Xroll Jeli Portakal Aromalı Jöleli Bisküvi 114 G,a101
a101-17002910,0.0,,178.57,İkram Çikolata Kremalı Bisküvi 84 G,a101
a101-17002598,0.0,,354.17,Ülker Krispi Baharatlı Tırtıklı Kraker 48 G,a101
a101-17002599,0.0,,354.17,Ülker Krispi Acılı Tırtıklı Kraker 48 G,a101
a101-17002618,0.0,,317.46,Şölen Papita Süt Kremalı Drajeli Bisküvi 63 G,a101
a101-17003016,0.0,,296.3,Ülker Taco Baharatlı Badem Kraker 135 G,a101
a101-17003021,0.0,,366.67,Ülker Çizi Çıtır Tulum Peynirli ve Köz Biber Aromalı Çerez 120 G,a101
a101-17003023,0.0,,231.56,Ülker Kremalı Çilekli Bisküvi 4x61 G,a101
a101-17003024,0.0,,161.89,Ülker Rondo Kakaolu Kremalı Bisküvi 8x61 G,a101
a101-17003025,0.0,,200.0,Ülker Hanımeller Frambuaz Kremalı Kurabiye 150 G,a101
a101-17003026,0.0,,435.0,Ülker Altınbaşak Tahıl Cipsi 50 G,a101
a101-17002871,0.0,,209.88,Ülker Çokoprens Atıştırmalık 81 G,a101
a101-17002552,0.0,,245.83,Xroll Çikolata Kaplamalı Marshmallowlu Bisküvi 8x30 G,a101
a101-17002556,0.0,,170.0,Ülker Saklıköy Frambuaz Kremalı Bisküvi 100 G,a101
a101-17002559,0.0,,425.12,Eti Benim'o Bitter Çikolata Kaplı Bisküvi 3x69 G,a101
a101-17002565,0.0,,185.19,Ülker Hanımeller Mahlepli Tuzlu Kurabiye 3x81 G,a101
a101-17002571,0.0,,256.41,Eti Burçak Tuzlu Zeytinli Bisküvi 3x91 G,a101
a101-17002575,0.0,,183.15,Eti Burçak Tuzlu Çörekotlu Bisküvi 3x91 G,a101
a101-17002590,0.0,,272.73,Eti Nero Kakaolu Kremalı Bisküvi 110 G,a101
a101-17002591,0.0,,248.3,Eti Nero Kremalı Kakaolu Bisküvi 4x110 G,a101
a101-17002597,0.0,,250.0,Ülker Susamlı Çubuk Kraker 70 G ,a101
a101-17002353,0.0,,363.64,Şölen Papita Karamelli Bisküvi 33 G,a101
a101-17002362,0.0,,291.67,McVitie's Karamelli Bisküvi 120 G,a101
a101-17002365,0.0,,128.0,Ülker Kakaolu Bisküvi 125 G,a101
a101-17002516,0.0,,263.33,Xroll Orman Meyveli Kurabiye 150 G,a101
a101-17002642,0.0,,208.33,Ülker Taç Tuzlu Kraker 3x76 G,a101
a101-17002643,0.0,,126.67,Ülker Pötibör Kakao ve Sade Bisküvi 150 G,a101
a101-17002660,0.0,,500.0,Şölen Ozmo Hoppo Çilek Kremalı Bisküvi 40 G,a101
a101-17002667,0.0,,117.86,Çıtkırıldım Balık Kraker 140 G,a101
a101-17002671,0.0,,69.44,Porleo Vanilya Aromalı Kremalı Kakaolu Bisküvi 72 G,a101
a101-17002705,0.0,,318.18,Eti Bumbo Portakal Aromalı Kakaolu Bisküvi 110 G,a101
a101-17002709,0.0,,69.0,Xroll Petibör Kakaolu Bisküvi 1 KG,a101
a101-17002722,0.0,,270.83,Delites İncirli Bisküvi 120 G,a101
a101-17002750,0.0,,153.85,Burçak Tahıl Patlaklı Kakaolu Bisküvi 3x117 G,a101
a101-17002763,0.0,,146.43,Eti Abc Kraker 140 G,a101
a101-17002770,0.0,,117.86,Çıtkırıldım Balık Kraker 140 G,a101
a101-17002780,0.0,,589.29,Milka Çikolata Damlalı Kurabiye 168 G,a101
a101-17002621,0.0,,250.0,Eti Form Kepekli Çörekotlu Bisküvi 40 G,a101
a101-17003268,0.0,,199.19,Ülker Hanımeller Çokodamla Kurabiye 3x82 G,a101
a101-17003270,0.0,,398.31,Ülker Halley Portakal Dolgulu Çikolatalı Bisküvi 236 G,a101
a101-17003283,0.0,,431.82,Eti Gong Pops Baharatlı Mısır & Pirinç Patlağı 110 G,a101
a101-17003284,0.0,,431.82,Eti Gong Pops Peynir Ve Soğan Mısır & Pirinç Patlağı 110 G,a101
a101-17003289,0.0,,634.62,Milka Oreolu Kurabiye 156 G,a101
a101-17003292,0.0,,763.89,Biscolata Stix Karamel Parçalı Bisküvi 36 G,a101
a101-17003301,0.0,,95.42,Xroll Tam Buğdaylı Bisküvi 131 G,a101
a101-17003302,0.0,,125.0,Xroll Fındıklı Kurabiye 100 G,a101
a101-17003303,0.0,,125.0,Xroll Damla Çikolatalı Kurabiye 100 G,a101
a101-17003309,0.0,,514.71,Eti Gong Ballı Hardallı Mısır & Pirinç Patlağı 34 G,a101
a101-17003328,0.0,,196.02,Torku Karamelce Karamel Kremalı Bisküvi 176 G,a101
a101-17003027,0.0,,225.0,Ülker Biskrem Cookie Çikolatalı Kurabiye 80 G,a101
a101-17003129,0.0,,131.58,Torku Mevsim Yeşillikli Kraker 76 G,a101
a101-17003139,0.0,,149.57,Ülker Çokoprens Kakao Kremalı Bisküvi 234 G,a101
a101-17003173,0.0,,306.67,"Şölen Ozmo Happy Sütlü Kremalı Bisküvi 6x37,5 G",a101
a101-17003353,0.0,,203.12,Kaju Bang Sade Mısır ve Pirinç Patlağı 32 G,a101
a101-17003354,0.0,,203.12,Kaju Bang Süt Mısır Aromalı Mısır ve Pirinç Patlağı 32 G,a101
a101-17003355,0.0,,234.38,Kaju Bang Barbekü Sos Aromalı Mısır ve Pirinç Patlağı 32 G,a101
a101-17003358,0.0,,156.25,Kaju Bang Yer Fıstıklı Mısır ve Pirinç Patlağı 32 G ,a101
a101-17003371,0.0,,239.13,Ülker Biskrem Extra Cookie Kurabiye 184 G,a101
a101-17003400,0.0,,535.71,Eti Kombo Çikolata Kaplı Bisküvi 56 G,a101
a101-17003402,0.0,,266.67,Ülker Altınbaşak Labneli Sandviç Kraker 60 G,a101
a101-17003406,0.0,,142.86,Çizi Haşhaşlı Baharatlı Kraker 70 G,a101
a101-17003407,0.0,,201.22,Çiziviç Haşhaşlı Baharatlı Kraker 82 G,a101
a101-17003329,0.0,,175.0,Torku Çubuk Kraker 200 G,a101
a101-17003029,0.0,,197.67,Ülker Krispi Acılı Çubuk Kraker 43 G,a101
a101-17003039,0.0,,105.88,Eti Crax Çubuk Kraker 85 G,a101
a101-17003071,0.0,,679.01,Glutensiz Ada Damalı Kurabiye 81 G,a101
a101-17003090,0.0,,166.67,Delites Hurmalı Bisküvi 120 G,a101
a101-17003127,0.0,,267.86,Torku Çikolatalı Ruşeymli Bisküvi 84 G,a101
a101-17003128,0.0,,131.58,Torku Nacho Kremalı Kraker 76 G,a101
a101-17002784,0.0,,158.73,Eti Peynirli Pizza Kraker 63 G,a101
a101-17002802,0.0,,416.67,Eti Kombo Çikolata Kaplı Bisküvi 84 G,a101
a101-17002803,0.0,,319.44,Ülker Çokomel Çilekli Marshmallow Bisküvi 3x12 G,a101
a101-17003175,0.0,,245.9,Eti Fındık Kremalı Bisküvi 61 G,a101
a101-17003176,0.0,,147.54,Eti Muz Kremalı Bisküvi 61 G,a101
a101-17003178,0.0,,147.54,Eti Çilek Kremalı Bisküvi 61 G,a101
a101-17003267,0.0,,306.25,Ülker Çizi Çıtır Tulum Peynirli Köz Biberli Çerez 80 G,a101
a101-17003219,0.0,,666.67,Time Up Karamel Kremalı Bisküvi 30 G,a101
a101-17003227,0.0,,283.95,Ülker Canpare Fındık Kremalı Bisküvi 3x81 G,a101
a101-17003228,0.0,,454.55,Ülker Çokomel Sade Marshmallowlu Bisküvi 22 G,a101
a101-17003232,0.0,,110.0,Oylum Tereyağlı Petibör Bisküvi 500 G,a101
a101-17003241,0.0,,253.97,Ülker İkram Fındık Kremalı Bisküvi 3x84 G,a101
a101-17003246,0.0,,366.67,Eti Kurabi Mini Kakaolu Kurabiye 150 G,a101
a101-17003248,0.0,,263.33,Eti Kurabi Mini Bademli Kurabiye 150 G,a101
a101-17003253,0.0,,190.0,Vals Çikolata Kaplı Bisküvi 50 G,a101
a101-17003257,0.0,,75.0,Oylum Petibör Bisküvi 1000 G,a101
a101-17002912,0.0,,175.0,Ülker Çubuk Kraker 80 G ,a101
a101-17002976,0.0,,235.29,Xroll Pofuduk Marshmallowlu Renkli Bisküvi 17 G,a101
a101-17002989,0.0,,250.0,Eti Burçak Proteinli Fındıklı Bisküvi 158 G,a101
a101-17003213,0.0,,176.79,Xroll Protein Bisküvi Muz Kremalı 10x28 G,a101
a101-17001647,0.0,,348.84,Ülker Dore Sütlü Çikolatalı Kremalı Bisküvi 86 G,a101
a101-17001670,0.0,,190.79,Eti Pizza Kraker 76 G,a101
a101-17001690,0.0,,250.0,Xroll Çikolata Kaplı Marshmallow Bisküvi 30 G,a101
a101-17001710,0.0,,437.5,Eti Puf Hindistan Cevizli Marshmallow Bisküvi 16 G,a101
a101-17001718,0.0,,215.38,Eti Cin Portakal Soslu Bisküvi 13x25 G,a101
a101-17001723,0.0,,346.49,Eti Burçak Sütlü Çikolatalı Bisküvi 114 G,a101
a101-17000436,0.0,,215.38,Eti Cin Çilek Soslu Bisküvi 13x25 G,a101
a101-17000467,0.0,,243.9,Hanımeller Kurabiye Çikolatalı 82 G,a101
a101-17000731,0.0,,169.38,Eti Burçak Sultani Üzümlü Bisküvi 3x123 G,a101
a101-17001813,0.0,,268.75,Eti Balık Kraker 160 G,a101
a101-17001822,0.0,,308.64,Ülker Canpare Çikolata Kremalı Bisküvi 81 G,a101
a101-17002547,0.0,,194.44,Ülker Altınbaşak Labneli Sandviç Kraker 3x60 G,a101
a101-17001826,0.0,,406.25,Eti Gong Mısır & Pirinç Patlağı 64 G,a101
a101-17001838,0.0,,320.0,Eti Form Limon Lifli Bisküvi 50 G,a101
a101-17001873,0.0,,253.97,Ülker İkram Çikolata Kremalı Bisküvi 3x84 G,a101
a101-17001899,0.0,,676.47,Fiorella Sütlü Çikolata Kaplı Bisküvi 102 G ,a101
a101-17001953,0.0,,225.0,Ülker Biskrem Kakaolu Kremalı Dolgulu Bisküvi 200 G,a101
a101-17002010,0.0,,184.48,Torku Tam Buğdaylı Bisküvi 3x131 G,a101
a101-17002015,0.0,,210.71,Ülker Çizi Peynirli Kraker 4x70 G,a101
a101-17002034,0.0,,159.84,Torku Fındık Kremalı Bisküvi 4x61 G,a101
a101-17002081,0.0,,388.89,Eti Puf Marshmallowlu Renkli Bisküvi 18 G,a101
a101-17002087,0.0,,180.72,Torku Kakaolu Kremalım Bisküvi 3x83 G,a101
a101-17001403,0.0,,335.37,Biscolata Starz Sütlü Çikolata Kaplamalı Bisküvi 82 G,a101
a101-17001422,0.0,,544.44,Eti Canga Bar Yer Fıstıklı Karamelli Çikolata 45 G,a101
a101-17001823,0.0,,154.32,Ülker Canpare Fındık Kremalı Bisküvi 81 G,a101
a101-17000017,0.0,,388.89,Eti Puf Marshmallowlu Kakaolu Bisküvi 18 G,a101
a101-17000026,0.0,,200.0,Eti Form Kepekli Bisküvi 5x45 G,a101
a101-17000110,0.0,,300.0,Eti Tutku Kakao Kremalı Mozaik Bisküvi 100 G,a101
a101-17000749,0.0,,742.86,Ülker Çikolata Uzun Sütlü 32 G,a101
a101-17000759,0.0,,625.0,Şölen Ozmo Hoppo Çikolatalı Bisküvi 40 G,a101
a101-17000771,0.0,,222.5,Eti Burçak Sütlü Kremalı Bisküvi 4x100 G,a101
a101-17000796,0.0,,741.67,Ülker Caramio Karamel Dolgulu Çikolata 55 G,a101
a101-17000982,0.0,,1350.0,"Kinder Süt Dolgulu Çikolata 8x12,5 G",a101
a101-17001002,0.0,,131.67,Xroll Kakao Kremalı Sandviç Bisküvi 10x30 G,a101
a101-17001193,0.0,,500.0,Haribo Chamallow Yumuşak Şeker 130 G,a101
a101-17001245,0.0,,260.16,Ülker Çiziviç Peynirli Kraker Sandviç 3x82 G,a101
a101-17001253,0.0,,206.67,Ülker Çokoprens Çikolata Kremalı Sandviç Bisküvi 10x30 G,a101
a101-17001622,0.0,,666.67,"Mentos Meyveli Draje Şeker 37,5 G",a101
a101-17001257,0.0,,508.77,Bounty Hindistan Cevizli Çikolata Bar 57 G,a101
a101-17001275,0.0,,240.0,Eti Kakaolu Bisküvi 125 G,a101
a101-17001380,0.0,,250.0,Xroll Karamelli Çikolata Bar 40 G,a101
a101-17000287,0.0,,267.86,Eti Susamlı Çubuk Kraker 56 G,a101
a101-17000303,0.0,,500.0,Eti Crax Chili Lime Kraker 50 G,a101
a101-17000305,0.0,,135.0,Çıtkırıldım Susamlı Çubuk Kraker 100 G,a101
a101-17001545,0.0,,153.33,Ülker Sade Pötibör Bisküvi 450 G,a101
a101-17001546,0.0,,1307.69,"Eti Petito Ayıcık Mini Çikolata 6,5 G",a101
a101-17001558,0.0,,1690.0,Milka Çilekli Yoğurtlu Çikolata 100 G,a101
a101-17001575,0.0,,184.48,Eti Burçak Buğdaylı Bisküvi 3x131 G,a101
a101-17001593,0.0,,483.87,Original Gourmet Sert Lolipop Şeker 31 G,a101
a101-17001612,0.0,,402.78,Ülker Albeni Çikolata Kaplı Karamelli Bisküvi 72 G,a101
a101-17001255,0.0,,890.0,Snickers Çikolata Bar 50 G,a101
a101-17002328,0.0,,333.33,Ülker Probis Proteinli Bisküvi 75 G,a101
a101-17002342,0.0,,335.71,Eti Mısırlı Balık Kraker 70 G,a101
a101-17002352,0.0,,363.64,Şölen Papita Sütlü Bisküvi 33 G ,a101
a101-17002088,0.0,,156.63,Torku Tam Kremalım Sütlü Kremalı Bisküvi 3x83 G,a101
a101-17002089,0.0,,160.13,Torku Turtacık Portakallı Jöleli Bisküvi 3x102 G,a101
a101-17002090,0.0,,398.99,Ülker Halley Çikolatalı Mini Granüllü Marshmallowlu Bisküvi 3x66 G,a101
a101-17002368,0.0,,321.43,Ülker Çokomel Marshmallow Bisküvi 35x12 G,a101
a101-17002370,0.0,,321.43,Ülker Çokomel Marshmallow Çilekli Bisküvi 35x12 G,a101
a101-17002390,0.0,,367.5,Ülker Altınbaşak Çörekotlu & Kinoalı Bisküvi 5x40 G,a101
a101-17002436,0.0,,346.49,Eti Burçak Bitter Çikolatalı Bisküvi 114 G,a101
a101-17002454,0.0,,200.0,Çıtkırıldım Mısırlı Balık Kraker 70 G,a101
a101-17002464,0.0,,140.0,Ülker Pötibör Bisküvi 4x200 G,a101
a101-17001466,0.0,,500.0,Eti Form Bitter Çikolatalı Light Bisküvi 50 G,a101
a101-17002469,0.0,,250.0,Ülker Hanımeller Karma Tuzlu Kurabiye 150 G,a101
a101-17002472,0.0,,282.61,Ülker Biskrem Extra Kakaolu Krema Dolgulu Bisküvi 184 G,a101
a101-17002476,0.0,,209.52,Eti Ay Çöreği Kurabiye 105 G,a101
a101-17002486,0.0,,125.0,Xroll Kremalı Bisküvi 4x75 G,a101
a101-17002487,0.0,,153.85,Ülker Çubuk Kraker 195 G,a101
a101-17002508,0.0,,222.5,Eti Burçak Sütlü Kakaolu Bisküvi 4x100 G,a101
a101-17002220,0.0,,96.67,Xroll Finger Bisküvi 450 G,a101
a101-17002252,0.0,,273.81,Torku Ruşeymli Çikolata Kaplamalı Bisküvi 3x84 G,a101
a101-17002253,0.0,,277.78,Torku Tam Ruşeymli Orman Meyveli Bisküvi 3x84 G,a101
a101-17002536,0.0,,243.75,Eti Crax Baharatlı Çubuk Kraker 80 G,a101
a101-17002537,0.0,,243.75,Eti Crax Peynirli Çubuk Kraker 80 G,a101
a101-17002542,0.0,,250.0,Ülker Hanımeller Kurabiye 150 G,a101
a101-17002467,0.0,,177.63,Ülker Hanımeller Tereyağlı Kurabiye 152 G ,a101
a101-17002099,0.0,,400.0,Eti Puf Marshmallowlu Orman Meyveli Dolgulu Bisküvi 20 G,a101
a101-17002135,0.0,,500.0,Eti Crax Acı Baharatlı Kraker 50 G,a101
a101-17002144,0.0,,378.79,Eti Kurabi Yulaflı Yer Fıstıklı Kakaolu Kurabiye 198 G,a101
a101-17002153,0.0,,625.0,Ozmo Burger 36 G,a101
a101-17002159,0.0,,92.86,Torku Pötibör Bisküvi 4x175 G,a101
a101-17002165,0.0,,214.91,Eti Cin Portakal Soslu Bisküvi 114 G,a101
a101-17002175,0.0,,477.94,Eti Gong Acı Peynirli Mısır Ve Pirinç Patlağı 68 G,a101
a101-17002186,0.0,,185.71,Eti Crax Baharatlı Kraker 175 G,a101
a101-17002188,0.0,,185.71,Eti Crax Peynirli Kraker 175 G,a101
a101-17002193,0.0,,219.3,Eti Cin Portakal Jöleli Bisküvi 3X114 G,a101
a101-17002200,0.0,,277.11,Torku Tam Çikolatam Süt Kremalı Bisküvi 3x83 G,a101
a101-17002201,0.0,,477.94,Eti Gong Hardallı Mısır ve Pirinç Patlağı 68 G,a101
a101-17002296,0.0,,398.31,Ülker Halley Karadut Marmelatlı Bisküvi 236 G,a101
a101-17001772,0.0,,204.55,Ülker Biskrem Kakaolu Krema Dolgulu Bisküvi 3x100 G,a101
a101-17001776,0.0,,231.56,Ülker Kremalı Muzlu Bisküvi 4x61 G,a101
a101-17001802,0.0,,110.0,Çıtkırıldım Çubuk Kraker 150 G,a101
a101-17002256,0.0,,159.57,Tortu Turtacık Çilek Jöleli Bisküvi 94 G,a101
a101-17002265,0.0,,220.0,Ülker Saklıköy Sütlü Kremalı Çikolatalı Bisküvi 100 G,a101
a101-17002267,0.0,,187.5,Ülker Çubuk Kraker 40 G,a101
a101-17002268,0.0,,470.78,Ülker Coco Star Çikolata Kaplı Bisküvi 7x22 G,a101
a101-17002269,0.0,,391.67,Ülker Halley Sütlü Çikolatalı Bisküvi 8x30 G,a101
a101-17002275,0.0,,282.14,Ülker Probis Kremalı Bisküvi 10x28 G,a101
a101-17002278,0.0,,250.0,Ülker Biskrem Kakaolu Krema Dolgulu Bisküvi 100 G,a101
a101-17002280,0.0,,197.67,Ülker Krispi Peynirli Çubuk Kraker 43 G,a101
a101-17002281,0.0,,197.67,Ülker Krispi Baharatlı Çubuk Kraker 43 G ,a101
a101-17002219,0.0,,89.0,Xroll Pötibör Bisküvi 1 Kg,a101
a101-17003749,0.0,,100.0,Oylum Portakal Aromalı Petibör Bisküvi 500 G ,a101
a101-17003750,0.0,,133.93,Oylum Fındık Kremalı Bisküvi 224 G ,a101
a101-17003686,0.0,,112.5,Kikirik Tuzlu Kraker 40 G ,a101
a101-17003687,0.0,,631.82,Biscolata Mood Bitter Çikolatalı Bisküvi 110 G ,a101
a101-17003691,0.0,,225.0,Xroll Pofuduk Kırmızı Meyveli Marshmallowlu Bisküvi 20 G ,a101
a101-17003755,0.0,,265.96,Ülker Hanımeller Limon Soslu Rulo Kurabiye 94 G ,a101
a101-17003756,0.0,,279.02,Ülker Probis Kremalı Bisküvi 2x224 G,a101
a101-17003757,0.0,,342.86,Ülker Çizi Bigbang Krem Peyniri & Kırmızı Biber Aromalı Burgu Kraker 70 G ,a101
a101-17003758,0.0,,222.22,Bonucci Lucy Burger Bisküvi Bitter Marshmallow 45 G ,a101
a101-17003759,0.0,,222.22,Bonucci Lucy Burger Bisküvi Antep Fıstıklı 45 G ,a101
a101-17003762,0.0,,255.56,Eti Muz Kremalı Petibör Bisküvi 270 G ,a101
a101-17003408,0.0,,244.44,Ülker Probis Kremalı Bisküvi 3x75 G,a101
a101-17003764,0.0,,287.5,Ülker Krispi Tırtıklı Acılı Çerez 120 G,a101
a101-17003769,0.0,,359.09,Eti Burçak Fesleğen Tahıl Cipsi 110 G,a101
a101-17003770,0.0,,416.67,Eti Benimo Kombo Fındık Kremalı Bisküvi 84 G ,a101
a101-17003771,0.0,,437.5,Yayla Thin Mısır & Pirinç Patlağı Basmati 80 G,a101
a101-17003772,0.0,,294.12,Yayla Mısır & Pirinç Patlağı Süt Mısır 68 G,a101
a101-17003773,0.0,,368.42,Ülker Çokokrem 19 G,a101
a101-17003727,0.0,,250.0,Ülker Çizi Big Bang Taco Aromalı Çubuk Kraker 50 G,a101
a101-17003728,0.0,,250.0,Ülker Çizi Big Bang Ranch ve Cheddar Aromalı Çubuk Kraker 50 G,a101
a101-17003731,0.0,,160.0,Bang Krater Süt Mısır Kraker 50 G ,a101
a101-17003796,0.0,,231.25,Ülker Krispi Baharatlı Çubuk Kraker 80 G,a101
a101-17003797,0.0,,463.33,"Şölen Greta Portakallı Kraker 4x37,5 G",a101
a101-17003798,0.0,,242.11,Ülker Kremalı Bisküvi 95 G,a101
a101-17003763,0.0,,287.5,Ülker Krispi Tırtıklı Baharatlı Çerez 120 G,a101
a101-17003695,0.0,,369.32,Ülker Halley Çikolata Kaplı Marshmallow Bisküvi 88 G ,a101
a101-17003696,0.0,,408.33,Altınbaşak Taco Aromalı & Kinoalı Çerez Tahıl Cipsi 120 G,a101
a101-17003697,0.0,,666.67,Eti Gong Sütlü Kakaolu Pirinç Patlağı 30 G,a101
a101-17003698,0.0,,275.0,Ülker Çizi Çıtır Trüf Kraker 160 G ,a101
a101-17003699,0.0,,666.67,Eti Gong Çilekli Yoğurtlu Pirinç Patlağı 30 G,a101
a101-17003702,0.0,,409.09,Ülker Cocostar Marshmallow Bisküvi 24x22 G,a101
a101-17003713,0.0,,188.49,Ülker Haylayf Kremalı Bisküvi 3x84 G,a101
a101-17003714,0.0,,402.54,Ülker Halley Elma Tarçın Dolgulu Bisküvi 236 G,a101
a101-17003717,0.0,,129.77,Oylum Tam Buğdaylı Bisküvi 3x131 G,a101
a101-17003720,0.0,,1300.0,Hero Goodies Pizza Tadında Karabuğday & Nohut Cipsi 30 G,a101
a101-17003724,0.0,,287.5,Eti Burçak Fesleğen Aromalı Tahıl Cipsi 40 G,a101
a101-17003725,0.0,,785.71,Biscolata Stix Sütlü Çikolatalı Bisküvi 4x35 G ,a101
a101-17003747,0.0,,133.93,Oylum Vanilya Kremalı Bisküvi 224 G ,a101
a101-17003633,0.0,,143.75,Xroll Siyahım Muz Kremalı Bisküvi 80 G ,a101
a101-17003634,0.0,,490.0,Üstad Tereyağlı Çıtır Burgu Kraker 100 G,a101
a101-17003732,0.0,,130.0,Kaju Bang Krater Peynir Aromalı Çubuk Kraker 50 G  ,a101
a101-17003733,0.0,,130.0,Kaju Bang Krater Baharatlı Çubuk Kraker 50 G  ,a101
a101-17003734,0.0,,160.0,Bang Krater Acı Biberli Kraker 50 G ,a101
a101-17003735,0.0,,278.57,Ülker Çizi Bigbang Yer Fıstık Dolgulu Kraker 70 G,a101
a101-17003737,0.0,,200.0,Eti Crax Mexican Chili Kraker 50 G,a101
a101-17003739,0.0,,200.0,Eti Crax Pesto Aromalı Kraker 50 G,a101
a101-17003740,0.0,,310.53,Ülker Çizi Peynir&Soğan Kraker 190 G ,a101
a101-17003743,0.0,,250.0,Ülker Biskrem Kakaolu Krema Dolgulu Bisküvi 40 G,a101
a101-17003744,0.0,,354.17,Torku Ritmo Sütlü Çikolata Kaplamalı Marshmallowlu Sandviç Bisküvi,a101
a101-17003745,0.0,,357.14,C&C Cinoman Çikolata Kaplamalı Bisküvi 14 G ,a101
a101-17003632,0.0,,143.75,Xroll Siyahım Sade Kremalı Bisküvi 80 G ,a101
a101-17003778,0.0,,437.5,Yayla Thin Mısır & Pirinç Patlağı Ekşi Krema & Soğan 80 G ,a101
a101-17003793,0.0,,463.33,"Şölen Greta Üzümlü Kraker 4x37,5 G",a101
a101-18000369,0.0,,46.33,Galle Salatalık Turşusu No:2 3000 G,a101
a101-18000381,0.0,,64.29,Tukaş Domates Rendesi 700 G,a101
a101-18000401,0.0,,119.88,Çokça Karışık Salça 830 G,a101
a101-18000429,0.0,,87.72,Burcu Konserve Garnitür 570 G,a101
a101-18000581,0.0,,19.83,Billur Salamura Tuz 3 Kg,a101
a101-18000612,0.0,,1100.0,İnci Çubuk Tarçın 100 G,a101
a101-18000623,0.0,,279.03,Knorr Tavuk Suyu Bulyon 24'lü,a101
a101-18000861,0.0,,490.0,İnci Kök Zencefil 100 G,a101
a101-18000992,0.0,,453.12,Wawa Konserve Ton Balığı 2x160 G,a101
a101-18001046,0.0,,367.65,Kühne Cüccü Kornişon Turşu 340 G,a101
a101-17003799,0.0,,231.25,Ülker Krispi Peynirli Çubuk Kraker 80 G,a101
a101-18001087,0.0,,1196.0,Kemal Kükrer Nar Ekşisi 250 ml,a101
a101-18001151,0.0,,241.94,Burcu Konserve Mantar 310 G,a101
a101-17003854,0.0,,900.0,Yayla Quadro Nohut Patlıcan Ispanak Patlağı 50 G ,a101
a101-17003857,0.0,,450.0,Mcvities Ekşi Kremalı Kraker 110 G ,a101
a101-18000057,0.0,,109.0,Billur Tuzluklu Tuz 500 G,a101
a101-18001371,0.0,,43.0,Salti Tuz 500 G,a101
a101-18001379,0.0,,379.0,Öncü Pul Biber 500 G,a101
a101-18001391,0.0,,440.0,Dardanel Ton Balığı 125 G,a101
a101-18001395,0.0,,16.0,Samire Tuz 1500 G,a101
a101-18001423,0.0,,120.83,Diyar Karbonat 120 G,a101
a101-18001521,0.0,,270.0,Kemal Kükrer Elma Sirkesi 500 ml,a101
a101-18001540,0.0,,24.44,Salti Salamura Tuz 2250 G,a101
a101-18001069,0.0,,88.39,Tukaş Garnitür 560 G,a101
a101-17003802,0.0,,270.59,Mcvitie's Hobnobs Yulaflı Bisküvi 255 G ,a101
a101-17003803,0.0,,318.18,Ülker Çokomel Çilek Marshmallow XL Bisküvi 22 G  ,a101
a101-17003808,0.0,,214.91,Eti Cin Karadut Limon Jöleli Bisküvi 114 G ,a101
a101-17003811,0.0,,216.0,Ülker Saklıköy Sütlü Kremalı Maxi Bisküvi 125 G ,a101
a101-17003820,0.0,,1280.0,"Lotus Biscoff Karamelli Bisküvi 25x6,25 G ",a101
a101-17003823,0.0,,396.88,Ülker Çizi Çıtır Kraker Cheddar&Soğan 160 G ,a101
a101-17003825,0.0,,396.88,Ülker Çizi Çıtır Kraker Ranch Sos&Turşu 160 G ,a101
a101-17003834,0.0,,266.67,"Eti Petibör Bisküvi 22,5 G ",a101
a101-17003842,0.0,,169.23,Anı Crack Kraker Paprika 65 G  ,a101
a101-17003751,0.0,,416.67,Eti Benimo Kombo Çikolata Kaplı Bisküvi 84 G,a101
a101-17003752,0.0,,324.07,Ülker Hanımeller Portakallı Çikolatalı Tart 108 G ,a101
a101-17003754,0.0,,166.67,Ülker Çokoprens Çikolata Kremalı Bisküvi 2x240G ,a101
a101-17003776,0.0,,294.12,Yayla Mısır & Pirinç Patlağı Acı Barbekü 68 G,a101
a101-18000077,0.0,,75.0,Torku Üzüm Sirkesi 1 L,a101
a101-18000093,0.0,,1773.33,Dardanel Konserve Ton Balığı 3x75 G,a101
a101-18000122,0.0,,120.91,Tukaş Kornişon 330 G,a101
a101-18000125,0.0,,87.5,Tukaş Cam Bezelye 680 G,a101
a101-18000159,0.0,,34.75,Yakamoz Üzüm Sirkesi 2000 ml,a101
a101-18000246,0.0,,59.64,Doğuş Domates Salçası 830 G ,a101
a101-18000288,0.0,,43.17,Çınarköy Turşu Yap Turşuluk Sirkeli Salamura 3000 ml,a101
a101-18000294,0.0,,177.38,Çokça Mayonez 840 G,a101
a101-18000296,0.0,,83.0,Çokça Acılı Ketçap 1000 G,a101
a101-18000297,0.0,,83.0,Çokça Ketçap 1000 G,a101
a101-18000315,0.0,,375.47,Calve Acı Sos 265 G ,a101
a101-18000329,0.0,,157.63,Tukaş Acı Sos 380 G,a101
a101-18000060,0.0,,66.33,Galle Biberiye Turşu 3000 G,a101
a101-17003486,0.0,,198.86,Torku Premio XL Kremalı Bisküvi 176 G,a101
a101-17003488,0.0,,164.38,Ülker Saklıköy Şekersiz Kremalı Bisküvi 73 G,a101
a101-17003492,0.0,,535.71,Ülker Cevizli Kremalı Bisküvi 28 G,a101
a101-17003493,0.0,,408.33,Ülker Altınbaşak Kraker Tahıl Cipsi 120 G,a101
a101-17003496,0.0,,475.0,Eti Gong Pops Kore Barbekü Mısır ve Pirinç Patlağı 80 G,a101
a101-17003497,0.0,,475.0,Eti Gong Pops Meksika Taco Mısır ve Pirinç Patlağı 80 G,a101
a101-17003498,0.0,,475.0,Eti Gong Pops Parmesanlı Mısır ve Pirinç Patlağı 80 G,a101
a101-17003499,0.0,,363.64,McVitie's Barbekülü Kraker 110 G,a101
a101-17003500,0.0,,450.0,McVitie's Acı Tatlı Soslu Kraker 110 G,a101
a101-17003424,0.0,,300.0,Eti Ketçaplı Kırmızı Balık Kraker 65 G,a101
a101-17003425,0.0,,140.0,Ülker Çifte Kavrulmuş Petibör Bisküvi 4x200 G,a101
a101-17003694,0.0,,235.29,Xroll Pofuduk Çilekli Marshmallowlu Bisküvi 17 G ,a101
a101-17003507,0.0,,116.67,Ülker Sade Çubuk Kraker Uzuuun 60 G,a101
a101-17003508,0.0,,176.69,Mc Vitie's Yulaflı Bisküvi 133 G,a101
a101-17003510,0.0,,217.5,McVitie's Saklıköy Çikolata Kremalı Bisküvi 4x100 G,a101
a101-17003515,0.0,,277.78,Ülker Çokoturta Portakallı Bisküvi 108 G,a101
a101-17003519,0.0,,127.19,Xroll Jeli Çilek Aromalı Jöleli Bisküvi 114 G,a101
a101-17003522,0.0,,400.0,Eti Puf Marshmallowlu Tuzlu Karamelli Dolgulu Bisküvi 20 G,a101
a101-17003526,0.0,,185.0,Oylum Yuvarlak Baharatlı Kraker 100 G,a101
a101-17003527,0.0,,550.0,Ozmo Hoppo Çikolata Kremalı Bisküvi 12x25 G ,a101
a101-17003530,0.0,,433.33,Chipsm Cheddar Aromalı Kraker 30 G ,a101
a101-17003535,0.0,,139.29,Ülker Çizi Haşhaşlı Baharatlı Kraker 4x70 G ,a101
a101-17003536,0.0,,226.15,"Ülker Hanımeller İncirli Kurabiye 141,5 G ",a101
a101-17003537,0.0,,276.19,Ülker Halley Bitter Çikolatalı Bisküvi 7x30 G ,a101
a101-17003426,0.0,,307.97,Ülker Hanımeller Hindistan Cevizli ve Çikolatalı Kurabiye 138 G,a101
a101-17003409,0.0,,267.44,Ülker Dore Çikolata Kaplamalı Bisküvi 3x86 G,a101
a101-17003420,0.0,,176.37,"Ülker Hanımeller Frambuaz Kremalı Kurabiye 3x94,5 G",a101
a101-17003421,0.0,,287.88,Oreo Kakaolu Kremalı Bisküvi 66 G,a101
a101-17003259,0.0,,116.67,Xroll Yulaflı Kremalı Bisküvi 4x75 G,a101
a101-17003261,0.0,,153.33,Ülker Çifte Kavrulmuş Pötibör Bisküvi 450 G,a101
a101-17003266,0.0,,306.25,Ülker Çizi Çıtır Peynirli Soğanlı Çerez 80 G,a101
a101-17003427,0.0,,170.08,Ülker Rondo Kakaolu Kremalı Bisküvi 4x61 G,a101
a101-17003430,0.0,,208.63,Ülker Hanımeller Zencefilli Kurabiye 139 G,a101
a101-17003435,0.0,,333.33,Milka Yulaflı Çikolatalı Bisküvi 126 G,a101
a101-17003436,0.0,,408.33,Chips Master Kajun Aromalı Kraker 60 G,a101
a101-17003437,0.0,,408.33,Chipsm Süt Mısır Aromalı Kraker 60 G,a101
a101-17003441,0.0,,187.5,Eti Petit Beurre Petibör Bisküvi 200 G,a101
a101-17003485,0.0,,236.95,Torku Tam Çikolatam Çilekli Bisküvi 3x83 G,a101
a101-17003449,0.0,,433.33,Chipsm Barbekü Aromalı Kraker 30 G,a101
a101-17003450,0.0,,150.0,Çıtkırıldım Peynirli Kraker 60 G,a101
a101-17003452,0.0,,150.0,Çıtkırıldım Baharatlı Kraker 60 G,a101
a101-17003465,0.0,,162.6,Çiziviç Haşhaşlı Peynirli Kraker 3x82 G,a101
a101-17003474,0.0,,217.5,McVitie's Saklıköy Sütlü Kremalı Tam Tahıllı Bisküvi 4x100 G,a101
a101-17003475,0.0,,478.72,Ülker Stars Cookie Albeni Kurabiye 47 G,a101
a101-17003330,0.0,,255.56,Eti Çikolata Kremalı Pötibör Bisküvi 270 G,a101
a101-17003341,0.0,,80.65,Porleo Kakaolu Kremalı Bisküvi 62 G,a101
a101-17003344,0.0,,502.96,"Mc Vitie's Karadutlu Beyaz Çikolatalı Bisküvi 84,5 G",a101
a101-17003479,0.0,,230.77,Flatzel Thins Peynirli Kraker 65 G,a101
a101-17003480,0.0,,230.77,Flatzel Thins Habanero & Lime Kraker 65 G ,a101
a101-17003481,0.0,,230.77,Flatzel Thins Ekşi Krema & Soğan Kraker 65 G,a101
a101-17003443,0.0,,80.65,Porleo Vanilya Kremalı Bisküvi 62 G,a101
a101-17003623,0.0,,408.33,Ülker Çizi Çıtır Peynirli Soğanlı Çerez 120 G,a101
a101-17003624,0.0,,175.44,Eti Cin Elma Tarçın Jöleli Bisküvi 114 G ,a101
a101-17003625,0.0,,266.67,Eti Burçak Kurabi Tahinli Yer Fıstıklı Bisküvi 75 G ,a101
a101-17003626,0.0,,266.67,Eti Burçak Kurabi Kakaolu Fındıklı Bisküvi 75 G ,a101
a101-17003628,0.0,,500.0,Ülker Çizi Çıtır Biftekli Kraker 50 G,a101
a101-17003631,0.0,,220.0,Üstad Tereyağlı Bisküvi 450 G,a101
a101-17003541,0.0,,367.65,Eti Gong Peynirli Baharatlı Mısır ve Pirinç Patlağı 34 G,a101
a101-17003543,0.0,,203.12,Kaju Bang Karamelli Bisküvi Mısır ve Pirinç Patlağı 32 G,a101
a101-17003546,0.0,,234.38,Kaju Bang Cheddar Aromalı Pirinç Patlağı 32 G,a101
a101-17003635,0.0,,143.75,Xroll Siyahım Çilek Kremalı Bisküvi 80 G ,a101
a101-17003638,0.0,,303.57,Ülker Kat Kat Tat Çokokrem Kremalı 28 G ,a101
a101-17003647,0.0,,433.33,Eti Tutku Çikolata Dolgulu Tart Bisküvi 45 G,a101
a101-17003539,0.0,,366.67,Ülker Çizi Çıtır Peynirli & Biftek Aromalı Çerez 120 G ,a101
a101-17003650,0.0,,1983.33,Hero Goodies Süt Mısır Aromalı Kraker 30 G ,a101
a101-17003654,0.0,,261.48,"Ülker Hanımeller Elmalı Tarçınlı Kurabiye 141,5 G ",a101
a101-17003655,0.0,,310.53,Ülker Çizi Çıtır Tulum Peyniri ve Közbiber Aromalı Çerez 190 G ,a101
a101-17003656,0.0,,257.64,Ülker Pötibör Çokokrem Kremalı Bisküvi 229 G ,a101
a101-17003658,0.0,,224.14,Eti Burçak Tuzlu Peynirli Bisküvi 87 G ,a101
a101-17003659,0.0,,297.5,Xroll Kakaolu Fındık Kremalı Bisküvi 200 G ,a101
a101-17003661,0.0,,310.53,Ülker Çizi Çıtır Biftek Aromalı Çerez 190 G ,a101
a101-17003669,0.0,,983.33,Taki Stix Chili Lime Aromalı Kraker 30 G ,a101
a101-17003677,0.0,,975.0,Wefood Glutensiz Tahinli Kraker 40 G ,a101
a101-17003587,0.0,,120.0,Şimşek Monro Vanilya Kremalı Bisküvi 50 G ,a101
a101-17003588,0.0,,120.0,Şimşek Monro Kakaolu Vanilya Kremalı Bisküvi 50 G ,a101
a101-17003600,0.0,,357.14,Ülker Çizi Peynir Kaplamalı & Baharatlı Pretzel Kraker 70 G ,a101
a101-17003649,0.0,,277.78,McVitie's Kakaolu Kremalı Bisküvi 90 G ,a101
a101-17003476,0.0,,478.72,Ülker Stars Cookie Cocostar Kurabiye 47 G,a101
a101-17003477,0.0,,617.02,Ülker Stars Cookie Çikolatalı Kurabiye 47 G,a101
a101-17003478,0.0,,204.17,Vals Kakao Kaplamalı Marshmallowlu Bisküvi 24x10 G,a101
a101-17003548,0.0,,234.38,Kaju Bang Peynir & Soğan Pirinç Patlağı 32 G,a101
a101-17003549,0.0,,234.38,Kaju Bang Lime & Acı Aromalı Pirinç Patlağı 32 G,a101
a101-17003554,0.0,,320.22,Ülker Hanımeller Sütlü Çikolata Kaplı Kurabiye 89 G,a101
a101-17003555,0.0,,185.0,Oylum Domates Aromalı Yuvarlak Kraker 100 G ,a101
a101-17003560,0.0,,390.0,Ülker Altınbaşak Taco Aromalı & Kinoalı Çerez Tahıl Cipsi 50 G,a101
a101-17003561,0.0,,1000.0,Wefood Glutensiz Zeytinli Light Kraker 40 G ,a101
a101-17003565,0.0,,445.86,"Saklıköy Antep Fıstığı Kremalı Bisküvi 78,5 G ",a101
a101-17003567,0.0,,162.55,Canpare Çikolata Kremalı Bisküvi 3x81 G ,a101
a101-17003568,0.0,,125.0,Xroll Muzlu Kremalı Bisküvi 4x75 G,a101
a101-17003619,0.0,,134.62,Ülker Finger Bisküvi 117 G ,a101
a101-17003571,0.0,,250.0,Eti Çıtır Balık Kraker 70 G ,a101
a101-17003572,0.0,,145.0,Oylum Kekikli Yuvarlak Kraker 100 G ,a101
a101-17003582,0.0,,333.33,Ülker Çizi Çıtır Mac Cheese Çerez 120 G,a101
a101-17003501,0.0,,123.38,Torku Tatkrak Baharatlı Kraker 77 G ,a101
a101-17003503,0.0,,200.0,Torku Turtacık Portakal Jöleli Bisküvi 25 G,a101
a101-17003505,0.0,,123.38,Torku Tatkrak Peynirli Kraker 77 G ,a101
a101-17003607,0.0,,500.0,Tutku Antep Fıstığı Dolgulu Bisküvi 90 G ,a101
a101-17003612,0.0,,346.53,Ülker Probis Şeker İlavesiz Midi Boy 101 G  ,a101
a101-17003614,0.0,,397.06,Eti Gong Falafel Aromalı Mısır & Pirinç Patlağı 68 G ,a101
a101-17003615,0.0,,441.18,Eti Gong Süt Mısır & Acı Mısır ve Pirinç Patlağı 68 G ,a101
a101-17003617,0.0,,272.73,Eti Crax Thins Mexican Chili Kraker 110 G ,a101
a101-17003618,0.0,,272.73,Eti Crax Thins Tatlı Biber Ekşi Krema Kraker 110 G ,a101
a101-17003569,0.0,,125.0,Xroll Çilekli Kremalı Bisküvi 4x75 G,a101
a101-12002055,0.0,,215.22,Torku Coco Tropico Beyaz Çikolatalı Hindistan Cevizi Aromalı Sütlü İçecek 230 ml,a101
a101-12002059,0.0,,125.0,Danone Çilekli Süt 6x180 ml,a101
a101-12002077,0.0,,51.8,"Sütaş Ayran 2,5 L",a101
a101-12002086,0.0,,393.33,Sek Zeytinli Kekikli Sürülebilir Taze Peynir 150 G,a101
a101-12001506,0.0,,187.5,Pınar Çocuk Sütü 200 Ml,a101
a101-12001507,0.0,,410.0,Pınar Dilimli Tost Peyniri 200 G,a101
a101-12001512,0.0,,495.0,Pınar Dilimli Cheddar Peyniri 200 G,a101
a101-12002128,0.0,,155.71,Ahir Kaymaklı Sürülebilir Peynir 700 G,a101
a101-12002138,0.0,,286.67,Ahir Tam Yağlı Taze Beyaz Peynir 750 G,a101
a101-12002141,0.0,,326.67,Pınar Labne 750 G,a101
a101-12002148,0.0,,197.5,Torku Krem Peynir 400 G,a101
a101-13003404,0.0,,62.5,Sırma Isabella Maden Suyu 6x200 ml ,a101
a101-12002188,0.0,,57.5,Birşah Yarım Yağlı Homojenize Yoğurt 2 Kg,a101
a101-12002189,0.0,,362.5,Birşah Krema 200 ml,a101
a101-12002212,0.0,,522.39,Disney Hüpper Çilek Aromalı Yoğurt 67 G,a101
a101-12002219,0.0,,97.5,Sütaş Laktozsuz Süt 200 ml,a101
a101-12002223,0.0,,79.5,Sütaş Laktozsuz Süt 1 L,a101
a101-12002233,0.0,,125.0, Hüptrik Meyveli Yoğurt 3x30 G,a101
a101-12002243,0.0,,419.0,Ekici Tam Yağlı Süzme Peynir 1 KG,a101
a101-12002251,0.0,,87.5,Pınar Laktozsuz Süt 1 L,a101
a101-12001782,0.0,,65.83,Birşah Tam Yağlı Homojenize Yoğurt 3 Kg,a101
a101-12001785,0.0,,64.95,Sek Yarım Yağlı Süt 1 L,a101
a101-12001791,0.0,,358.0,İçim Süzme Peynir 250 G,a101
a101-12002275,0.0,,996.0,Torku Tereyağı 250 G,a101
a101-12002149,0.0,,57.5,Birşah Yarım Yağlı Homojenize Yoğurt 2 Kg,a101
a101-12000587,0.0,,299.0,Pınar Tam Yağlı Süzme Beyaz Peynir 1 Kg,a101
a101-12001533,0.0,,625.0,Pınar Beyaz Sürülebilir Taze Peynir 180 G,a101
a101-12001534,0.0,,552.78,Pınar Labne 180 G,a101
a101-12001579,0.0,,498.33,Bozbeyi Tam Yağlı Olgunlaştırılmış İnek Peyniri 600 G,a101
a101-12001582,0.0,,74.95,Pınar Yarım Yağlı Süt 1 L,a101
a101-12001590,0.0,,795.0,Yörükoğlu Tereyağı 1 Kg,a101
a101-12001604,0.0,,329.0,Sütaş Tam Yağlı Süzme Peynir 1 Kg,a101
a101-12001610,0.0,,147.5,Sek Çikolatalı Pastörize Süt 200 ml,a101
a101-12001621,0.0,,362.5,İçim Labne Sürülebilir Peynir 400 G,a101
a101-12001623,0.0,,326.67,İçim Tam Yağlı Süzme Peynir 750 G,a101
a101-12001778,0.0,,80.0,Birşah Tam Yağlı Homojenize Yoğurt 500 G,a101
a101-12001779,0.0,,70.67,"Birşah Tam Yağlı Homojenize Yoğurt 1,5 Kg",a101
a101-12002054,0.0,,215.22,Torku Banada Çikolatalı Süt 230 ml,a101
a101-12001781,0.0,,65.83,Birşah Tam Yağlı Homojenize Yoğurt 3 Kg,a101
a101-12001232,0.0,,103.33,Kebir Bidon Yoğurt 1500 G,a101
a101-12001264,0.0,,73.77,Danone Kakaolu Süt 9x180 ml ,a101
a101-12001287,0.0,,87.5,Eker Sade Kefir 1 L,a101
a101-12001792,0.0,,134.75,İçim Çocuk Devam Sütü 200 ml,a101
a101-12001793,0.0,,837.5,İçim Dilimli Burger Peyniri 200 G,a101
a101-12001829,0.0,,796.0,Ünal Eski Kaşar Peyniri 250 G,a101
a101-12001913,0.0,,198.0,Altınkılıç Kefirix Yaban Mersinli Kefir 250 ml,a101
a101-12001975,0.0,,212.0,Danone Danissimo Kırmızı Meyve Parçalı Yoğurt 125 G,a101
a101-12001983,0.0,,400.0,Pınar Tam Yağlı Süzme Peynir 500 G,a101
a101-12002016,0.0,,899.0,Ekici Kaşar Peyniri 1 L,a101
a101-12002046,0.0,,899.0,Muratbey Tam Yağlı Taze Kaşar Peyniri 1 Kg,a101
a101-12001780,0.0,,70.67,"Birşah Tam Yağlı Homojenize Yoğurt 1,5 Kg",a101
a101-12002488,0.0,,600.0,Torku Tam Yağlı Tost Peyniri 600 G,a101
a101-12002260,0.0,,159.0,Pınar Protein Vanilya Aromalı Laktozsuz Süt 500 ml ,a101
a101-12002261,0.0,,159.0,Pınar Protein Süt Çilekli 500 ml,a101
a101-12002264,0.0,,386.25,Torku Labne 400 G,a101
a101-12002545,0.0,,498.0,Altınkılıç Tam Yağlı Olgunlaştırılmış İnek Peyniri 500 G,a101
a101-12002546,0.0,,225.0,Milkten Çikolatalı Labne 200 G,a101
a101-12002548,0.0,,780.0,Ekici Top Peynirim 250 G,a101
a101-12002549,0.0,,780.0,Ekici Peynir Çubukları 250 G,a101
a101-12002555,0.0,,479.63,President Cheddarlı Krem Peynir 270 G,a101
a101-12002565,0.0,,292.86,Pınar Beyaz Sürülebilir Taze Peynir 350 G,a101
a101-12002573,0.0,,575.56,Ahir Tulum Peyniri 450 G,a101
a101-12002280,0.0,,142.5,Pınar Yarım Yağlı Süt 200 ml,a101
a101-12002601,0.0,,215.22,Torku Mocha Kahveli Sütlü İçecek 230 ml ,a101
a101-12002604,0.0,,975.0,Muratbey Tel Peyniri 200 G,a101
a101-12002605,0.0,,975.0,Muratbey Burgu Peynir 200 G,a101
a101-12002606,0.0,,975.0,Muratbey Topi Peynir 200 G,a101
a101-12002611,0.0,,1045.0,Muratbey Anadolu Lezzetleri Peynir 200 G,a101
a101-12002382,0.0,,119.44,Pınar Kido Çilekli Süt 180 ml,a101
a101-12002383,0.0,,119.44,Pınar Kido Muzlu Süt 180 ml,a101
a101-12002384,0.0,,119.44,Pınar Kido Kakaolu Süt 180 ml,a101
a101-12002641,0.0,,82.5,Birşah Milkino Kakaolu Süt 200 ml,a101
a101-12002642,0.0,,279.0,Ahir Tam Yağlı Taze Beyaz Peynir 1 Kg,a101
a101-12002643,0.0,,36.25,Pınar Laktozsuz Süt 4x1 L,a101
a101-12002644,0.0,,325.0,Milkten Sürülebilir Taze Peynir 200 G,a101
a101-12002600,0.0,,215.22,Torku Kahveli Sütlü İçecek 230 ml ,a101
a101-12002289,0.0,,535.71,İçim Tam Yağlı Tost Peyniri 700 G,a101
a101-12002317,0.0,,178.0,Ezine Çiftliği Lor Peyniri 500 G,a101
a101-12002319,0.0,,64.75,Torku Yarım Yağlı Süt 4x1 L ,a101
a101-12002321,0.0,,52.78,Torku Az Yağlı Yoğurt 9 Kg ,a101
a101-12002323,0.0,,995.0,Muratbey Misto Peynir 200 G,a101
a101-12002330,0.0,,125.0,Danone Çilekli Süt 180 ml,a101
a101-12002331,0.0,,59.0,Birşah Pastörize Yağlı Süt 1 L,a101
a101-12002334,0.0,,125.0,Danone Kakaolu Süt 180 ml,a101
a101-12002335,0.0,,112.5,İçim Laktozsuz Süt 200 ml,a101
a101-12002342,0.0,,297.5,Torku Tam Yağlı Tost Peyniri 400 G,a101
a101-12002355,0.0,,968.57,Ekici Tereyağı 350 G,a101
a101-12002108,0.0,,116.0,Pınar Protein Kakaolu Laktozsuz Süt 500 ml,a101
a101-12002485,0.0,,455.37,Pınar Labne Peynir 3x180 G,a101
a101-12002124,0.0,,49.5,Pınar Organik Süt 1 L,a101
a101-12002393,0.0,,187.5,Eker Çilekli Kefir 200 Ml ,a101
a101-12002395,0.0,,85.04,Eker Ayran 6x195 ml,a101
a101-12002404,0.0,,198.0,Altınkılıç Laktozsuz Sade Kefir 250 ml,a101
a101-12002406,0.0,,75.0,Eker Yoğurt 200 G,a101
a101-12002408,0.0,,66.33,Birşah Tam Kıvamında Homojenize Yoğurt 3 Kg,a101
a101-12002430,0.0,,99.5,İçim Çikolatalı Pastörize Süt 1 L,a101
a101-12002439,0.0,,66.33,Birşah Tam Kıvamında Homojenize Yoğurt 3 Kg,a101
a101-12002454,0.0,,470.0,Muratbey Sürmeli Tam Yağlı Taze Peynir 700 G,a101
a101-12002455,0.0,,540.0,Ahir Misket Peynir 250 G,a101
a101-12002456,0.0,,500.0,Ahir Çubuk Peynir 250 G,a101
a101-12002472,0.0,,747.5,Bahçıvan Çeçil Peyniri 200 G,a101
a101-12002114,0.0,,125.0,Altınkılıç Laktozsuz Kefir 1 L,a101
a101-12000001,0.0,,52.5,"Birşah %3,1 Yağlı Süt 1 L",a101
a101-12000005,0.0,,69.5,Sek Yağlı Süt 1 L,a101
a101-12000012,0.0,,129.0,Pınar Çocuk Sütü 500 Ml,a101
a101-12000032,0.0,,319.0,Kaanlar Trakya Tam Yağlı Beyaz Peynir 1 Kg,a101
a101-12000036,0.0,,525.0,Ezine Çiftliği Olgunlaştırılmış Klasik İnek Peyniri 600 G,a101
a101-12000059,0.0,,79.5,Torku Laktozsuz Süt 1 L,a101
a101-12000065,0.0,,69.8,Eker Yarım Yağlı Yoğurt 5 Kg,a101
a101-12000073,0.0,,299.0,Peynes Tam Yağlı Taze Beyaz Peynir 1 KG,a101
a101-12000079,0.0,,396.67,Ekici İzmir Tulum Peyniri 300 G,a101
a101-12000082,0.0,,52.5,Birşah Ayran 200 ml,a101
a101-12000090,0.0,,51.8,"Torku Ayran 2,5 L",a101
a101-12000563,0.0,,854.29,Sütaş Tereyağı 350 G,a101
a101-11003324,0.0,,798.0,Onet Maydanozlu Dana Köfte 500 G,a101
a101-11003325,0.0,,179.55,Pınar Soslu Hindi Fileto Kuşbaşı Dondurulmuş 450 G,a101
a101-12000118,0.0,,65.83,Birşah Tam Yağlı Homojenize Yoğurt 3 Kg,a101
a101-12000126,0.0,,43.33,"Birşah Tam Yağlı Ayran 1,5 L",a101
a101-12000137,0.0,,530.0,"Karper Üçgen Peynir 24x12,5 G",a101
a101-12000148,0.0,,69.0,Birşah Sade Kefir 1 L,a101
a101-12000149,0.0,,179.5,Birşah Çilekli Kefir 200 ml,a101
a101-12000155,0.0,,69.0,Yörükoğlu Yarım Yağlı Yoğurt 2 Kg,a101
a101-12000158,0.0,,92.5,Milkten Milkino Çocuk Sütü 200 ml,a101
a101-12000182,0.0,,69.8,İçim Yarım Yağlı Yoğurt 5 Kg,a101
a101-12000184,0.0,,64.5,Sek Laktozsuz Süt 1 L,a101
a101-12000200,0.0,,66.33,Eker Yarım Yağlı Yoğurt 1500 G,a101
a101-11003319,0.0,,999.0,Maret Dana Baton Kavurma 1 Kg ,a101
a101-11003302,0.0,,167.4,Bolez Parmak Tavuk Bonfile 600 G,a101
a101-11003303,0.0,,223.75,Bonfes Piliç Kangal Sucuk 400 G ,a101
a101-11003305,0.0,,598.0,Boset Dana Döner Dondurulmuş 500 G,a101
a101-11003306,0.0,,827.78,Bonfilet Ev Usülü Dana Köfte Dondurulmuş 180 G,a101
a101-11003307,0.0,,836.0,Torku Dana Döner Dondurulmuş 250 G,a101
a101-11003216,0.0,,233.1,İmren Parmak Bonfile Tavuk 900 G,a101
a101-11003218,0.0,,3487.5,Üstad Dana Füme Kuru Et 80 G ,a101
a101-11003219,0.0,,3237.5,Üstad Dana Roast Beef 80 G ,a101
a101-11003332,0.0,,636.0,Pınar Soslu Dana Misket Köfte Dondurulmuş 250 G,a101
a101-11003337,0.0,,289000.0,Keskinoğlu Piliç Döner Dondurulmuş 1 Kg,a101
a101-11003370,0.0,,465.0,Dardanel Kabuklu Midye Dondurulmuş 300 G,a101
a101-11003377,0.0,,478.0,Beşler Soslu Dana Misket Köfte 250 G ,a101
a101-11003427,0.0,,109.5,Lezita Piliç Sosis 1000 G ,a101
a101-11003384,0.0,,395.83,Polonez Piliç Füme Salam 2x60 G ,a101
a101-11003389,0.0,,796.67,Polonez Dana Jambon 150 G ,a101
a101-11003393,0.0,,722.73,Pınar Karabiberli Hindi Füme 110 G ,a101
a101-11003394,0.0,,931.11,Namet Dana Kangal Sucuk 450 G ,a101
a101-11003400,0.0,,141.67,Lezita Cordon Bleu Piliç Dondurulmuş 300 G,a101
a101-11003405,0.0,,442.59,Polonez Hindi Kangal Sucuk 270 G ,a101
a101-11003406,0.0,,530.0,Polonez Hindi Füme Zeytinyağlı 150 G ,a101
a101-11003409,0.0,,109.5,Gedik Piliç Sosis 1 Kg ,a101
a101-11003280,0.0,,229.0,Gedik Piliç Döner Dondurulmuş 1 Kg,a101
a101-11003282,0.0,,279.0,Beşler Piliç Dilimli Sucuk 500 G ,a101
a101-11003283,0.0,,197.1,Erpiliç Piliç Kök Kanat Dondurulmuş 900 G,a101
a101-11003425,0.0,,597.5,Gurvita İlikli Kemik Suyu 4x50 ml ,a101
a101-11003378,0.0,,139.5,Gedik Piliç Nugget Dondurulmuş 1 Kg,a101
a101-12000851,0.0,,43.33,"Birşah Tam Yağlı Ayran 1,5 L",a101
a101-12000914,0.0,,397.5,Pınar Labne 400 G,a101
a101-12001152,0.0,,490.0,Kebir Yarım Yağlı Kolot Peyniri 500 G,a101
a101-12001153,0.0,,890.0,Kebir Tereyağı 500 G,a101
a101-12001173,0.0,,464.29,Tarabya Tam Yağlı Taze Kaşar Peyniri 700 G,a101
a101-12001191,0.0,,412.5,Pınar Krem Peynir 400 G,a101
a101-12001201,0.0,,149.5,Pınar Süt 200 ml,a101
a101-12001225,0.0,,515.0,Bozbeyi Olgunlaştırılmış Klasik İnek Peyniri 300 G,a101
a101-12000233,0.0,,69.5,İçim Yağlı Süt 1 L,a101
a101-12000244,0.0,,62.5,Birşah Tam Yağlı Süt 1 L,a101
a101-12000246,0.0,,300.0,Kebir Tuzlu Tereyağı 750 G,a101
a101-12001294,0.0,,397.5,Tikveşli Krema %32 Yağlı 200 ml,a101
a101-12000222,0.0,,598.0,İçim Kaşar Peyniri 500 G,a101
a101-12001319,0.0,,898.0,Muratbey Tam Yağlı Taze Kaşar Peyniri 500 G,a101
a101-12001361,0.0,,733.33,"La Vache Qui Rit Üçgen Peynir 24x12,5 G",a101
a101-12001363,0.0,,125.0,Danone Kakaolu Süt 6x180 ml,a101
a101-12001370,0.0,,484.29,Tarabya Tam Yağlı Dilimli Tost Peyniri 350 G,a101
a101-12001402,0.0,,275.0,Muratbey Lor Peyniri 500 G,a101
a101-12001418,0.0,,319.0,Torku Tam Yağlı Beyaz Peynir 1 Kg,a101
a101-12001458,0.0,,65.0,Torku Yarım Yağlı Süt 1 L,a101
a101-12001476,0.0,,698.33,Ünal Olgunlaştırılmış Klasik İnek Peyniri 600 G,a101
a101-12001478,0.0,,97.5,Sütaş Çikolatalı Süt 200 ml,a101
a101-12001488,0.0,,447.5,La Vache Qui Rit Krem Peynir 400 G,a101
a101-12001492,0.0,,337.5,Pınar Kahvaltı Keyfi Tam Yağlı Beyaz Peynir 800 G,a101
a101-12000556,0.0,,384.29,Sütaş Tam Yağlı Beyaz Peynir 700 G,a101
a101-12001314,0.0,,790.0,"Ekici Üçgen Peynir 8x12,5 G",a101
a101-12000227,0.0,,311.43,Eker Dilimli Tost Peyniri 350 G,a101
a101-12000230,0.0,,295.0,Pınar Yarım Yağlı Süzme Peynir 1 Kg,a101
a101-11003414,0.0,,265.0,Beşler Döner Piliç Dondurulmuş 1000 G ,a101
a101-11003415,0.0,,345.83,Banvit Çıtır Tavuk Burger Dondurulmuş 720 G ,a101
a101-11003416,0.0,,876.0,Namet Dana Kasap Sucuk 250 G ,a101
a101-12000272,0.0,,837.5,Torku Dilimli Burger Peyniri 200 G,a101
a101-12000274,0.0,,62.5,Birşah Laktozsuz Süt 1 L,a101
a101-12000319,0.0,,36.0,Birşah Yağsız Süt 1 L,a101
a101-12000325,0.0,,299.0,Bahçıvan Tam Yağlı Süzme Peynir 500 G,a101
a101-12000335,0.0,,159.68,Dimes Çilekli ve Beyaz Çikolata Milkshake 310 ml,a101
a101-12000337,0.0,,332.5,Tarabya Yarım Yağlı Dilimli Tost Peyniri 1200 G,a101
a101-12000353,0.0,,115.0,Altınkılıç Sade Kefir 1 L,a101
a101-12000823,0.0,,380.0,Sütaş Beyaz Süzme Peynir 250 G,a101
a101-12000434,0.0,,71.33,"Birşah Tam Kıvamında Yoğurt 1,5 KG",a101
a101-12000439,0.0,,49.8,Birşah Az Yağlı Yoğurt 5 Kg,a101
a101-12000454,0.0,,139.0,Peynes Süzme Yarım Yağlı Taze Beyaz Peynir 1 Kg,a101
a101-12000511,0.0,,598.0,Sütaş Kaşar Peyniri 500 G,a101
a101-12000527,0.0,,65.0,Sütaş Yarım Yağlı Süt 1 L ,a101
a101-12000113,0.0,,57.5,Birşah Yarım Yağlı Homojenize Yoğurt 2 Kg,a101
a101-12000114,0.0,,70.67,"Birşah Tam Yağlı Homojenize Yoğurt 1,5 Kg",a101
a101-12000116,0.0,,66.33,Birşah Tam Kıvamında Homojenize Yoğurt 3 Kg,a101
a101-12000602,0.0,,130.0,Peynes Lor Peyniri 500 G,a101
a101-12000621,0.0,,79.5,İçim Laktozsuz Süt 1 L,a101
a101-12000765,0.0,,399.0,Bahçıvan Krem Peynir 500 G,a101
a101-12000785,0.0,,240.0,Milkten Krem Peynir 500 G,a101
a101-12000357,0.0,,85.0,Pınar Yağlı Süt 1 L,a101
a101-12003324,0.0,,51.67,Sek Az Yağlı Yoğurt 3 Kg,a101
a101-12003326,0.0,,77.0,Birşah Tam Kıvamında Homojenize Yoğurt 500 G,a101
a101-12003332,0.0,,568.57,Tarabya Mihaliç Peyniri 350 G,a101
a101-12003340,0.0,,64.5,"Torku %0,5 Yağlı Süt 1 L",a101
a101-12003341,0.0,,115.0,Altınkılıç Kefirim Çilekli Kefir 1 L,a101
a101-12003349,0.0,,420.0,Milkten Tuzlu Tereyağı 750 G,a101
a101-12003350,0.0,,180.0,Ahir Beyaz Peynir 250 G,a101
a101-12003230,0.0,,396.67,La Vache Quirit Sürülebilir Lor Peynir 150 G ,a101
a101-12003234,0.0,,172.5,Danone Bitkisel Yağlı Krema 200 ml,a101
a101-12003241,0.0,,63.75,"Torku %0,5 Yağlı Süt 4x1 L",a101
a101-12003358,0.0,,92.67,"Birşah Kaymaklı Tava Yoğurt 1,5 Kg",a101
a101-12002645,0.0,,433.33,Milkten Üçgen Peynir 8x15 G,a101
a101-12003360,0.0,,92.67,"Birşah Kaymaklı Tava Yoğurt 1,5 Kg",a101
a101-12003368,0.0,,55.0,"Yörsan %0,5 Yağlı Süt 1 L",a101
a101-12003373,0.0,,69.5,Yörsan Susurluk Ayran 1 L,a101
a101-12003374,0.0,,32.78,Sek Az Yağlı Yoğurt 9 KG,a101
a101-12003375,0.0,,252.67,"Bahçıvan Yarım Yağlı Tost Peyniri 1,5 Kg",a101
a101-12003376,0.0,,249.0,Yörükoğlu Yarım Yağlı Dilimli Tost Peyniri 1 Kg,a101
a101-12003377,0.0,,163.33,Peysan Beyaz Sürülebilir Peynir 2x150 G,a101
a101-12003381,0.0,,716.0,Peynir Atölyesi Peynir Tabağı 250 G,a101
a101-12003384,0.0,,399.0,Anka Yarım Yağlı Dilimli Tost Peynir 1 Kg,a101
a101-12003386,0.0,,49.5,Yörsan Tam Yağlı Yoğurt 1 Kg,a101
a101-12003387,0.0,,470.0,Yörsan Tereyağı 700 G,a101
a101-12003294,0.0,,547.5,Ekici Krem Peynir 400 G,a101
a101-12003359,0.0,,92.67,"Birşah Kaymaklı Tava Yoğurt 1,5 Kg",a101
a101-12003227,0.0,,187.5,Eker Sade Kefir 200 Ml,a101
a101-12003043,0.0,,362.5,Yörükoğlu Süzme Beyaz Peynir 400 G,a101
a101-12003044,0.0,,790.0,"La Vache Qui Rit Üçgen Peynir 8x12,5 G",a101
a101-12003064,0.0,,238.67,Teksüt Tam Yağlı Yumuşak Kıvamlı Beyaz Peynir 750 G,a101
a101-12003253,0.0,,59.5,Kuzucu Lor Peynir 1 Kg,a101
a101-12003256,0.0,,958.0,Muratbey Tel Peynir 500 G,a101
a101-12003259,0.0,,479.63,Torku Labne 3x180 G,a101
a101-12003260,0.0,,120.69,Eker Detoks Havuç & Zerdeçal Kefir 290 ml,a101
a101-12003267,0.0,,60.19,"Sütaş %2,5 Yağlı Süt 6x180 ml",a101
a101-12003269,0.0,,69.8,Torku Yoğurt 5 Kg,a101
a101-12003273,0.0,,54.17,Pınar Kido Karamelli Süt 180 ml,a101
a101-12003278,0.0,,388.89,Sek Dilimli Klasik İnek Beyaz Peyniri 450 G,a101
a101-12003323,0.0,,115.0,Altınkılıç Kefirim Orman Meyveli Kefir 1 L,a101
a101-12003285,0.0,,305.56,Milkten Labne 3x180 G,a101
a101-12003287,0.0,,91.67,Eker Ayran 300 ml,a101
a101-12003288,0.0,,73.33,Sütaş Ayran 300 ml ,a101
a101-12003290,0.0,,69.0,Birşah Sade Kefir 1 L,a101
a101-12003143,0.0,,64.5,Danone Laktozsuz Süt 1 L,a101
a101-12003146,0.0,,348.75,Sütaş Sürülebilir Labne Peynir 400 G,a101
a101-12003149,0.0,,164.5,Otat Vadim Yarım Yağlı Tost Peynir 2 Kg,a101
a101-12003303,0.0,,1020.0,Bahçıvan Rende Mozzarella Peyniri 150 G,a101
a101-12003307,0.0,,55.0,Sütaş Orman Meyveli Kefir 1 L,a101
a101-12003311,0.0,,105.56,Sek Yarım Yağlı Süt 180 ml,a101
a101-12003315,0.0,,119.5,Sütaş Latte Kahveli Sütlü İçecek 1 L,a101
a101-12003322,0.0,,170.0,Milkten Sürülebilir Labne Peynir 700 G,a101
a101-12003281,0.0,,175.29,Torku Yarım Yağlı Süzme Peynir 850 G,a101
a101-12003464,0.0,,47.92,Birşah Milkino Kakaolu Süt 6x200 ml,a101
a101-12003466,0.0,,61800.0,Yörsan Yarım Yağlı Yoğurt 5 Kg,a101
a101-12003467,0.0,,57.5,Yörsan Bidon Yoğurt 2 Kg,a101
a101-12003468,0.0,,219.0,Kaanlar Beyaz Peynir 1 Kg ,a101
a101-12003388,0.0,,35.29,Yörsan Yarım Yağlı Ayran 170 ml,a101
a101-12003393,0.0,,147.22,Akbel Labne Sürülebilir Peynir 3x180 G,a101
a101-12003395,0.0,,40.0,Yörükoğlu Şişe Ayran 250 ml,a101
a101-12003472,0.0,,170.0,Sütaş Hüptrik Meyveli Yoğurt 10x35 G ,a101
a101-12003473,0.0,,596.67,Ünal Klasik Dilimli Beyaz Peynir 450 G ,a101
a101-12003474,0.0,,86.67,Sek Laktozsuz Yoğurt 750 G,a101
a101-12003475,0.0,,281.25,Danone Activiashot+ Probiyotik İçeçek Kara Mürver & Yaban Mersini 80ml ,a101
a101-12003295,0.0,,599.0,Torku Tam Yağlı Tost Peyniri 1 Kg ,a101
a101-12003477,0.0,,207.14,Sek Quark İncir & Ceviz 140 G ,a101
a101-12003478,0.0,,50.0,Sek Yarım Yağlı Ayran 200 ml ,a101
a101-12003479,0.0,,106.0,İçim Rahat Laktozsuz Yoğurt 750 G ,a101
a101-12003480,0.0,,210.0,İçim Kara Mürver & Yaban Mersini Probiyotik İçecek 250 ml,a101
a101-12003481,0.0,,79.5,İçim Yüksek Proteinli Süt 1 L ,a101
a101-12003482,0.0,,733.33,Üstad Tulum Peyniri 150 G ,a101
a101-12003483,0.0,,598.0,Üstad Tam Yağlı Olgunlaştırılmış Beyaz Peynir 500 G ,a101
a101-12003485,0.0,,712.0,Üstad Suda Top Mozzarella 125 G ,a101
a101-12003445,0.0,,79.5,Peynes Lor Peyniri 1 Kg,a101
a101-12003446,0.0,,300.0,Sek Beyaz Sürülebilir Peynir 150 G,a101
a101-12003447,0.0,,79.0,Eker Probiyotik Yoğurt 500 G,a101
a101-12003489,0.0,,75.0,Sek Naneli Ayran 300 ml,a101
a101-12003476,0.0,,311.25,Sek Tam Yağlı Beyaz Peynir 800 G,a101
a101-12003298,0.0,,569.52,Bozbeyi 3 Tat Klasik Peynir 525 G,a101
a101-12003396,0.0,,42.11,Yörükoğlu Az Yağlı Yoğurt 9 Kg,a101
a101-12003397,0.0,,318.0,Taciroğlu İnek Klasik Beyaz Peynir 500 G,a101
a101-12003400,0.0,,238.67,Torku Yarım Yağlı Süzme Beyaz Peynir 750 G,a101
a101-12003404,0.0,,166.67,Bahçıvan Yarım Yağlı Süzme Beyaz Peynir 750 G,a101
a101-12003409,0.0,,220.37,Pınar Cheddar Krem Peynir 270 G,a101
a101-12003412,0.0,,39.0,Sek Salep 1 L ,a101
a101-12003413,0.0,,49.5,Sek Çikolatalı Pastörize Süt 1 L,a101
a101-12003417,0.0,,179.0,Ahir Az Yağlı Taze Peynir 1 Kg,a101
a101-12003418,0.0,,196.67,Activia Probiyotikli Hurmalı & Yulaflı & Bademli Bowl 150 G,a101
a101-12003420,0.0,,87.5,Ülker Çikolatalı Sürülebilir Peynir 400 G,a101
a101-12003437,0.0,,76.67,Pınar Laktozsuz Yoğurt 750 G,a101
a101-12003463,0.0,,47.92,Birşah Milkino Çilekli Süt 6x200 ml,a101
a101-12003444,0.0,,198.0,Altınkılıç Kefirix Ballı Muzlu Kefir 250 ml,a101
a101-12003351,0.0,,299.0,Kuzucu Yarım Yağlı Eritme Tel Peynir 1 Kg,a101
a101-12003353,0.0,,136.36,Sek Kahveli Sütlü İçecek White Chocolate Mocha 330 ml,a101
a101-12003357,0.0,,745.0,Bahçıvan Yarım Yağlı Dilimli Tost Peyniri 1 Kg,a101
a101-12003450,0.0,,916.0,Altınkılıç Tam Yağlı Olgunlaştırılmış Otlu Beyaz Peynir 250 G,a101
a101-12003451,0.0,,516.0,Üstad Eski Kaşar Peyniri 250 G,a101
a101-12003452,0.0,,612.5,Üstad Göbek Kaşar Peyniri 400 G,a101
a101-12003455,0.0,,100.0,Sek Yarım Yağlı Yoğurt 750 G,a101
a101-12003458,0.0,,315.0,Altınkılıç Kaşar Peynir 600 G,a101
a101-12003459,0.0,,169.0,Sütaş Yarım Yağlı Süzme Beyaz Peynir 1 Kg,a101
a101-12003460,0.0,,225.0,Bahçıvan Labne Sürülebilir Peynir 200 G,a101
a101-12003462,0.0,,349.0,Tarabya Rende Mozzarella Peyniri 1 Kg ,a101
a101-12003438,0.0,,470.0,Tarabya Tam Yağlı Dilimli Tost Peyniri 500 G,a101
a101-12002640,0.0,,77.5,Birşah Süt 200 ml,a101
a101-12002740,0.0,,74.75,Eker Yarım Yağlı Bidon Yoğurt 2 Kg,a101
a101-12002746,0.0,,39.75,Sütaş Yarım Yağlı Süt 4x1 L,a101
a101-12002747,0.0,,75.0,Sütaş Tam Yağlı Süt 1 L,a101
a101-12002758,0.0,,231.67,Tazelen Kahveli Whey Protein İçeceği 300 ml,a101
a101-12002766,0.0,,72.5,"Sütaş %2,5 Yağlı Süt 1 L",a101
a101-12002775,0.0,,315.0,Kaanlar Olgunlaştırılmış Klasik İnek Beyaz Peynir 600 G,a101
a101-12002790,0.0,,322.5,Sütaş Krema 200 ml,a101
a101-12002815,0.0,,97.5,Sütaş Çilekli Süt 200 ml,a101
a101-12002817,0.0,,165.56,Birşah Süzme Yoğurt 900 G,a101
a101-12002818,0.0,,484.29,Bozbeyi Lokum Klasik Beyaz Peyniri 350 G,a101
a101-12003224,0.0,,49.83,Yörükoğlu Az Yağlı Yoğurt 3 Kg,a101
a101-12002821,0.0,,105.56,Sek Kakaolu Süt 180 ml,a101
a101-12002822,0.0,,105.56,Sek Çilek Aromalı Süt 180 ml,a101
a101-12002657,0.0,,448.33,Ahir Tam Yağlı Olgunlaştırılmış Klasik İnek Peyniri 600 G,a101
a101-12002658,0.0,,650.0,Milkten Rulo Kaymak 150 G,a101
a101-12002659,0.0,,272.67,"Ahir Yarım Yağlı Tost Peyniri 1,5 Kg",a101
a101-12002836,0.0,,150.0,Sek Kahveli Sütlü İçecek Karamel Macchiato 330 ml,a101
a101-12002838,0.0,,150.0,Sek Çilekli Milkshake 330 ml,a101
a101-12002839,0.0,,463.93,Sek Quark Yaban Mersinli 140 G,a101
a101-12002847,0.0,,86.33,"Sütaş Kaymaksız Yoğurt 1,5 Kg",a101
a101-12002850,0.0,,497.5,Ekici Tel Peynir 200 G,a101
a101-12002865,0.0,,275.0,Yörükoğlu Krema 200 ml,a101
a101-12002870,0.0,,396.67,Kiri Sürülebilir Taze Peynir 150 G,a101
a101-12002820,0.0,,425.0,Tarabya Tam Yağlı Taze Kaşar Peyniri 1 Kg,a101
a101-12002646,0.0,,82.5,Birşah Milkino Muzlu Süt 200 ml,a101
a101-12002647,0.0,,676.0,Tarabya Tulum Peyniri 250 G,a101
a101-12002649,0.0,,350.0,Ahir Yarım Yağlı Taze Beyaz Peynir 900 G,a101
a101-12002650,0.0,,296.67,Milkten Labne 300 G,a101
a101-12002651,0.0,,350.0,Milkten Tereyağı 500 G,a101
a101-12002652,0.0,,82.5,Birşah Milkino Çilekli Süt 200 ml,a101
a101-12002653,0.0,,652.0,Milkten Tereyağı 250 G,a101
a101-12002655,0.0,,499.0,Milkten Tereyağı 1 Kg,a101
a101-12002500,0.0,,480.0,Tarabya Hellim Peyniri 250 G,a101
a101-12002523,0.0,,1047.5,Muratbey Kaşkaval Peyniri 400 G,a101
a101-12002524,0.0,,321.11,İçim Tam Yağlı Taze Beyaz Peynir 900 G,a101
a101-12002660,0.0,,235.0,Peynes Süzme Tam Yağlı Taze Beyaz Peynir 1 Kg,a101
a101-12002638,0.0,,87.96,Sütaş Çikolatalı Süt 6x180 ml,a101
a101-12002662,0.0,,500.0,Ahir Şerit Peynir 250 G,a101
a101-12002663,0.0,,490.0,Tarabya Tam Yağlı Eritme Peyniri 500 G,a101
a101-12002664,0.0,,290.77,Ahir Yarım Yağlı Beyaz Peynir 650 G,a101
a101-12002665,0.0,,511.11,Tarabya Tam Yağlı Taze Kaşar Peyniri 225 G,a101
a101-12002666,0.0,,478.0,Tarabya Tam Yağlı Taze Kaşar Peyniri 500 G,a101
a101-12002668,0.0,,462.5,Ahir Tam Yağlı Tost Peyniri 400 G,a101
a101-12002669,0.0,,419.0,Ahir Tam Yağlı Tost Peyniri 1 Kg,a101
a101-12002681,0.0,,229.0,Ahir Yarım Yağlı Beyaz Peynir 1 Kg,a101
a101-12002692,0.0,,215.22,Torku Macchiato Sütlü İçecek 230 ml,a101
a101-12002708,0.0,,122.5,İçim Yarım Yağlı Süt 200 ml,a101
a101-12002714,0.0,,479.63,Bahçıvan Labne 3x180 G,a101
a101-12002620,0.0,,156.0,Eker Hurmalı Chialı Probiyotik Yoğurt 125 G,a101
a101-12002661,0.0,,250.0,Peynes Süzme Tam Yağlı Taze Beyaz Peynir 500 G,a101
a101-12003070,0.0,,556.0,Tarabya 3'lü Lezzet Peynir 250 G,a101
a101-12003073,0.0,,179.0,Bahçıvan Tam Yağlı Tost Peyniri 1 Kg,a101
a101-12003075,0.0,,412.86,Tarabya Tam Yağlı Dilimli Tost Peyniri 700 G,a101
a101-12003076,0.0,,119.33,Ahir Yarım Yağlı Beyaz Peynir 1500 G,a101
a101-12003077,0.0,,125.0,Kuzucu Az Yağlı Beyaz Peynir 1 Kg,a101
a101-12003078,0.0,,6633.33,Altınkılıç Eski Kaşar Peyniri 250 G,a101
a101-12003087,0.0,,85.0,Eker Efsane Yoğurt 4x250 G,a101
a101-12003088,0.0,,145.0,Alpro Vegan Badem Sütü 1 L,a101
a101-12003094,0.0,,295.0,Bahçıvan Laktozsuz Labne 200 G,a101
a101-12003133,0.0,,800.0,Bahçıvan Dil Peyniri 200 G,a101
a101-12003138,0.0,,318.0,Milkten Rulo Tereyağı 500 G ,a101
a101-12002918,0.0,,395.56,Bahçıvan Dilimli Tost Peyniri 225 G,a101
a101-12002876,0.0,,362.5,Tikveşli Az Yağlı Krema 200 ml,a101
a101-12002943,0.0,,265.0,Birşah Krema %18 Yağlı 200 ml,a101
a101-12003151,0.0,,95.0,Torku Yarım Yağlı Yoğurt 1 Kg,a101
a101-12003156,0.0,,478.0,Kaanlar Dilimli Cheddar Peynir 250 G,a101
a101-12003164,0.0,,79.5,Pınar Çocuk Devam Sütü 1 L,a101
a101-12003166,0.0,,490.0,Kaanlar Kolot Peyniri 500 G,a101
a101-12003180,0.0,,27.5,Birşah Süt %1 Yağlı 1 L,a101
a101-12003186,0.0,,738.0,Kaanlar Tereyağı 500 G,a101
a101-12003192,0.0,,87.96,Sütaş Çilekli Süt 6x180 ml,a101
a101-12003207,0.0,,110.56,Eker Probiyotik Yoğurt 900 G,a101
a101-12003218,0.0,,198.0,Altınkılıç Sade Kefir 250 ml,a101
a101-12003219,0.0,,198.0,Altınkılıç Kefirix Çilekli Kefir 250 ml,a101
a101-12003220,0.0,,198.0,Altınkılıç Kefirix Orman Meyveli Kefir 250 ml,a101
a101-12002925,0.0,,305.56,Danone Çıtırdat Çilek Aromalı Yoğurt 90 G ,a101
a101-12002877,0.0,,525.0,Milkten Kaymak 200 G,a101
a101-12002883,0.0,,497.5,Teksüt Çeçil Peyniri 200 G ,a101
a101-12002891,0.0,,327.78,Danone Kıtırlı Meyveli Yoğurt 90 G,a101
a101-12002908,0.0,,100.0,Torku Yarım Yağlı Yoğurt 750 Ml,a101
a101-12002917,0.0,,90.0,Sütaş Şişe Ayran 250 ml,a101
a101-12002726,0.0,,145.16,Dimes Sütlü İçecek Muz Kurabiye Milkshake 310 ml,a101
a101-12002727,0.0,,159.68,Dimes Sütlü İçecek Brownie&Çikolatalı Milkshake 310 ml,a101
a101-12002737,0.0,,59.5,Torku Şişe Ayran 1 L,a101
a101-12002948,0.0,,235.71,Akpınar Beyaz Tava Peyniri 700 G,a101
a101-12002949,0.0,,71.33,"Birşah Tam Kıvamında Yoğurt 1,5 KG",a101
a101-12002950,0.0,,71.33,"Birşah Tam Kıvamında Yoğurt 1,5 KG",a101
a101-12002956,0.0,,56.14,Yörükoğlu Ayran 285 G,a101
a101-12003069,0.0,,580.0,Tarabya Çeçil Peynir 250 G,a101
a101-12002972,0.0,,598.0,Tahsildaroğlu Klasik Lokum Beyaz Peynir 500 G,a101
a101-12002974,0.0,,310.0,Bahçıvan Sürülebilir Labne Peynir 450 G,a101
a101-12002986,0.0,,53.0,"Eker Ayran 1,5 L",a101
a101-12002990,0.0,,44.0,Birşah Tam Kıvamında Yoğurt 1500 G,a101
a101-12003009,0.0,,275.0,Pınar Sürülebilir Beyaz Peynir 2x180 G,a101
a101-12003033,0.0,,249.0,Kaanlar Az Yağlı Taze Peynir 1 Kg ,a101
a101-12003040,0.0,,44.5,Sütaş %1 Yağlı Süt 1 L,a101
a101-12003042,0.0,,565.0,Yörükoğlu Kaşar Peyniri 500 G,a101
a101-12002823,0.0,,63.89,Sek Muzlu Süt 180 ml,a101
a101-12002833,0.0,,180.3,Sek Protein Kakaolu Laktozsuz Süt 330 ml,a101
a101-12002835,0.0,,151.52,Sek Latte Kahveli Sütlü İçecek 330 ml ,a101
a101-12003066,0.0,,299.0,Bahçıvan Yarım Yağlı Süzme Beyaz Peynir 1 Kg,a101
a101-12002957,0.0,,187.5,Eker Orman Meyveli Kefir 200 Ml,a101
a101-11001606,0.0,,250.0,Pınar Lezzet Keyfi Hindi Salam 500 G,a101
a101-11001619,0.0,,433.33,Namet Piliç Füme Salam 150 G ,a101
a101-11001870,0.0,,300.0,Gedik Piliç Kangal Sucuk 250 G ,a101
a101-11001871,0.0,,296.67,Gedik Piliç Büfe Sucuk 450 G ,a101
a101-11001873,0.0,,146.47,Gedik Piliç Salam 850 G,a101
a101-11001883,0.0,,296.67,Lezita Piliç Büfe Sucuk 450 G,a101
a101-11001889,0.0,,262.5,Banvit Piliç Kebap 400 G,a101
a101-11001893,0.0,,179.0,Erpiliç Göynük Piliç Köfte 500 G ,a101
a101-11001905,0.0,,300.0,Lezita Piliç Kangal Sucuk 250 G,a101
a101-11001906,0.0,,250.0,Lezita Piliç Nugget 300 G,a101
a101-11001929,0.0,,500.0,Gedik Piliç Döner Dondurulmuş 500 G,a101
a101-11003300,0.0,,954.17,Pınar Gurme Extra Dana Burger Dondurulmuş 240 G,a101
a101-11001951,0.0,,51.94,Banvit Tavuk Ciğer 650 G,a101
a101-11001952,0.0,,74.75,Banvit Tavuk Katı Taşlık 650 G,a101
a101-11001963,0.0,,305.25,Lezita Fırınlık Tavuk Dondurulmuş 3300 G,a101
a101-11001643,0.0,,55.93,Hastavuk Tavuk Ciğer 700 G,a101
a101-11001644,0.0,,80.5,Hastavuk Tavuk Katı Taşlık 700 G,a101
a101-11001664,0.0,,242.1,Erpiliç Piliç Kanat Dondurulmuş 900 G,a101
a101-11001983,0.0,,209.0,Erpiliç Piliç Kasap Köfte Dondurulmuş 1 Kg,a101
a101-11002028,0.0,,300.0,Banvit Piliç Kangal Sucuk 250 G,a101
a101-11002029,0.0,,250.0,Banvit Piliç Nugget 300 G,a101
a101-11002031,0.0,,210.0,Banvit Piliç Kokteyl Sosis 500 G,a101
a101-11002032,0.0,,146.47,Banvit Piliç Salam 850 G,a101
a101-11002079,0.0,,225.0,Gedik Burger Piliç 1 Kg,a101
a101-11001943,0.0,,220.88,Banvit Bütün Tavuk 1425 G,a101
a101-11001633,0.0,,184.5,İmren Tavuk Kanat 500 G,a101
a101-11001634,0.0,,47.94,İmren Tavuk Ciğer 600 G,a101
a101-11001635,0.0,,161.85,İmren Tavuk But İncik 650 G,a101
a101-11001636,0.0,,71.5,İmren Tavuk Katı Taşlık 650 G,a101
a101-11001637,0.0,,125.0,İmren Tavuk Kalçalı But 1 Kg,a101
a101-11001639,0.0,,257.15,Hastavuk Bütün Tavuk 1850 G,a101
a101-11001640,0.0,,97.3,Hastavuk Kalçalı Tavuk But 700 G,a101
a101-11001641,0.0,,233.35,Hastavuk Izgara Tavalık Tavuk But 650 G,a101
a101-11001642,0.0,,202.95,Hastavuk Tavuk Kanat 550 G,a101
a101-11001374,0.0,,400.0,Banvit Piliç Dilimli Salam 60 G,a101
a101-11001409,0.0,,540.0,Torku Dana Macar Salam 250 G ,a101
a101-11001410,0.0,,886.67,Torku Dana Kangal Fermente Sucuk 2x225 G ,a101
a101-11001604,0.0,,109.5,Lezita Piliç Baget Dondurulmuş 1 Kg,a101
a101-11001677,0.0,,660.0,Ettat Dana Döner 250 G,a101
a101-11001682,0.0,,663.33,Namet Dilimli Dana Salam 150 G,a101
a101-11001684,0.0,,119.33,Coşkun Yumurta XL Boy 20'li ,a101
a101-11001709,0.0,,296.43,Namet 7/24 Hindi Kokteyl Sosis 140 G,a101
a101-11001721,0.0,,119.33,Ercanlar Yumurta XL Boy 20'li ,a101
a101-11001729,0.0,,258.0,Keskinoğlu Piliç Bütün Poşet Dondurulmuş 2 Kg,a101
a101-11001739,0.0,,229.0,Lezita Dondurulmuş Piliç Izgara Kanat 1 Kg,a101
a101-11001740,0.0,,228.83,Lezita Dondurulmuş Tavuk Pirzola 1350 G,a101
a101-11001748,0.0,,119.33,Yeniköy Çiftliği Yumurta XL Boy 20'li ,a101
a101-11001793,0.0,,179.0,Hastavuk Piliç Bonfile Dondurulmuş 1 Kg,a101
a101-11001796,0.0,,107.4,Hastavuk Dondurulmuş Tavuk Baget 1200 G,a101
a101-11001808,0.0,,243.0,Gedik Bütün Tavuk Poşet 1800 G,a101
a101-11001670,0.0,,198.0,Banvit Piliç Salam 250 G,a101
a101-11002432,0.0,,97.97,Yumurta M Boy 30'lu,a101
a101-11002437,0.0,,875.0,Kombinet Dana Kuşbaşı 400 G,a101
a101-11002441,0.0,,751.43,Baştacı Dana Baton Sucuk 350 G,a101
a101-11002442,0.0,,756.0,Baştacı Dana Kangal Sucuk 250 G,a101
a101-11002453,0.0,,139.0,Doyfarm Kalçalı Tavuk But 1 Kg,a101
a101-11002454,0.0,,181.25,Doyfarm Tavuk Baget 1250 G,a101
a101-11002455,0.0,,184.5,Doyfarm Tavuk Kanat 500 G,a101
a101-11002456,0.0,,239.25,Doyfarm Tavuk Bonfile 750 G,a101
a101-11002458,0.0,,186.75,Doyfarm Tavuk Pirzola 750 G,a101
a101-11002459,0.0,,229.5,Doyfarm Poşetli Bütün Tavuk 1700 G,a101
a101-11002460,0.0,,269.25,Doyfarm Izgara Tavalık Tavuk But 750 G,a101
a101-11002095,0.0,,212.86,Banvit Piliç Şinitzel 700 G ,a101
a101-11002210,0.0,,111.88,Türem Yumurta XL Boy 20'li ,a101
a101-11002220,0.0,,232.2,Aspiliç Poşetli Bütün Piliç Dondurulmuş 1800 G,a101
a101-11002221,0.0,,258.0,Keskinoğlu Poşetli Bütün Piliç Dondurulmuş 2 Kg,a101
a101-11002470,0.0,,225.0,Banvit Piliç Çıtır Burger Dondurulmuş 1 Kg,a101
a101-11002476,0.0,,500.0,Dönerşah Piliç Döner Dondurulmuş 500 G,a101
a101-11002487,0.0,,38.68,Lezita Tavuk Ciğeri Dondurulmuş 650 G,a101
a101-11002502,0.0,,172.13,Gezen Tavuk Yumurtası M Boy 10'lu,a101
a101-11002522,0.0,,950.0,Beşler Dana Jambon 50 G,a101
a101-11002530,0.0,,262.5,Keskinoğlu Piliç Kebap 400 G,a101
a101-11002537,0.0,,711.11,Kombinet Dana Kasap Köfte Dondurulmuş 450 G,a101
a101-11002539,0.0,,711.11,Kombinet Dana Kaşarlı Köfte Dondurulmuş 450 G,a101
a101-11002540,0.0,,711.11,Kombinet Dana İnegöl Köfte Dondurulmuş 450 G,a101
a101-11002461,0.0,,149.4,Doyfarm Tavuk But İncik 600 G,a101
a101-11002139,0.0,,129.5,Keskinoğlu Piliç Nugget Dondurulmuş 1 Kg,a101
a101-11002166,0.0,,119.33,Kumartaşlı Yumurta XL Boy 20'li ,a101
a101-11002168,0.0,,793.33,Polonez Çemeni Sıyrılmış Dana Pastırma 150 G,a101
a101-11002169,0.0,,253.33,Baştacı Mini Hindi Dilimli Salam 75 G,a101
a101-11002195,0.0,,930.0,Namet 7/24 Dilimli Dana Macar Salam 50 G,a101
a101-11002197,0.0,,696.67,İkbal Dana Kangal Sucuk 300 G ,a101
a101-11001830,0.0,,843.59,Torku Dondurulmuş Dana & Kuzu Cızbız Köfte 390 G,a101
a101-11001853,0.0,,210.0,Gedik Piliç Kokteyl Sosis 500 G,a101
a101-11001855,0.0,,545.0,Gedik Piliç Döner 200 G,a101
a101-11002222,0.0,,198.0,Keskinoğlu Piliç Salam 250 G,a101
a101-11002223,0.0,,312.5,Banvit Piliç Dilimli Sucuk 400 G,a101
a101-11002231,0.0,,189.0,Aspiliç Dondurulmuş Piliç Bonfile 1 Kg,a101
a101-11002430,0.0,,1660.0,Baştacı Dana Kavurma 150 G,a101
a101-11002297,0.0,,250.0,Keskinoğlu Piliç Nugget 300 G,a101
a101-11002298,0.0,,708.33,Baştacı Mini Dana Dilimli Salam 60 G,a101
a101-11002311,0.0,,625.0,Lezita Piliç Füme Salam 60 G,a101
a101-11002312,0.0,,400.0,Lezita Dilimli Piliç Salam 60 G,a101
a101-11002333,0.0,,316.47,Lezita Çıtır Piliç Kovası Dondurulmuş 850 G,a101
a101-11002353,0.0,,947.5,Başyazıcı Dana Evlik Sucuk 400 G,a101
a101-11002363,0.0,,338.0,Erpiliç Piliç Döner Dondurulmuş 500 G,a101
a101-11002424,0.0,,825.0,Kombinet Dana Kıyma 400 G,a101
a101-11002425,0.0,,97.83,Yumurta L Boy 15'li ,a101
a101-11001964,0.0,,579.17,Lezita Izgara Dilimli Piliç Fileto 120 G,a101
a101-11001971,0.0,,997.14,Beşler Dana Kangal Sucuk 350 G,a101
a101-11001981,0.0,,362.5,Hastavuk Piliç Döner 200 G,a101
a101-11002234,0.0,,76.08,Keskinoğlu Piliç Baget Dondurulmuş 850 G,a101
a101-11000373,0.0,,198.0,Erpiliç Piliç Salam 250 G,a101
a101-11000392,0.0,,215.4,Keskinoğlu Izgara Tavalık Tavuk But 600 G,a101
a101-11000394,0.0,,209.0,Keskinoğlu Piliç Kasap Köfte Dondurulmuş 1 Kg,a101
a101-11000398,0.0,,500.0,Hastavuk Piliç Döner Dondurulmuş 500 G,a101
a101-11000428,0.0,,209.0,Erpiliç Dondurulmuş Piliç Soslu Kanat 1 Kg,a101
a101-11000449,0.0,,709.52,Maret Dana Uzun Sosis 210 G,a101
a101-11000701,0.0,,159.5,Besler Tavuk Bonfile 500 G,a101
a101-11000703,0.0,,124.5,Besler Tavuk Pirzola 500 G,a101
pirinc-baldo-1kg-a101,0.0,0.0,87.0,Ovadan Baldo Pirinç 1 kg,a101
a101-11000707,0.0,,202.95,Besler Tavuk Kanat 550 G,a101
a101-11000708,0.0,,179.5,Besler Izgara Tavalık Tavuk But 500 G,a101
a101-11001632,0.0,,245.65,İmren Tavuk Bonfile 850 G,a101
a101-11000763,0.0,,43.95,Keskinoğlu Tavuk Ciğer 550 G,a101
a101-11000822,0.0,,545.0,Keskinoğlu Piliç Döner 200 G,a101
a101-11000911,0.0,,69.0,Keskinoğlu Tavuk Katı Taşlık 600 G,a101
a101-11000946,0.0,,186.75,Besler Tavuk But İncik 750 G,a101
a101-11000947,0.0,,149.4,Keskinoğlu Tavuk İncik But 600 G,a101
a101-11000983,0.0,,218.75,İmren Poşetli Bütün Tavuk 1750 G,a101
a101-11001016,0.0,,229.5,Lezita Poşetli Bütün Tavuk 1700 G,a101
a101-11001023,0.0,,208.5,"Lezita Bütün Tavuk 1,5 Kg",a101
a101-11001053,0.0,,1514.29,Cumhuriyet Dana Kangal Sucuk 350 G,a101
a101-11001079,0.0,,300.0,Keskinoğlu Piliç Kangal Sucuk 250 G,a101
a101-11000320,0.0,,711.11,Kombinet Dana Kasap Köfte Dondurulmuş 450 G,a101
a101-11000322,0.0,,711.11,Kombinet Dana Kuzu Kaşarlı Köfte Dondurulmuş 450 G,a101
a101-11000721,0.0,,366.67,Güres Bıldırcın Yumurtası 12'li,a101
a101-11000183,0.0,,212.86,Keskinoğlu Piliç Şinitzel 700 G,a101
a101-11000229,0.0,,258.0,Hastavuk Poşetli Bütün Piliç Dondurulmuş 2 Kg,a101
a101-11000318,0.0,,296.67,Keskinoğlu Piliç Büfe Sucuk 450 G,a101
sut-pinar-1l-a101,0.0,0.0,65.0,Pınar %1 Yağlı Süt 1 L,a101
a101-11000196,0.0,,145.0,Bolez Tavuk Baget 1 Kg,a101
a101-11000243,0.0,,296.7,Erpiliç Poşetli Bütün Piliç Dondurulmuş 2300 G,a101
zeytinyagi-1l-a101,0.0,0.0,299.0,Yudum Egemden Riviera Zeytinyağı 1 L,a101
a101-11000047,0.0,,119.25,"Banvit Piliç Baget Dondurulmuş 1,5 Kg",a101
a101-11000066,0.0,,146.47,Doyfarm Piliç Salam 850 G,a101
a101-11000067,0.0,,296.67,Doyfarm Piliç Büfe Sucuk 450 G,a101
a101-11000123,0.0,,227.05,Banvit Bütün Poşet Piliç Dondurulmuş 1900 G,a101
a101-11000161,0.0,,119.33,Bilken Yumurta XL Boy 20'li ,a101
a101-11000372,0.0,,262.5,Lezita Piliç Kebap 400 G,a101
tereyagi-1kg-a101,0.0,0.0,499.0,Milkten Tereyağı 1 kg,a101
tereyagi-migros-1kg,0.0,0.0,479.0,Migros Tereyağı 1 Kg,migros
tuvalet-kagidi-familia-32li,0.0,0.0,489.95,Familia Plus Natural Tuvalet Kağıdı 32'li,migros
tuz-750g-a101,0.0,0.0,50.0,Billur İyotlu Tuz 750 g,a101
tuz-billur-750g,0.0,0.0,51.33,Billur Tuz Rafine İyotlu Sofra Tuzu 750 G,migros
un-soke-2kg,0.0,0.0,49.98,Söke Un 2 Kg,migros
yogurt-sutas-1kg,0.0,0.0,129.95,Sütaş Tava Yoğurt 1000 G,migros
a101-11000128,0.0,,109.5,Lezita Piliç Kokteyl Sosis 1 Kg ,a101
a101-11000340,0.0,,125.55,Hastavuk Parmak Tavuk Bonfile 450 G,a101
a101-11000350,0.0,,240.9,"Erpiliç Tavuk Bonfile Dondurulmuş 1,1 Kg",a101
a101-11000357,0.0,,300.0,Vanet Isıl İşlemli Piliç Kangal Sucuk 250 G,a101
a101-11000358,0.0,,296.67,Vanet Piliç Büfe Sucuk 450 G,a101
sut-sek-1l,0.0,0.0,99.95,Sek Yeni Nesil Pastörize Günlük Süt 1 L,migros
a101-11001301,0.0,,294.64,Beşler Piliç Kokteyl Sosis 280 G,a101
a101-11001320,0.0,,954.17,Beşler Dana Macar Salam 240 G ,a101
a101-11001362,0.0,,145.0,Lezita Dondurulmuş Piliç Nugget 1 Kg,a101
a101-11001104,0.0,,249.75,Hastavuk Poşetli Bütün Tavuk 1850 G,a101
a101-11001105,0.0,,198.0,Lezita Piliç Salam 250 G,a101
a101-11001116,0.0,,221.4,Lezita Tavuk Kanat 600 G,a101
a101-11001456,0.0,,340.0,Pınar Lezzet Keyfi Hindi Salam 75 G,a101
a101-11001464,0.0,,358.0,Lezita Döner Soslu Piliç 500 G,a101
a101-11001465,0.0,,545.0,Lezita Piliç Döner 200 G,a101
a101-11001472,0.0,,940.0,Beşler Dana Döner Dondurulmuş 250 G,a101
a101-11001498,0.0,,937.5,Torku Dana Kasap Sucuk 400 G,a101
a101-11001499,0.0,,937.5,Beşler Dana Kasap Sucuk 400 G,a101
a101-11000323,0.0,,711.11,Kombinet Dana Kuzu İnegöl Köfte Dondurulmuş 450 G,a101
a101-11001532,0.0,,166.75,Lezita Tavuk Baget 1150 G,a101
a101-11001534,0.0,,103.5,Lezita Tavuk Katı Taşlık 900 G,a101
a101-11001565,0.0,,114.74,Abalı Çiftliği Yumurta XL Boy 20'li ,a101
a101-11001571,0.0,,1242.86,Torku Dana Kangal Sucuk 350 G,a101
a101-11001574,0.0,,99.5,Erpiliç Baget Piliç Dondurulmuş 1 Kg,a101
a101-11001581,0.0,,114.74,Keskinoğlu Yumurta XL Boy 20'li,a101
a101-11001135,0.0,,215.4,Bupiliç Izgara Tavalık Tavuk But 600 G,a101
a101-11001136,0.0,,139.0,Bupiliç Kalçalı Tavuk But 1 Kg,a101
a101-11001137,0.0,,80.5,Bupiliç Tavuk Katı Taşlık 700 G,a101
a101-11001627,0.0,,215.4,İmren Izgara Tavalık Tavuk But 600 G,a101
a101-11001629,0.0,,145.0,İmren Tavuk Baget 1 Kg,a101
a101-11001631,0.0,,249.0,İmren Tavuk Pirzola 1 Kg,a101
a101-11001529,0.0,,366.67,Bıldır Bıldır Bıldırcın Yumurtası 12'li,a101
a101-11001118,0.0,,161.85,Lezita Tavuk But İncik 650 G,a101
a101-11001121,0.0,,152.9,Lezita Tavuk Kalçalı But 1100 G,a101
a101-11001122,0.0,,174.3,Lezita Tavuk Pirzola 700 G,a101
a101-11001123,0.0,,222.58,Lezita Izgara Tavalık Tavuk But 620 G,a101
a101-11001124,0.0,,207.35,Lezita Tavuk Bonfile 650 G,a101
a101-11001125,0.0,,51.94,Lezita Tavuk Ciğer 650 G,a101
a101-11001127,0.0,,145.0,Bupiliç Tavuk Baget 1 Kg,a101
a101-11001128,0.0,,191.4,Bupiliç Tavuk Bonfile 600 G,a101
a101-11001129,0.0,,229.5,"Bupiliç Poşetli Bütün Tavuk 1,7 Kg",a101
a101-11001130,0.0,,180.7,"Bupiliç Bütün Tavuk 1,3 Kg",a101
a101-11001131,0.0,,55.93,Bupiliç Tavuk Ciğer 700 G,a101
a101-11001133,0.0,,174.3,Bupiliç Tavuk But İncik 700 G,a101
a101-11001295,0.0,,227.27,Lezita Piliç Çıtır Burger Dondurulmuş 990 G,a101
a101-11000704,0.0,,145.0,Besler Tavuk Baget 1 Kg,a101
a101-11000705,0.0,,104.25,Besler Tavuk Kalçalı But 750 G,a101
a101-11000706,0.0,,222.75,Besler Poşetli Bütün Tavuk 1650 G,a101
a101-11001138,0.0,,174.3,Bupiliç Tavuk Pirzola 700 G,a101
a101-11001141,0.0,,223.3,Hastavuk Tavuk Bonfile 700 G,a101
a101-11001158,0.0,,166.75,Hastavuk Tavuk Baget 1150 G,a101
a101-11001162,0.0,,149.4,Hastavuk Tavuk Pirzola 600 G,a101
a101-11001176,0.0,,730.0,Pınar Aç Bitir Dana Dilimli Macar Salam 50 G,a101
a101-11001217,0.0,,97.83,Abalı Çiftliği Yumurta L Boy 15'li,a101
a101-11001218,0.0,,97.97,Abalı Çiftliği Yumurta M Boy 30'lu 53-62 G,a101
a101-11001238,0.0,,632.14,Pınar Aç Bitir Hindi Dilimli Salam 70 G,a101
a101-11001239,0.0,,451.47,Pınar Aç Bitir Hindi Kokteyl Sosis 170 G,a101
a101-11001134,0.0,,184.5,Bupiliç Tavuk Kanat 500 G,a101
a101-11003107,0.0,,597.5,Özlem Dana Parmak Sucuk 400 G,a101
a101-11003108,0.0,,209.0,Bonfes Dondurulmuş Piliç Döner 1 Kg,a101
a101-11003028,0.0,,892.86,Şahin Dana Parmak Sucuk 140 G,a101
a101-11003029,0.0,,159.33,Dönerşah Dondurulmuş Piliç Döner 750 G,a101
a101-11003031,0.0,,1487.5,Melek Dana Çemensiz Pastırma 80 G,a101
a101-11003116,0.0,,210.0,Lezita Piliç Kokteyl Sosis 500 G,a101
a101-11003118,0.0,,187.5,Aspiliç Piliç Kebap 400 G,a101
a101-11003119,0.0,,183.33,Aspiliç Piliç Nugget 300 G,a101
a101-11003120,0.0,,366.67,Pınar Açbitir Dana Kangal Sucuk 75G  ,a101
a101-11003121,0.0,,231.4,Pınar Lezzet Keyfi Hindi Uzun Sosis 430 G ,a101
a101-11003122,0.0,,172.22,Pınar Lezzet Keyfi Hindi Salam 900 G  ,a101
a101-11002565,0.0,,109.5,Banvit Piliç Uzun Sosis 1000 G,a101
a101-11003142,0.0,,24.75,Bakpiliç Dondurulmuş Piliç Ciğer 500 G,a101
a101-11003155,0.0,,38.68,Aspiliç Piliç Ciğer Dondurulmuş 650 G,a101
a101-11003158,0.0,,153.45,Besler Parmak Bonfile Tavuk 550 G,a101
a101-11003159,0.0,,153.45,Doyfarm Parmak Bonfile Tavuk 550 G,a101
a101-11003160,0.0,,181.35,Bupiliç Parmak Bonfile Tavuk 650 G,a101
a101-11003161,0.0,,213.57,Keskinoğlu Piliç Çıtır Bonfile Dondurulmuş 700 G ,a101
a101-11003066,0.0,,820.0,Baştacı Dana Döner 250 G,a101
a101-11003073,0.0,,199.0,Aspiliç Dondurulmuş Piliç Acılı Lokma 500 G,a101
a101-11003075,0.0,,425.0,Polonez Hindi Füme 2x50 G,a101
a101-11003170,0.0,,26.78,Şenpiliç Dondurulmuş Piliç Ciğer 450 G,a101
a101-11003172,0.0,,257.58,Keskinoğlu Piliç Jumbo Sosis 330 G,a101
a101-11003173,0.0,,108.75,Gedik Tavuk Baget 750 G,a101
a101-11003128,0.0,,186.93,Lezita Parmak Bonfile Tavuk 670 G,a101
a101-11003034,0.0,,1590.0,Şahin Kurutulmuş Dana Füme Et 100 G,a101
a101-11003037,0.0,,358.0,Bonfes Piliç Döner 500 G ,a101
a101-11003042,0.0,,995.0,Maret Dana Kavurma 100 G,a101
a101-11003044,0.0,,268.0,Beşler Dondurulmuş Dana İnegöl Köfte 500 G,a101
a101-11003045,0.0,,790.0,Torku Dana Kavurma 100 G,a101
a101-11003047,0.0,,625.0,Namet 7/24 Piliç Füme Salam 60 G,a101
a101-11003049,0.0,,375.0,Polonez Piliç Jambon 2x60 G,a101
a101-11003050,0.0,,469.44,Polonez Hindi Fıstıklı Salam 2x90 G,a101
a101-11003052,0.0,,147.17,Pınar Jumbo Hindi Füme Sosis 265 G,a101
a101-11003055,0.0,,247.5,Bonfilet Dana Sulu Köfte Dondurulmuş 400 G,a101
a101-11003058,0.0,,296.67,Banvit Piliç Büfe Sucuk 450 G,a101
a101-11003064,0.0,,138.43,Lezita Dondurulmuş Piliç Şinitzel 1080 G,a101
a101-11003106,0.0,,210.0,Aspiliç Piliç Kangal Sucuk 250 G,a101
a101-11002980,0.0,,1225.0,Şampiyon Dilimli Kuzu Kokoreç Dondurulmuş 200 G,a101
a101-11002983,0.0,,215.4,Aspiliç Izgara Tavalık Tavuk But 600 G,a101
a101-11003088,0.0,,212.5,Aspiliç Dilimli Piliç Sucuk 400 G,a101
a101-11003090,0.0,,145.0,Erpiliç Dondurulmuş Piliç Göynük Köfte 1 Kg,a101
a101-11003091,0.0,,1072.5,Üstad Dana Kangal Sucuk 400 G,a101
a101-11003094,0.0,,359.0,Özlem Dana Kangal Sucuk 500 G,a101
a101-11003100,0.0,,155.0,Aspiliç Piliç Kasap Köfte Dondurulmuş 1 Kg,a101
a101-11003101,0.0,,207.78,Aspiliç Piliç Büfe Sucuk 450 G,a101
a101-11003102,0.0,,111.76,Aspiliç Piliç Salam 850 G,a101
a101-11003103,0.0,,155.0,Aspiliç Piliç Kokteyl Sosis 500 G,a101
a101-11003104,0.0,,165.0,Aspiliç Çıtır Piliç Burger Dondurulmuş 1000 G,a101
a101-11003105,0.0,,155.71,Aspiliç Piliç Şinitzel 700 G,a101
a101-11002979,0.0,,787.5,Beşler Dana Izgara Köfte 400 G,a101
a101-11003167,0.0,,1039.5,Bahar Poşetli Bütün Hindi Dondurulmuş 5500 G,a101
a101-11003168,0.0,,250.0,Maret Hindi Büfe Salam 500 G,a101
a101-11003225,0.0,,458.33,Pınar Aç Bitir Hindi Füme 60 G,a101
a101-11003227,0.0,,1083.33,Üstad Dana Füme Sosis 300 G ,a101
a101-11003230,0.0,,1877.78,Cumhuriyet Dana Çemensiz Pastırma 90 G ,a101
a101-11003231,0.0,,333.33,Polonez Zeytinyağlı & Otlu Piliç Füme 150 G,a101
a101-11003232,0.0,,596.67,Torku Dana Dilimli Macar Salam 3x50 G ,a101
a101-11003238,0.0,,722.73,Pınar Gurme But Etli Hindi Füme 110 G ,a101
a101-11003240,0.0,,645.0,Ettat Kıyma Dana Dondurulmuş 1 Kg ,a101
a101-11003244,0.0,,152.1,Yıldız Çiftliği Piliç Pirzola Dondurulmuş 900 G,a101
a101-11003255,0.0,,756.0,Baştacı Dana Kangal Sucuk 250 G,a101
a101-11003261,0.0,,310.0,Polonez Dilimli Piliç Salam 150 G,a101
a101-11003174,0.0,,298.89,Gedik Tavuk Kanat 810 G,a101
a101-11003275,0.0,,490.0,Namet Fıstıklı Hindi Salam 50 G,a101
a101-11003278,0.0,,80.55,Hastavuk Piliç Bütün Göğüs Dondurulmuş 900 G,a101
a101-11003194,0.0,,199.2,Keskinoğlu Tavuk Pirzola Tabak 800 G,a101
a101-11003195,0.0,,116.76,Keskinoğlu Tavuk Kalçalı But Tabak 840 G,a101
a101-11003196,0.0,,120.35,Keskinoğlu Baget Tavuk Tabak 830 G,a101
a101-11003285,0.0,,186.75,Yıldız Çiftliği Piliç Kanat Dondurulmuş 750 G,a101
a101-11003288,0.0,,530.0,Polonez Hindi Fıstıklı Salam 50 G ,a101
a101-11003290,0.0,,993.33,Şampiyon Kuzu Kokoreç 150 G ,a101
a101-11003294,0.0,,141.75,Yıldız Çiftliği Piliç Kelebek Pirzola Dondurulmuş 750 G,a101
a101-11003295,0.0,,135.0,Banvit Piliç Kebap Dondurulmuş 1 Kg,a101
a101-11003296,0.0,,164.25,Yıldız Çiftliği Bonfile Piliç Dondurulmuş 750 G ,a101
a101-11003299,0.0,,115.26,Banvit Piliç Büfe Salam 950 G ,a101
a101-11003263,0.0,,100.74,Şenpiliç Piliç Kök Kanat Dondurulmuş 920 G,a101
a101-11003175,0.0,,202.94,Gedik Tavuk Pirzola 815 G,a101
a101-11003176,0.0,,102.86,Gedik Kalçalı Tavuk But 740 G,a101
a101-11003177,0.0,,239.25,Gedik Tavuk Bonfile 750 G,a101
a101-11003178,0.0,,290.79,Gedik Izgara Tava Tavuk But 810 G,a101
a101-11003183,0.0,,879.0,Bonfilet Dana Kavurma 1 Kg ,a101
a101-11003185,0.0,,358.0,Gedik Soslu Piliç Döner 500 G,a101
a101-11003186,0.0,,578.0,Melek Dana Parmak Sucuk 500 G ,a101
a101-11003188,0.0,,664.44,Akşeker Dana Kangal Sucuk 450 G ,a101
a101-11003193,0.0,,242.14,Lezita Piliç Jumbo Fileto Dondurulmuş 700 G ,a101
a101-11003109,0.0,,249.0,Lezita Dondurulmuş Piliç Döner 1000 G,a101
a101-11003111,0.0,,750.0,Özlem Dana Jambon 50 G,a101
a101-11003112,0.0,,146.47,Lezita Piliç Salam 850 G,a101
a101-11003166,0.0,,686.67,Pınar Dana Kangal Sucuk 450 G ,a101
a101-11003198,0.0,,277.53,Keskinoğlu Tavuk Bonfile Tabak 870 G,a101
a101-11003199,0.0,,298.89,Keskinoğlu Tavuk Kanat Tabak 810 G,a101
a101-11003200,0.0,,273.42,Keskinoğlu Parmak Tavuk Bonfile Tabak 980 G,a101
a101-11003203,0.0,,99.5,Banvit Piliç Kokteyl Sosis 1 Kg,a101
a101-11003207,0.0,,125.0,Doyfarm Piliç Kokteyl Sosis 1 Kg,a101
a101-11003208,0.0,,111.6,Güres XL Yumurta 20'li 73 G,a101
a101-11003209,0.0,,99.5,Doyfarm Piliç Salam 1 Kg,a101
a101-11003210,0.0,,223.2,Gedik Parmak Tavuk Bonfile Tabak 800 G,a101
a101-11003211,0.0,,212.85,Gedik Poşetli Bütün Piliç Dondurulmuş 1650 G,a101
a101-11003212,0.0,,168.8,Aspiliç Parmak Bonfile Tavuk 605 G,a101
a101-11003213,0.0,,153.45,Gedik Parmak Bonfile Tavuk 550 G,a101
a101-11003214,0.0,,167.4,Bakpiliç Parmak Tavuk Bonfile Tabak 600 G,a101
a101-11003197,0.0,,290.79,Keskinoğlu Tavuk But Izgara Tava 810 G,a101
a101-11002700,0.0,,51.75,Bakpiliç Tavuk Katı Taşlık 450 G,a101
a101-11002701,0.0,,114.68,Bakpiliç Kalçalı Tavuk But 825 G,a101
a101-11002702,0.0,,123.25,Bakpiliç Tavuk Baget 850 G,a101
a101-11002703,0.0,,43.95,Bakpiliç Tavuk Ciğer 550 G,a101
a101-11002704,0.0,,149.4,Bakpiliç Tavuk But İncik 600 G,a101
a101-11002705,0.0,,149.4,Bakpiliç Tavuk Pirzola 600 G,a101
a101-11002706,0.0,,359.0,Bakpiliç Izgara Tavalık Tavuk But 600 G,a101
a101-11002708,0.0,,191.4,Bakpiliç Tavuk Bonfile 600 G,a101
a101-11002709,0.0,,202.95,Bakpiliç Tavuk Kanat 550 G,a101
a101-11002577,0.0,,1660.0,Baştacı Dana Kavurma 150 G,a101
a101-11002602,0.0,,209.0,Lezita Piliç Kasap Köfte Dondurulmuş 1 Kg,a101
a101-11003032,0.0,,219.0,Aspiliç Dondurulmuş Piliç Çıtır Fileto 500 G,a101
a101-11002720,0.0,,174.0,Gedik Tavuk Baget 1200 G,a101
a101-11002722,0.0,,239.25,Gedik Tavuk Bonfile 750 G,a101
a101-11002724,0.0,,269.25,Gedik Tavuk Izgara Tavalık But 750 G,a101
a101-11002727,0.0,,186.75,Gedik Tavuk Pirzola 750 G,a101
a101-11002728,0.0,,276.75,Gedik Tavuk Kanat 750 G,a101
a101-11002731,0.0,,104.25,Gedik Tavuk Kalçalı But 750 G,a101
a101-11002733,0.0,,40.75,Gedik Tavuk Ciğer 510 G,a101
a101-11002734,0.0,,57.5,Gedik Tavuk Taşlık 500 G,a101
a101-11002744,0.0,,86.88,Pamukkale Kanat Piliç Dondurulmuş 1250 G,a101
a101-11002750,0.0,,950.0,Polonez Dana Jambon 50 G,a101
a101-11002752,0.0,,940.0,Maret Dana Döner Dondurulmuş 250 G,a101
a101-11002758,0.0,,107.14,Lezita Piliç Kroket Dondurulmuş 700 G,a101
a101-11002605,0.0,,372.5,Beşler Piliç Kangal Sucuk 400 G,a101
a101-11002568,0.0,,78.57,Keskinoğlu Piliç Kroket Dondurulmuş 700 G,a101
a101-11002569,0.0,,312.5,Keskinoğlu Dilimli Piliç Sucuk 400 G,a101
a101-11002571,0.0,,114.74,Şişman Yumurta XL Boy 20'li 73 G,a101
a101-11002426,0.0,,820.0,Baştacı Dana Döner 250 G,a101
a101-11002427,0.0,,777.78,Kombinet Dana Hamburger Köfte Dondurulmuş 225 G,a101
a101-11002429,0.0,,2408.33,Baştacı Çemensiz Dana Pastırma 120 G,a101
a101-11002624,0.0,,179.0,Erpiliç Dilimli Piliç Sucuk 500 G,a101
a101-11002626,0.0,,312.5,Sultan Piliç Dilimli Sucuk 400 G,a101
a101-11002631,0.0,,142.14,Keskinoğlu Dondurulmuş Piliç Çıtır Filetom 700 G,a101
a101-11002633,0.0,,108.48,MNS XL Yumurta 20'li 73 G,a101
a101-11002637,0.0,,711.11,Kombinet Dana Kasap Köfte Dondurulmuş 450 G,a101
a101-11002638,0.0,,711.11,Kombinet Dana Kaşarlı Köfte Dondurulmuş 450 G,a101
a101-11002699,0.0,,243.0,Bakpiliç Poşetli Bütün Tavuk 1800 G,a101
a101-11002644,0.0,,836.0,Baştacı Dana Dilimli Sucuk 250 G,a101
a101-11002646,0.0,,312.5,Lezita Dilimli Piliç Sucuk 400 G,a101
a101-11002654,0.0,,250.0,Gedik Piliç Nugget 300 G,a101
a101-11002655,0.0,,262.5,Gedik Piliç Acılı Kebap 400 G,a101
a101-11002661,0.0,,312.5,Gedik Dilimli Piliç Sucuk 400 G,a101
a101-11002664,0.0,,212.86,Lezita Piliç Şinitzel 700 G,a101
a101-11002462,0.0,,39.95,Doyfarm Tavuk Ciğer 500 G,a101
a101-11002463,0.0,,57.5,Doyfarm Tavuk Katı Taşlık 500 G,a101
a101-11002464,0.0,,400.0,Polonez Piliç Dilimli Salam 60 G,a101
a101-11002690,0.0,,210.0,Doyfarm Piliç Kokteyl Sosis 500 G,a101
a101-11002695,0.0,,500.0,Maret Hindi Füme 2x50 G,a101
a101-11002697,0.0,,341.43,Erpiliç Dondurulmuş Piliç Çıtır Fileto 700 G,a101
a101-11002639,0.0,,711.11,Kombinet Dana İnegöl Köfte Dondurulmuş 450 G,a101
a101-11002964,0.0,,598.0,Cemil Usta Dondurulmuş Dana Akçaabat Köfte 500 G,a101
a101-11002965,0.0,,465.0,Polonez Hindi Jambon 2x50 G,a101
a101-11002966,0.0,,186.93,Keskinoğlu Parmak Bonfile Tavuk 670 G,a101
a101-11002968,0.0,,731.11,Beşler Dana Kangal Sucuk 450 G,a101
a101-11002970,0.0,,358.0,Beşler Piliç Döner 500 G,a101
a101-11002971,0.0,,89.5,Aspiliç Dondurulmuş Piliç Şinitzel 1 Kg,a101
a101-11002771,0.0,,1496.88,Şahin Dana Parmak Sucuk 320 G,a101
a101-11002781,0.0,,696.67,Maret Soslu Dana Döner Dondurulmuş 300 G,a101
a101-11002836,0.0,,122.6,Kabbuk Yumurta XL 20'li 73 G,a101
a101-11002985,0.0,,270.0,Aspiliç Poşetli Bütün Tavuk 2000 G,a101
a101-11002987,0.0,,111.2,Aspiliç Tavuk Kalçalı But 800 G,a101
a101-11003001,0.0,,109.5,Keskinoğlu Piliç Şinitzel Dondurulmuş 1000 G,a101
a101-11002769,0.0,,3737.5,Şahin Çemeni Sıyrılmış Dana Pastırma 80 G,a101
a101-11003003,0.0,,99.0,Aspiliç Piliç Salam 1 Kg,a101
a101-11003005,0.0,,597.0,Pınar Bütün Poşetli Hindi Dondurulmuş 6 Kg,a101
a101-11003006,0.0,,129.0,Pınar Hindi Derili But Dondurulmuş 1 Kg,a101
a101-11003007,0.0,,119.33,Yumurta 20'li XL 73 G,a101
a101-11003015,0.0,,89.0,Aspiliç Piliç Kokteyl Sosis 1 Kg,a101
a101-11003019,0.0,,297.5,Bonfilet Dondurulmuş Dana Steak Burger 400 G,a101
a101-11003023,0.0,,214.8,"Aspiliç Dondurulmuş Piliç Izgara But 1,2 KG",a101
a101-11003025,0.0,,89.5,Erpiliç Dondurulmuş Piliç Sarma 1 Kg,a101
a101-11003026,0.0,,587.18,Pınar İllaki Dana Misket Köfte Dondurulmuş 390 G ,a101
a101-11002894,0.0,,258.0,Gedik Dondurulmuş Bütün Piliç 2 Kg,a101
a101-11002900,0.0,,119.33,Evrenkaya Yumurta 20'li 73 G,a101
a101-11002927,0.0,,186.15,Lezita Piliç Bonfile Dondurulmuş 850 G,a101
a101-11003002,0.0,,119.5,Aspiliç Dondurulmuş Piliç Nugget 1 Kg,a101
a101-11002672,0.0,,625.0,Namet Hindi Füme 110 G,a101
a101-11002682,0.0,,119.33,Riva Yumurta 20'li XL 73 G,a101
a101-11002687,0.0,,124.51,Vanet Piliç Salam 850 G,a101
a101-11002839,0.0,,223.75,Lezita Piliç But Izgara Dondurulmuş 1250 G,a101
a101-11002851,0.0,,79.5,Lezita Bi’Lezzetli Piliç Salam 1 Kg,a101
a101-11002855,0.0,,500.0,Namet Dana Soslu Parmak Köfte 250 G,a101
a101-11002866,0.0,,179.0,Erpiliç Piliç Izgara But Dondurulmuş 1 Kg,a101
a101-11002874,0.0,,183.75,Vanet Piliç Kangal Sucuk 400 G,a101
a101-11002877,0.0,,251.63,Lezita Poşetli Bütün Piliç Dondurulmuş 2750 G,a101
a101-11002878,0.0,,1225.0,Akşeker Dilimli Kuzu Kokoreç Dondurulmuş 200 G,a101
a101-11002879,0.0,,132.3,Lezita Dondurulmuş Piliç Bonfile 700 G,a101
a101-11002886,0.0,,931.11,Torku Dana Kangal Sucuk 450 G,a101
a101-11002957,0.0,,170.1,Banvit Piliç Bonfile Dondurulmuş 900 G,a101
a101-11002891,0.0,,220.59,Gedik Çıtır Piliç Burger Dondurulmuş 1020 G,a101
a101-11002892,0.0,,209.0,Gedik Piliç Kasap Köfte Dondurulmuş 1 Kg,a101
a101-11002893,0.0,,141.43,Gedik Piliç Kroket Dondurulmuş 700 G,a101
a101-11002710,0.0,,225.0,Keskinoğlu Çıtır Piliç Burger Dondurulmuş 1000 G,a101
a101-11002716,0.0,,1126.67,Bonfilet Dana Kavurma 150 G,a101
a101-11002718,0.0,,545.0,Doyfarm Piliç Döner 200 G,a101
a101-11002935,0.0,,164.7,Lezita Bütün Poşet Piliç Dondurulmuş 1800 G,a101
a101-11002940,0.0,,678.0,Maret Dana Kangal Sucuk 500 G,a101
a101-11002943,0.0,,22.28,Erpiliç Tavuk Ciğer Dondurulmuş 450 G,a101
a101-11002945,0.0,,128.73,Omega-3 Yumurta M 6'lı,a101
a101-11002946,0.0,,208.33,Organik Yumurta 10'lu M 53-62 G,a101
a101-11002948,0.0,,275.0,Namet 7/24 Fıstıklı Hindi Salam 2x50 G ,a101
a101-11002889,0.0,,500.0,Maret Dondurulmuş Soslu Dana Parmak Köfte 250 G,a101
a101-13002602,0.0,,57.5,Dooy Şeftali Kayısı Kavun Meyveli İçecek 200 ml,a101
a101-13002613,0.0,,138888.89,Fuse Tea Frambuaz ve Böğürtlen Soğuk Çay 6x330 ml,a101
a101-13002752,0.0,,180.0,Jantea Bubble Karpuz-Çilek Aromalı İçecek 250 ml,a101
a101-13002758,0.0,,38.0,Lipton Tropikal Meyve Aromalı Soğuk Çay 2 L,a101
a101-13002761,0.0,,76.0,Koffo Şekersiz Soğuk Kahve Latte 250 Ml,a101
a101-13002762,0.0,,76.0,Koffo Şekersiz Soğuk Kahve Cappuccino 250 Ml,a101
a101-13002765,0.0,,875.0,Kınık Sade Maden Suyu 20x200 ml ,a101
a101-13002766,0.0,,19.8,"Sprite Zero Gazoz 2,5 L",a101
a101-13002767,0.0,,26.0,"Fanta Zero Portakal Gazlı İçecek 2,5 L ",a101
a101-13002769,0.0,,465.81,Çerezza Kokteyl Mısır Cipsi 117 G,a101
a101-13002782,0.0,,21.43,Avoya Sade Maden Suyu 6x200 ml,a101
a101-12003490,0.0,,321.43,Sek Quark Kayısı & Kinoa 140 G ,a101
a101-13002786,0.0,,33.1,Avoya Elma Adaçayı Maden Suyu 6x200 ml,a101
a101-13002793,0.0,,26.51,Serinoba Greyfurt Maden Suyu 6x200 ml,a101
a101-13002794,0.0,,24.1,Serinoba Mango & Şeftali Aromalı Maden Suyu 6x200 ml,a101
a101-13002675,0.0,,69.7,Bi Kola Şekersiz Gazlı İçecek 330 M,a101
a101-13002676,0.0,,45.0,Tamek Elmalı Limonata 200 ml,a101
a101-13002677,0.0,,49.5,Cappy Serin Narenciye Aromalı İçecek 1 L ,a101
a101-13002804,0.0,,18.33,Yeni Kavaklıdere Mandalina Aromalı İçecek 3 L,a101
a101-13002805,0.0,,18.33,Yeni Kavaklıdere Efor Karadut Aromalı İçecek 3 L,a101
a101-13002806,0.0,,18.33,Yeni Kavaklıdere Efor Limonata 3 L,a101
a101-13002807,0.0,,57.14,Jantea Yaban Mersinli Fesleğen Aromalı İçecek 250 Ml ,a101
a101-13002811,0.0,,28.0,"Sarıyer Karadut Aromalı Gazoz  2,5 L",a101
a101-13002813,0.0,,36.49,Pepsi Kola 4x1 L,a101
a101-13002783,0.0,,42.86,Avoya Limon-Limon Çiçeği Maden Suyu 6x200 ml,a101
a101-13002633,0.0,,158.0,Cafex Kahveli Sütlü İçecek Karamel 250 ml,a101
a101-13002635,0.0,,158.0,Cafex Kahveli Sütlü İçecek Vanilya 250 ml,a101
a101-13002648,0.0,,73.96,Akmina Karpuz Çilek Maden Suyu 6x200 ml,a101
a101-13002651,0.0,,127.42,Dimes Cool Lime Şekersiz Konsantre Meyveli İçecek 310 ml,a101
a101-13002652,0.0,,159.68,Dimes Cool Berry Konsantre Meyveli İçecek 310 Ml,a101
a101-13002653,0.0,,59.0,Dooy %100 Organik Kırmızı Meyveler Meyve Suyu 1 L,a101
a101-13002654,0.0,,65.0,Dooy %100 Organik Sarı Meyveler Meyve Suyu 1 L,a101
a101-13002672,0.0,,15.4,"Kristal Şekersiz Kola 2,5 L ",a101
a101-13002673,0.0,,15.4,"Kristal Portakallı Gazlı İçecek 2,5 L",a101
a101-13002539,0.0,,220.0,Nescafe Xpress Coconatte Soğuk Kahve 250 ml ,a101
a101-13002546,0.0,,40.0,Coca-Cola Zero Gazlı İçecek 2 L,a101
a101-13002554,0.0,,130.0,Obsesso Frappe Muzlu Soğuk Kahve 250 ml,a101
a101-13002601,0.0,,57.5,Dooy Karpuz-Çilek Meyveli İçecek 200 ml,a101
a101-13002688,0.0,,67.5,Tamek Karpuz Çilek Aromalı Buzlu Çay 200 ml,a101
a101-13002706,0.0,,37.5,Sırma Ananas Mango Maden Suyu 6x200 Ml,a101
a101-13002711,0.0,,162.5,Sırma Karma Mango Mürver Çiçeği Şeftali Aromalı Maden Suyu 250 ml,a101
a101-13002716,0.0,,90.0,Balsa Limonlu Gazoz 250 ml,a101
a101-13002721,0.0,,42.25,Doğanay Gurme Acılı Şalgam Suyu 2 L,a101
a101-13002723,0.0,,30.0,Doğanay Lita Limon Çilek Karpuz Meyve Aromalı Şekersiz Limonata 1 L,a101
a101-13002728,0.0,,90.0,Dimes Portakal Suyu 1 L ,a101
a101-13002732,0.0,,35.42,Sırma Mandalina Maden Suyu 6x200 Ml,a101
a101-13002735,0.0,,34.67,"Fuse Tea Karpuz Soğuk Çay 1,5 L ",a101
a101-13002736,0.0,,53.0,"Fuse Tea Mango Ananas Soğuk Çay 1,5 L ",a101
a101-13002739,0.0,,80.0,Obsesso Pumpkin Spice Frappe Soğuk Kahve 250 Ml,a101
a101-13002741,0.0,,80.0,Obsesso Toffee Nut Frappe Soğuk Kahve 250 Ml,a101
a101-13002687,0.0,,67.5,Tamek Şeftali Aromalı Buzlu Çay 200 ml,a101
a101-13002865,0.0,,35.0,Kızılay Şalgam Suyu 1 L,a101
a101-13002867,0.0,,50.0,Sarıyer Mandalina Gazlı İçecek 250 ml,a101
a101-13002876,0.0,,159.68,Dimes Cool Mango ve Çarkıfelek Aromalı Meyveli Konsantre İçecek 310 ml ,a101
a101-13002879,0.0,,20.83,Juss Tea Şeftali Aromalı Buzlu Çay 6x1 L,a101
a101-13002880,0.0,,20.83,Sarıyer Limonata 6x1 L,a101
a101-13002881,0.0,,20.83,Sarıyer Şekersiz Limonata 6x1 L,a101
a101-13002885,0.0,,320.0,Nescafe Xpress Vanilya Soğuk Kahve 250 ml,a101
a101-13002886,0.0,,45.0,Pin Çilek & Vanilya Soğuk Çay 1 L ,a101
a101-13002892,0.0,,46.65,Cappy Serin Misket Limonu Aromalı İçecek 1 L ,a101
a101-13002897,0.0,,46.33,"Fanta Portakal Gazlı İçecek 1,5 L ",a101
a101-13002898,0.0,,26.67,"Nazilli Gazozu Sade 1,5 L ",a101
a101-13002818,0.0,,140.0,Predator Enerji İçeceği 250 ml ,a101
a101-13002837,0.0,,39.09,Dimes Buzz Kivi-Lime Meyveli İçecek 1 L,a101
a101-13002841,0.0,,28.0,"Cola Turka 2,5 L",a101
a101-13002842,0.0,,45.0,Lipton Ice Tea Ahududu Aromalı Soğuk Çay 1 L,a101
a101-13002903,0.0,,39.87,Dooy Elma Çilek Böğürtlen Aromalı İçecek 7x200 ml,a101
a101-13002904,0.0,,113.25,Lipton Limon Soğuk Çay 6x330 ml,a101
a101-13002908,0.0,,114.39,Lipton Şeftali Soğuk Çay 6x330 ml,a101
a101-13002909,0.0,,143.37,Bobatea Yaban Mersini Aromalı Bubble Tea 350 ml,a101
a101-13002910,0.0,,28.85,Bahçeden Çilek Aromalı İçecek 1 L,a101
a101-13002916,0.0,,28.57,Doğanay Lita Limon Nane Lime Meyve Aromalı Şekersiz Limonata 1 L,a101
a101-13002925,0.0,,281.82,Sırma Karma Portakal Çiçeği ve Misket Limonu Aromalı Maden Suyu 250 ml,a101
a101-13002933,0.0,,15.71,Yeni Kavaklıdere Efor Mango & Ananas Aromalı İçecek 3 L,a101
a101-13002935,0.0,,27.8,"Sarıyer Frambuaz Aromalı Gazoz 2,5 L",a101
a101-13002899,0.0,,26.67,"Nazilli Gazozu Portakal Aromalı 1,5 L ",a101
a101-13002831,0.0,,63.64,Bi Buzlu Çay Kavun Çilek 330 ml ,a101
a101-13002832,0.0,,62.37,Üstad Yeşil Şerbet 946 ml ,a101
a101-13002833,0.0,,62.37,Üstad Osmanlı Şerbeti 946 ml ,a101
a101-13002834,0.0,,63.64,Bi Buzlu Çay Karpuz 330 ml ,a101
a101-13002835,0.0,,63.64,Bi Buzlu Çay Frambuaz Böğürtlen 330 ml ,a101
a101-13002836,0.0,,142.86,Serinoba C Vitaminli Limon Aromalı Maden Suyu 6x200 ml,a101
a101-13002743,0.0,,23750.0,Çamlıca Gazoz 4x1 L,a101
a101-13002745,0.0,,39.5,Akmina Karpuz & Çilek Maden Suyu 1 L,a101
a101-13002750,0.0,,52.67,Niğde Gazozu Şekersiz Gazlı İçecek 6x250 ml,a101
a101-13002843,0.0,,24.88,Kuzeyden Berry Mix Maden Suyu 6x200 ml,a101
a101-13002844,0.0,,24.88,Kuzeyden Tropical Maden Suyu 6x200 ml,a101
a101-13002846,0.0,,26.0,"Kristal Kola 2,5 L",a101
a101-13002864,0.0,,35.0,Kızılay Limonata 1 L,a101
a101-13002849,0.0,,75.0,Serinoba Yaban Mersini Aromalı Gazoz 200 ml,a101
a101-13002851,0.0,,25.0,Bi Ice Tea Çilek Kavun 1 L,a101
a101-13002852,0.0,,25.0,Bi Ice Tea Böğürtlen Frambuaz 1 L,a101
a101-13002854,0.0,,25.0,Bi Ice Tea Karpuz 1 L ,a101
a101-13002855,0.0,,140.0,Cafex Frappe Çilek Soğuk Kahve 250 ml,a101
a101-13002856,0.0,,140.0,Cafex Double Shot Soğuk Kahve 250 ml,a101
a101-13002858,0.0,,140.0,Cafex Frappe Çikolata Soğuk Kahve 250 ml,a101
a101-13002859,0.0,,52.5,Bi Ice Tea Şeftali Aromalı İçecek 200 ml,a101
a101-13002860,0.0,,52.5,Bi Limonata 200 ml,a101
a101-13002799,0.0,,158.0,Obsesso Şekersiz Soğuk Kahve 250 ml,a101
a101-13002802,0.0,,79.17,Kınık Portakallı Gazoz 6x200 ml,a101
a101-13002803,0.0,,18.33,Kavaklıdere Acılı Şalgam Suyu 3 L,a101
a101-13002847,0.0,,75.0,Serinoba Bubble Gum Aromalı Gazoz 200 ml,a101
a101-13002287,0.0,,22.5,Dooy Yeşil Şerbet 1 L,a101
a101-13002291,0.0,,45.0,Dooy Çilekli Meyveli İçecek 1 L,a101
a101-13002293,0.0,,40.0,"Coca-Cola 2,5 L",a101
a101-13002299,0.0,,80000.0,"Fuse Tea Kavun Çilek Soğuk Çay 1,5 L",a101
a101-13002301,0.0,,22.0,"Doğuş Şeftali Aromalı Buzlu Çay 2,5 L",a101
a101-13002306,0.0,,37.5,Akmina Karadut & Frenk Üzümü Aromalı Maden Suyu 1 L,a101
a101-13002153,0.0,,100.0,Cappy Vişne Meyveli İçecek 200 ml,a101
a101-13002156,0.0,,60.0,Lavi Meyve Nektarı Kayısı 1 L,a101
a101-13002172,0.0,,27.4,"Juss Tea Şeftali Aromalı Buzlu Çay 2,5 L",a101
a101-13002317,0.0,,138888.89,Fuse Tea Mango ve Ananas Soğuk Çay 6x330 ml,a101
a101-13002325,0.0,,104.84,Dimes Smoothie %100 Karpuz Meyve Suyu 310 ml,a101
a101-13002632,0.0,,159.68,Dimes Smoothie Acai Yaban Mersini Meyve Suyu 310 ml ,a101
a101-13002332,0.0,,300.0,Obsesso Çikolatalı Frappe Soğuk Kahve 250 ml,a101
a101-13002333,0.0,,18.33,Booly Mandalina Aromalı İçecek 3 L,a101
a101-13002335,0.0,,130.0,Obsesso Frappe Vanilyalı Soğuk Kahve 250 ml,a101
a101-13002339,0.0,,40.0,Lavi Portakal Meyveli İçecek 1 L,a101
a101-13002341,0.0,,28.0,"Sarıyer Kola Gazlı İçecek 2,5 L",a101
a101-13002343,0.0,,27.8,"Sarıyer Portakal Gazlı İçecek 2,5 L",a101
a101-13002344,0.0,,60.0,Lavi Mango Aromalı İçecek 1 L,a101
a101-13002345,0.0,,16.86,Su 12x330 ml,a101
a101-13002347,0.0,,40.0,Dimes Ananas & Hindistan Cevizi Meyveli İçecek 1 L,a101
a101-13002349,0.0,,49.5,Akmina Mango & Ananas Maden Suyu 1 L,a101
a101-13002258,0.0,,55.0,Fuse Tea Frambuaz Böğürtlen Aromalı İçecek 1 L,a101
a101-13002262,0.0,,140.0,Torku Şeftali Buzlu Çay 250 ml,a101
a101-13002331,0.0,,198.0,Obsesso Frappe Çilekli Soğuk Kahve 250 ml,a101
a101-13002057,0.0,,15.8,"Sarıyer Portakallı Şekersiz Gazlı İçecek 2,5 L",a101
a101-13002060,0.0,,80.0,Cappy Vişne Meyveli İçecek Pet 1 L,a101
a101-13002062,0.0,,166.67,Fuse Tea Şeftali Buzlu Çay 330 ml,a101
a101-13002187,0.0,,19.83,Booly Ananas Aromalı İçecek 3 L,a101
a101-13002210,0.0,,31.67,"Juss Tea Karpuz & Çilek Aromalı Soğuk Çay 1,5 L",a101
a101-13002211,0.0,,28.33,"Juss Tea Mango & Ananas Aromalı Soğuk Çay 1,5 L",a101
a101-13002214,0.0,,59.5,Dimes Karpuz Çilek Meyveli İçecek 1 L,a101
a101-13002216,0.0,,80.0,Dimes Vişne Meyveli İçecek 1 L,a101
a101-13002218,0.0,,80.0,Dimes Şeftali Nektarlı Meyveli İçecek 1 L,a101
a101-13002219,0.0,,70.0,Dimes Ananas Aromalı İçecek 1 L,a101
a101-13002226,0.0,,60.0,Tamek Ananas Aromalı İçecek 1 L,a101
a101-13002227,0.0,,60.0,Tamek Mango Aromalı İçecek 1 L,a101
a101-13002283,0.0,,22.5,Sarıyer Gül Şerbeti 1 L,a101
a101-13002232,0.0,,45.0,Tamek Tropik Meyve Aromalı Limonata 200 Ml,a101
a101-13002252,0.0,,44.0,Juss Tea Karpuz Çilek Pet Buzlu Çay 250 ml,a101
a101-13002253,0.0,,44.0,Juss Tea Mango Ananas Pet Buzlu Çay 250 ml,a101
a101-13002104,0.0,,57.92,Damla Minera Mango Ananas Aromalı Maden Suyu 6x200 ml ,a101
a101-13002105,0.0,,57.92,Damla Minera Limon Aromalı Maden Suyu 6x200 ml ,a101
a101-13002119,0.0,,44.0,Sarıkız Sade Maden Suyu 6x250 Ml,a101
a101-13002264,0.0,,31.67,"Juss Tea Şeftali Aromalı Soğuk Çay 1,5 L",a101
a101-13002267,0.0,,65.0,Serfressh Acılı Şalgam Suyu 1 L,a101
a101-13002273,0.0,,40.0,Lavi Ekşi Elma Meyveli İçecek 1 L,a101
a101-13002275,0.0,,45.0,Dooy Böğürtlen Meyveli İçecek 1 L,a101
a101-13002276,0.0,,79.17,Kınık Sade Gazoz 6x200 ml,a101
a101-13002279,0.0,,27.5,Dooy Osmanlı Şerbeti 1 L,a101
a101-13002231,0.0,,45.0,Tamek Çilek Aromalı Limonata 200 Ml,a101
a101-13002533,0.0,,183.33,Sprite Zero Gazoz 6x250 ml,a101
a101-13002534,0.0,,50.67,"Pepsi Gazlı İçecek 1,5 L",a101
a101-13002535,0.0,,56.0,Bahçeden Çilek Aromalı İçecek 250 ml,a101
a101-13002353,0.0,,43.33,"Yedigün Portakal Aromalı Gazlı İçecek 1,5 L",a101
a101-13002354,0.0,,66.5,Pepsi Zero Sugar Gazlı İçecek 1 L,a101
a101-13002355,0.0,,26.0,"Juss Tea Mango Ananas Aromalı Soğuk Çay 2,5 L",a101
a101-13002555,0.0,,198.0,Obsesso Karamel Macchiato Soğuk Kahve 250 ml,a101
a101-13002559,0.0,,114.39,Lipton Çilek Soğuk Çay 6x330 ml,a101
a101-13002563,0.0,,37.5,Sarıyer Karadut Aromalı Limonata 1 L,a101
a101-13002565,0.0,,58.0,Sarıyer Çilek Aromalı Limonata 250 ml,a101
a101-13002569,0.0,,62.0,Sarıyer Kola 250 ml,a101
a101-13002570,0.0,,62.0,Sarıyer Portakallı Gazlı İçecek 250 ml,a101
a101-13002263,0.0,,140.0,Torku Limonlu Buzlu Çay 250 ml,a101
a101-13002573,0.0,,62.0,Sarıyer Yaban Mersinli Gazlı İçecek 250 ml,a101
a101-13002587,0.0,,39.5,Lipton Yeşil Çay Çilek Soğuk Çay 1 L,a101
a101-13002590,0.0,,35.83,Coca-Cola Gazlı İçecek 3 L,a101
a101-13002594,0.0,,45.0,Cappy Cool Şekersiz Pink Çilekli Limonata 1 L,a101
a101-13002595,0.0,,39.5,Cappy Cool Nane Aromalı Limonlu Limonata 1 L,a101
a101-13002596,0.0,,159.68,Dimes Cool Karpuz Konsantre İçecek 310 ml,a101
a101-13002494,0.0,,136.89,Benorganic Kırmızı Meyveler %100 Meyve Suyu 946 ml,a101
a101-13002495,0.0,,55.0,Dimes Meyveli İçecek Ekşi Elma 1 L,a101
a101-13002496,0.0,,18.0,Yakamoz Karadut İçecek 5 L,a101
a101-13002619,0.0,,35.0,Fuse Tea Exotic Buzlu Çay 1 L,a101
a101-13002623,0.0,,65.0,Cappy Cool Hibiscus Aromalı İçecek 1 L,a101
a101-13002626,0.0,,118.0,Fruit Up Karışık Gazlı İçecek 250 ml,a101
a101-13002572,0.0,,62.0,Sarıyer Gazoz 250 ml,a101
a101-13002368,0.0,,48.0,Sarıkız Sade Maden Suyu 250 ml,a101
a101-13002373,0.0,,26.0,"Juss Tea Karpuz Çilek Aromalı Soğuk Çay 2,5 L",a101
a101-13002397,0.0,,14.17,Erikli Su 6x1 L,a101
a101-13002414,0.0,,175.0,Dimes Cool Lime 1 L,a101
a101-13002432,0.0,,159.68,Dimes Smoothie Mango Meyve Suyu 310 ml,a101
a101-13002451,0.0,,159.68,Dimes Cool Lime Meyveli Konsantre İçecek 310 Ml,a101
a101-13002453,0.0,,43.5,Dimes Limonata 1 L,a101
a101-13002455,0.0,,166.67,Fuse Tea Kavunlu Çilekli Buzlu Çay 330 ml,a101
a101-13002464,0.0,,16.5,Cola Turka Kola 3 L,a101
a101-13002466,0.0,,26.0,"Çamlıca Frambuaz Aromalı Gazlı İçecek 2,5 L",a101
a101-13002478,0.0,,163.33,Fanta Zero Portakallı Gazlı İçecek 6x250 ml,a101
a101-13002487,0.0,,49.5,Akmina Mango & Şeftali Maden Suyu 1 L,a101
a101-13002525,0.0,,59.5,Dimes Buzz Ekşi Elma & Kivi Meyveli İçecek 1 L,a101
a101-13002308,0.0,,15.83,"Erikli Su 12x0,5 L",a101
a101-13002310,0.0,,66.0,Sprite Gazoz Gazlı İçecek 250 ml,a101
a101-13002315,0.0,,138888.89,Fuse Tea Karpuzlu Soğuk Çay 6x330 ml,a101
a101-13002503,0.0,,40.83,Dooy Kırmızı Meyveli Meyve Suyu %100 6x200 Ml,a101
a101-13002505,0.0,,57.5,Dooy Sarı Meyveli Meyve Suyu %100 6x200 ml,a101
a101-13002506,0.0,,138888.89,Fuse Tea Kavun ve Çilek Soğuk Çay 6x330 ml,a101
a101-13002508,0.0,,320.0,Nescafe Xpress Kakaolu Soğuk Kahve 250 ml,a101
a101-13002509,0.0,,320.0,Nescafe Xpress Karamel Soğuk Kahve 250 ml,a101
a101-13002517,0.0,,53.33,"Fanta Zero Gazlı İçecek 1,5 L",a101
a101-13002521,0.0,,39.5,Akmina Elma C+ Maden Suyu 1 L,a101
a101-13002523,0.0,,40.0,Dimes Buzz Mango & Portakal Meyveli İçecek 1 L  ,a101
a101-13002524,0.0,,59.5,Dimes Buzz Karadut Ahududu Meyveli İçecek 1 L ,a101
a101-13002488,0.0,,47.0,Akmina Vişne & Karadut Maden Suyu 1 L,a101
a101-13003197,0.0,,75.0,Avoya Karpuz Reyhan Maden Suyu 6x200 ml,a101
a101-13003199,0.0,,198.0,Obsesso Creamy Antep Fıstık Soğuk Kahve 250 ml,a101
a101-13003136,0.0,,183.33,Lipton Mango Buzlu Çay 6x250 ml,a101
a101-13003137,0.0,,183.33,Pepsi Gazlı İçecek Kola 6x250 ml,a101
a101-13003138,0.0,,183.33,Pepsi Max Gazlı İçecek Kola 6x250 ml,a101
a101-13003209,0.0,,45.0,Dimes Çilekli Limonata 1 L ,a101
a101-13003211,0.0,,62.5,Sırma Tuzlu Yeşil Erik Maden Suyu 6x200 ml ,a101
a101-13003218,0.0,,100.3,Coca Cola Gazlı İçecek Original Tat 500 ml,a101
a101-13003221,0.0,,100.3,Coca Cola Gazlı İçecek Zero Sugar 500 ml,a101
a101-13003223,0.0,,87.5,Fuse Tea Soğuk Çay Şeftali Aromalı 200 ml ,a101
a101-13003224,0.0,,87.5,Fuse Tea Soğuk Çay Karpuz Aromalı 200 ml ,a101
a101-13002936,0.0,,6.61,Sırma Churchill Maden Suyu 250 ml  ,a101
a101-13003229,0.0,,157.58,Lipton Ice Tea Sparkling Tropikal Meyve Aromalı Gazlı İçecek 330 ml,a101
a101-13003233,0.0,,130.0,Sırma Maden Suyu Karadeniz Kiraz Çiçeği 250 ml ,a101
a101-13003236,0.0,,49.0,Lipton Sparkling Buzlu Çay Tropikal Meyve 1 L ,a101
a101-13003238,0.0,,49.0,Lipton Sparkling Buzlu Çay Limon ve Yuzu 1 L ,a101
a101-13003241,0.0,,62.5,Sırma Maden Suyu Koruk 6x200 ml,a101
a101-13003242,0.0,,284.29,Sek Bubble Yaban Mersini Aromalı İçecek 350 ml ,a101
a101-13003178,0.0,,140.0,Oddly Buzlu Çay Bergamot Limon Aromalı 250 ml ,a101
a101-13003179,0.0,,140.0,Oddly Buzlu Çay Hibiscuslu Böğürtlen Aromalı 250 ml ,a101
a101-13003180,0.0,,70.0,Sizzle-Pop Karışık Meyveli İçecek Elmalı Şeftalili Ananaslı 200 ml,a101
a101-13003249,0.0,,49.5,Büyük Usta Acılı Şalgam Suyu 1 L,a101
a101-13003250,0.0,,220.0,Nescafe Xpress Chery Splash Soğuk Kahve 250 ml,a101
a101-13003251,0.0,,220.0,Nescafe Xpress Cookie Crush Soğuk Kahve 250 ml,a101
a101-13003228,0.0,,128.79,Lipton Ice Tea Sparkling Limon ve Yuzu Aromalı Gazlı İçecek 330 ml,a101
a101-13003141,0.0,,57.92,Avoya Elma Tarçın Karanfil Maden Suyu 6x200 ml,a101
a101-13003144,0.0,,57.0,Lipton Ahududu Aromalı Hibiskuslu İçecek 1 L,a101
a101-13003147,0.0,,53.09,Sprite Cool Mint  Limon ve Nane Aromalı Gazoz 1 L ,a101
a101-13003148,0.0,,35.0,Togo Pina Colada Hindistan Cevizi & Ananas Aromalı İçecek 1 L,a101
a101-13003149,0.0,,35.0,Togo Pina Colada Karışık Aromalı İçecek 1 L,a101
a101-13003153,0.0,,58.0,Sarıyer Karadut Aromalı Limonata 250 ml,a101
a101-13003166,0.0,,75.0,Beypazarı Sarı Co'Ala Maden Suyu 6x200 ml ,a101
a101-13003169,0.0,,75.0,Beypazarı Co'Ala Maden Suyu 6x200 ml ,a101
a101-13003172,0.0,,60.0,Pınar Meyveli İçecek Akdeniz 1 L ,a101
a101-13003173,0.0,,29.13,Fanta Portakal Aromalı Gazlı İçecek 3 L,a101
a101-13003176,0.0,,82.66,Pepsi Vanilya ve Krema Aromalı Kola 330 ml,a101
a101-13003177,0.0,,82.66,Pepsi Çilek ve Krema Aromalı Kola 330 ml,a101
a101-13003196,0.0,,198.0,Obsesso Creamy Vanilya Soğuk Kahve 250 ml,a101
a101-13003096,0.0,,58.66,Lavi %100 Meyve Suyu Elma Kayısı 1 L,a101
a101-13003097,0.0,,58.66,Lavi %100 Meyve Suyu Elma Şeftali 1 L,a101
a101-13003181,0.0,,30.0,Kristal Şeftali Aromalı Buzlu Çay 1 L ,a101
a101-13003182,0.0,,70.0,Sizzle-Pop Karışık Meyveli İçecek Elmalı Çilekli Havuçlu 200 ml,a101
a101-13003185,0.0,,66.11,Doğanay Gurme Acılı Şalgam 6x300 ml ,a101
a101-13003186,0.0,,82.5,Link Çilek Aromalı İçecek 200 ml,a101
a101-13003187,0.0,,39.0,Sırma Isabella Üzümü Aromalı Gazlı İçecek 1 L ,a101
a101-13003188,0.0,,159.0,Uludağ Frutti Extra Doğal Zengin Mineralli Gazlı İçecek Yeşil Limonlu 250 ml,a101
a101-13003189,0.0,,159.0,Uludağ Frutti Extra Doğal Zengin Mineralli Gazlı İçecek Orman Meyveli 250 ml,a101
a101-13003191,0.0,,52.5,Uludağ Meyvelim Mandalina Gazsız Meyveli İçecek 1 L ,a101
a101-13003193,0.0,,47.25,Doğanay Limonata 4x1 L,a101
a101-13003194,0.0,,47.25,Doğanay Şekersiz Limonata 4x1 L,a101
a101-13003090,0.0,,25.0,Kristal Gazoz 1 L ,a101
a101-13003244,0.0,,60.42,Şifa Maden Suyu Mango & Ananas 6x200 ml ,a101
a101-13003245,0.0,,60.42,Şifa Maden Suyu Karpuz & Çilek 6x200 ml ,a101
a101-13003350,0.0,,197.5,Tamek Meyve Nektarı Şeftali 200 ml ,a101
a101-13003351,0.0,,197.5,Tamek Meyve Nektarı Vişne 200 ml ,a101
a101-13003352,0.0,,70.0,Torku Buzlu Çay Şeftali 1 L ,a101
a101-13003355,0.0,,173.33,Ice Break Soğuk Kahve Latte 375 ml ,a101
a101-13003356,0.0,,173.33,Ice Break Soğuk Kahve Mocha 375 ml ,a101
a101-13003357,0.0,,173.33,Ice Break Soğuk Kahve Toffee Latte 375 ml ,a101
a101-13003369,0.0,,107.5,Kızılay Maden Suyu Yeşil Elma Yeşil Erik 200 ml ,a101
a101-13003370,0.0,,7.2,Kızılay Su 5 L,a101
a101-13003371,0.0,,8.33,"Kızılay Su 6x1,5 L",a101
a101-13003372,0.0,,65.0,Pin Buzlu Çay Ekşi Çilek 1 L ,a101
a101-13003252,0.0,,46.49,Fanta Gazlı İçecek Portakal Zero 4x1L ,a101
a101-13003375,0.0,,39.67,"Tamek Buzlu Çay Şeftali 1,5 L ",a101
a101-13003376,0.0,,358.0,Loco Meyveli İçecek Çarkıfelek Ananas 250 ml ,a101
a101-13003295,0.0,,140.0,Avoya Blend Maden Suyu Greyfurt 250 ml ,a101
a101-13003296,0.0,,140.0,Avoya Blend Maden Suyu Hibiskus 250 ml ,a101
a101-13003298,0.0,,140.0,Avoya Blend Maden Suyu Misket Limon 250 ml ,a101
a101-13003384,0.0,,140.0,Altınkılıç Gazlı İçecek Çilek Karpuz 250 ml ,a101
a101-13003385,0.0,,140.0,Altınkılıç Gazlı İçecek Zencefil Limon 250 ml ,a101
a101-13003386,0.0,,90.91,Juss Gazlı Buzlu Çay Şeftali 330 ml ,a101
a101-13003387,0.0,,90.91,Juss Gazlı Buzlu Çay Karpuz Çilek 330 ml ,a101
a101-13003388,0.0,,49.5,Lipton Buzlu Çay Portakal Mango 1 L ,a101
a101-13003398,0.0,,198.0,Be Cool Doğal Mineralli İçecek Kuzu Kulağı 250 ml ,a101
a101-13003402,0.0,,118.0,Sırma Churchill Maden Suyu Koruk 250 ml ,a101
a101-13003374,0.0,,65.0,Pin Buzlu Çay Hibiskus 1 L ,a101
a101-13003253,0.0,,46.49,Sprite Gazlı İçecek Gazoz Şekersiz 4x1L ,a101
a101-13003255,0.0,,70.0,Dimes Meyveli İçecek Kırmızı Meyveler 1 L,a101
a101-13003257,0.0,,217.19,Mogu Mogu Mango Aromalı İçecek 320 ml ,a101
a101-13003259,0.0,,217.19,Mogu Mogu Frenk Üzümü Aromalı İçecek 320 ml ,a101
a101-13003265,0.0,,198.0,Be Cool Mango Hindistan Cevizi 250 ml ,a101
a101-13003266,0.0,,198.0,Be Cool Karpuz Çilek 250 ml ,a101
a101-13003267,0.0,,39.67,"Tamek Buzlu Çay Ananas Mango 1,5 L ",a101
a101-13003268,0.0,,198.0,Be Cool Limon Nane 250 ml ,a101
a101-13003293,0.0,,42.22,Balaban Bardak Limonata 225 ml,a101
a101-13003200,0.0,,54.71,Sarıyer Gazlı İçecek Şekersiz Kola 250 ml ,a101
a101-13003206,0.0,,80.0,Avoya Blend Limon Zencefil Maden Suyu 750 ml ,a101
a101-13003207,0.0,,80.0,Avoya Blend Greyfurt Portakal Maden Suyu 750 ml ,a101
a101-13003243,0.0,,28.43,Sek Bubble Portakal Mango Aromalı İçecek 350 ml ,a101
a101-13003300,0.0,,55.0,Meysu Meyveli İçecek Karpuz Çilek 1 L ,a101
a101-13003301,0.0,,173.68,Sek Soğuk Kahve Americano 285 ml ,a101
a101-13003302,0.0,,175.0,Dimes Cool Lime Şekersiz 1 L,a101
a101-13003305,0.0,,60.0,Tamek Meyvelim Meyveli İçecek Ekşi Elma 1 L,a101
a101-13003306,0.0,,58.0,Booly Buzlu Çay Şeftali 250 ml,a101
a101-13003307,0.0,,58.0,Booly Çilek Aromalı İçecek 250 ml,a101
a101-13003326,0.0,,58.0,Booly Buzlu Çay Karpuz Çilek 250 ml,a101
a101-13003328,0.0,,46.33,"Fanta Gazlı İçecek Nar 1,5 L ",a101
a101-13003330,0.0,,128.79,Lipton Buzlu Çay Portakal Mango 330 ml,a101
a101-13003331,0.0,,260.0,Obsesso Soğuk Kahve Latte 4x250 ml ,a101
a101-13003332,0.0,,166.67,Doğanay Kvass Pancar Suyu 330 ml,a101
a101-13003333,0.0,,45.45,Pepsi Gazlı İçecek Kola Limon 1 L,a101
a101-13003299,0.0,,159.68,Dimes Cool Sour Mix Ekşi Elma Aromalı Konsantre İçecek 310 ml,a101
a101-13002986,0.0,,25.0,Sarıyer Şekersiz Gazlı İçecek Portakal 1 L ,a101
a101-13002987,0.0,,25.0,Sarıyer Şekersiz Gazlı İçecek Gazoz  1 L ,a101
a101-13002988,0.0,,166.67,Obsesso Karamel Frappe 330 ml ,a101
a101-13002993,0.0,,131.33,Bobatea Bubble Mango Aromalı İçecek 350 ml ,a101
a101-13002994,0.0,,67.05,Jantea Karpuz Çilek Aromalı İçecek 250 ml,a101
a101-13002995,0.0,,100.0,Togo Gazlı İçecek Gazoz Kavun Aromalı 250 ml ,a101
a101-13002996,0.0,,100.0,Togo Gazlı İçecek Gazoz Mango Aromalı 250 ml ,a101
a101-13002997,0.0,,100.0,Togo Gazlı İçecek Gazoz Bubble Gum Aromalı 250 ml ,a101
a101-13002998,0.0,,106.06,Togo Ice Tea Karpuz Aromalı 330 ml ,a101
a101-13002944,0.0,,220.0,Nescafe Xpress Americano Soğuk Kahve 250 ml,a101
a101-13002947,0.0,,27.78,Hayat Su 12x330 ml ,a101
a101-13003139,0.0,,183.33,Lipton Ahududu Buzlu Çay 6x250 ml,a101
a101-13003004,0.0,,62.5,Togo Limonata Karpuz Aromalı 200 ml ,a101
a101-13003005,0.0,,62.5,Togo Limonata Kivi Aromalı 200 ml ,a101
a101-13003006,0.0,,40.0,Togo Limonata Kivi Aromalı 1 L,a101
a101-13003007,0.0,,40.0,Togo Limonata Çilek Aromalı 1 L,a101
a101-13003008,0.0,,40.0,Togo Limonata Kavun Aromalı 1 L,a101
a101-13003009,0.0,,40.0,Togo Ice Tea Frambuaz Böğürtlen Aromalı 1 L,a101
a101-13003010,0.0,,61.5,Uludağ Gazoz Sade 1 L  ,a101
a101-13003012,0.0,,106.06,Togo Ice Tea Böğürtlen Frambuaz Aromalı 330 ml ,a101
a101-13003013,0.0,,57.87,Dimes Meyveli İçecek Karadut Ahududu 200 ml ,a101
a101-13003014,0.0,,53.33,Cappy %100 Elma Suyu 1 L ,a101
a101-13003015,0.0,,57.87,Dimes Meyveli İçecek Mango Portakal 200 ml ,a101
a101-13003016,0.0,,33.33,Damla Minera Elma Maden Suyu 6x200 ml ,a101
a101-13002948,0.0,,70.0,Pin Beyaz Şeftali Soğuk Çay 1 L ,a101
a101-13002941,0.0,,225.0,Nescafe Xpress Original Soğuk Kahve 1 L,a101
a101-13002942,0.0,,220.0,Nescafe Xpress Şekersiz Cafe Latte Soğuk Kahve 250 ml,a101
a101-13002943,0.0,,220.0,Nescafe Xpress Black Roast Soğuk Kahve 250 ml,a101
a101-13002861,0.0,,30.0,Kristal Gazlı İçecek Portakal 1 L ,a101
a101-13002862,0.0,,35.0,Kızılay Şeftali Aromalı Soğuk Çay 1 L,a101
a101-13002863,0.0,,35.0,Kızılay Acılı Şalgam Suyu 1 L,a101
a101-13002949,0.0,,21.36,Kızılay Maden Suyu 24x200 ml ,a101
a101-13002950,0.0,,26.51,Kınık Karpuz Çilek Maden Suyu 6x200 ml ,a101
a101-13002951,0.0,,26.51,Kınık Mango Ananas Maden Suyu 6x200 ml ,a101
a101-13002954,0.0,,39.0,Sırma Doğal Mineralli Şeftali Aromalı Soğuk Çay 1 L ,a101
a101-13002957,0.0,,77.98,Tamek %100 Meyve Suyu Elma 200 ml ,a101
a101-13002958,0.0,,77.98,Tamek %100 Meyve Suyu Karışık 200 ml ,a101
a101-13002984,0.0,,25.0,Sarıyer Şekersiz Gazlı İçecek Kola 1 L ,a101
a101-13002965,0.0,,37.04,Coca-Cola Gazlı İçecek 6x450 ml ,a101
a101-13002971,0.0,,49.5,Dimes Sade Limonata 1 L,a101
a101-13002972,0.0,,106.06,Lipton Soğuk Çay Ahududu 330 ml ,a101
a101-13002973,0.0,,119.0,Üstad %100 Organik Meyve Suyu Kırmızı Meyve 1 L ,a101
a101-13002974,0.0,,119.0,Üstad Organik %100 Portakal Suyu 1 L ,a101
a101-13002976,0.0,,119.0,Üstad %100 Organik Meyve Suyu Sarı Meyve 1 L ,a101
a101-13002900,0.0,,39.87,Dooy Elma Muz Çilek Aromalı İçecek 7x200 ml,a101
a101-13002901,0.0,,46.33,"Coca-Cola Original Gazlı İçecek 1,5 L ",a101
a101-13002902,0.0,,39.87,Dooy Atom Aromalı İçecek 7x200 ml,a101
a101-13002980,0.0,,35.0,Ara Şeftali Soğuk Çay 1 L ,a101
a101-13002982,0.0,,35.0,Ara Mango Ananas Soğuk Çay 1 L ,a101
a101-13002983,0.0,,166.67,Obsesso Vanilya Frappe 330 ml ,a101
a101-13002959,0.0,,159.68,Dimes Cool Sour Böğürtlen Aromalı Meyveli Konsantre İçecek 310 ml ,a101
a101-13003079,0.0,,55.0,Fuse Tea Limon Aromalı Soğuk İçecek 1 L ,a101
a101-13003084,0.0,,35.0,Nazilli Gazlı İçecek Gazoz Sade,a101
a101-13003085,0.0,,36.25,Sprite Gazlı İçecek Gazoz 2 L ,a101
a101-13003086,0.0,,50.41,Dimes Meyveli İçecek Tropik Meyveler 1L ,a101
a101-13003087,0.0,,50.41,Dimes Meyveli İçecek Orman Meyveleri 1 L ,a101
a101-13003088,0.0,,35.0,Nazilli Gazlı İçecek Gazoz Portakal,a101
a101-13003018,0.0,,40.0,Togo Ice Tea Çilek Kavun Aromalı 1 L,a101
a101-13003019,0.0,,61.5,Uludağ Gazoz Portakal 1 L ,a101
a101-13003020,0.0,,40.0,Togo Ice Tea Karpuz Aromalı 1 L,a101
a101-13003112,0.0,,82.57,Dimes Pop Charm Meyveli İçecek Böğürtlen Lime 250 ml ,a101
a101-13003113,0.0,,71.43,Dimes %100 Meyveli İçecek Elma Armut 1 L ,a101
a101-13003114,0.0,,82.57,Dimes Pop Charm Meyveli İçecek Karadut Lime 250 ml ,a101
a101-13003017,0.0,,40.0,Togo Limonata Karpuz Aromalı 1 L ,a101
a101-13003118,0.0,,56.52,Kızılay Plus Yeşil Çay & Limon Aromalı Maden Suyu 200 ml ,a101
a101-13003119,0.0,,62.32,Kızılay Plus Karışık Meyve Aromalı Maden Suyu 200 ml ,a101
a101-13003120,0.0,,36.67,"Kristal Gazlı İçecek Portakal 1,5 L ",a101
a101-13003121,0.0,,36.67,"Kristal Gazlı İçecek Kola 1,5 L ",a101
a101-13003122,0.0,,45.0,Pepsi Çilek ve Krema Aromalı Gazlı İçecek 1 L,a101
a101-13003123,0.0,,35.0,Kristal Limonata 1 L ,a101
a101-13003125,0.0,,55.0,Pepsi Vanilya ve Krema Aromalı Gazlı İçecek 1 L,a101
a101-13003134,0.0,,183.33,Yedigün Özel Lezzet Tatlı Portakal Gazlı İçecek 6x250 ml,a101
a101-13003135,0.0,,183.33,Lipton Şeftali Buzlu Çay 6x250 ml,a101
a101-13003061,0.0,,54.89,Dimes Meyveli İçecek Portakal 1 L ,a101
a101-13003068,0.0,,49.88,Uludağ Limonata 2 L,a101
a101-13003069,0.0,,28.57,Kınık Cool Lime Aromalı Maden Suyu 6x200 ml ,a101
a101-13003117,0.0,,45.37,Dimes Vişne Meyveli İçecek 1 L,a101
a101-13002977,0.0,,119.0,Üstad %100 Organik Meyve Suyu Elma 1 L ,a101
a101-13002978,0.0,,35.0,Ara Karpuz Çilek Soğuk Çay  1 L ,a101
a101-13002979,0.0,,35.0,Ara Karadut Frenk Üzümü Soğuk Çay 1 L ,a101
a101-13003023,0.0,,60.61,Serfressh Şalgam Suyu Acılı 330 ml ,a101
a101-13003024,0.0,,105.02,Tamek Şeftali Elma %100 Meyve Suyu 1 L,a101
a101-13003029,0.0,,32.26,Avoya Papatya Frenk Üzümü Maden Suyu 6x200 ml,a101
a101-13003036,0.0,,32.5,Doğanay Acılı Tablacı Şalgam Suyu 2 L ,a101
a101-13003037,0.0,,68.18,Didi Şeftali Aromalı Soğuk Çay 6x330 ml ,a101
a101-13003039,0.0,,97.5,Çamlıca Frambuaz Aromalı Gazoz 200 ml,a101
a101-13003050,0.0,,57.0,Lipton Orman Meyveli Soğuk Çay 1 L ,a101
a101-13003051,0.0,,32.25,Lipton Buzlu Çay Ahududu 2 L ,a101
a101-13003052,0.0,,189.5,Kızılay Cool Lime Maden Suyu 6x200 ml ,a101
a101-13003078,0.0,,62.32,Kızılay Plus Açai & Çilek Aromalı Maden Suyu 200 ml,a101
a101-13003057,0.0,,35.0,Meysu Gazlı İçecek Portakal 1 L,a101
a101-13003058,0.0,,35.0,Meysu Kola Gazlı İçecek 1 L ,a101
a101-13003060,0.0,,54.89,Dimes Meyveli İçecek Nar 1 L,a101
a101-13003000,0.0,,106.06,Togo Ice Tea Çilek Kavun 330 ml ,a101
a101-13003002,0.0,,62.5,Togo Limonata Çilek Aromalı 200 ml ,a101
a101-13003003,0.0,,62.5,Togo Limonata Kavun Aromalı 200 ml ,a101
a101-13003070,0.0,,28.57,Kınık Karadut & Frenk Üzümü Aromalı Maden Suyu 6x200 ml ,a101
a101-13003072,0.0,,35.71,Avoya Çilek-Gül Maden Suyu 6x200 ml,a101
a101-13003074,0.0,,48.72,Togo Karışık Meyveli İçecek Elma Çilek Böğürtlen 1 L,a101
a101-13003075,0.0,,48.72,Togo Karışık Meyveli İçecek Elma Muz Çilek 1 L,a101
a101-13003076,0.0,,48.72,Togo Karışık Meyveli İçecek Karpuz Çilek Limon 1 L,a101
a101-13003077,0.0,,62.32,Kızılay Plus Kara Mürver & Çilek & Mürver Çiçeği Aromalı Maden Suyu 200 ml,a101
a101-13003054,0.0,,188.95,Kızılay Portakal Bisküvi Elma Aromalı Doğal Maden Suyu 6x200 ml ,a101
a101-12003709,0.0,,799.0,Ünal Kaşar Peyniri 1 L,a101
a101-12003713,0.0,,342.19,Activiashot Yoğurtlu Probiyotik İçecek Çilek Muz 4x80 ml ,a101
a101-12003716,0.0,,638.89,Danone Suprix Stitch Meyveli Yoğurt 90 G,a101
a101-12003719,0.0,,158.0,Üstad Kara Maya Ayran 250 ml ,a101
a101-12003720,0.0,,996.0,Taciroğlu Tulum Peynir Yarım Yağlı 250 G ,a101
a101-12003721,0.0,,944.22,Taciroğlu Klasik Beyaz Peynir 450 G ,a101
a101-12003723,0.0,,900.0,Karlıdağ Tuzsuz Tereyağı 1 Kg,a101
a101-12003724,0.0,,59.5,Pınar Yağlı Süt 1 L,a101
a101-12003725,0.0,,136.25,Activia Çilekli Probiyotik Yoğurt 400 G ,a101
a101-12003729,0.0,,239.0,Tikveşli Krema Az Yağlı 500 ml ,a101
a101-12003669,0.0,,130.0,Anka Yağsız Taze Lor Peyniri 1 Kg ,a101
a101-13002152,0.0,,57.5,Dooy Sihirli Ejderha Meyveli İçecek 200 ml,a101
a101-12003675,0.0,,373.75,Peysan Az Yağlı Beyaz Peynir 800 G ,a101
a101-12003742,0.0,,349.0,Yörsan Tost Peyniri Yarım Yağlı 1 Kg ,a101
a101-12003743,0.0,,231.67,Tazelen Çilekli Protein Süt 300 ml ,a101
a101-12003745,0.0,,575.0,Muratbey Avokadolu Beyaz Peynir 200 G,a101
a101-12003751,0.0,,65.0,Danone Yarım Yağlı Süt 1 L,a101
a101-12003761,0.0,,239.0,Torku Yarım Yağlı Süzme Beyaz Peynir 1 Kg ,a101
a101-12003762,0.0,,494.44,Danone Suprix Meyveli Yoğurt 90 G,a101
a101-12003764,0.0,,282.5,Peysan Tava Beyaz Peynir 600 G ,a101
a101-12003765,0.0,,248.33,Peysan Krem Peynir 300 G ,a101
a101-12003767,0.0,,139.0,Nilky Vegan Badem Sütü 500 ml ,a101
a101-12003770,0.0,,336.25,Kaanlar Beyaz Peynir 800 G ,a101
a101-12003776,0.0,,89.5,Sek Çikolatalı Süt 1 L ,a101
a101-12003670,0.0,,998.0,Tahsildaroğlu Bergama Tulum Peyniri 250 G,a101
a101-12003663,0.0,,173.68,President Ekşi Krema 285 G ,a101
a101-12003664,0.0,,749.0,Bahçıvan Taze Kaşar Peyniri 1 Kg ,a101
a101-12003665,0.0,,109.5,Pınar Proteinli Laktozsuz Süt 1 L ,a101
a101-12003667,0.0,,527.14,Kaanbey Kaşar Peyniri 700 G ,a101
a101-12003614,0.0,,775.56,Tahsildaroğlu Olgunlaştırılmış Klasik İnek Peyniri 450 G,a101
a101-12003615,0.0,,1540.0,Taciroğlu Tulum Peyniri 250 G,a101
a101-12003616,0.0,,298.33,Taciroğlu Tam Yağlı Taze Tava Beyaz Peyniri 600 G,a101
a101-12003677,0.0,,612.5,Üstad Kelle Kaşar 400 G ,a101
a101-12003678,0.0,,219.0,Eker Süzme Yoğurt 500 G ,a101
a101-12003680,0.0,,248.33,Peysan Süzme Peynir 600 G ,a101
a101-12003683,0.0,,59.5,Sütaş Ayran 1 L,a101
a101-12003688,0.0,,399.0,Teksüt Rende Mozzarella Peynir 1 Kg ,a101
a101-12003708,0.0,,231.67,Tazelen Whey Protein İçeceği Muzlu 300 ml ,a101
a101-12003690,0.0,,318.0,Tahsildaroğlu Krem Peynir 250 G ,a101
a101-12003691,0.0,,220.0,Altınkılıç Laktozsuz Kefir Ananas & Portakal 250 ml,a101
a101-12003693,0.0,,220.0,Altınkılıç Laktozsuz Kefir Şeftali & Chia 250 ml,a101
a101-12003694,0.0,,236.11,Ülker SürMix Peynirli Domatesli Acılı Sürme 180 G,a101
a101-12003695,0.0,,276.85,Akpınar Labne 3x180 G ,a101
a101-12003696,0.0,,428.21,Sek Quark Ananas 140 G ,a101
a101-12003697,0.0,,75.0,İçim Ekşi Maya Ayran 1 L ,a101
a101-12003639,0.0,,96.49,Sek Acılı Ayran 285 ml ,a101
a101-12003640,0.0,,469.0,Peysan Tuzsuz Tereyağı 1 Kg,a101
a101-12003642,0.0,,159.68,Dimes Milkshake Kola Aromalı 310 ml,a101
a101-12003704,0.0,,65.0,Pınar %1 Yağlı Süt,a101
a101-12003707,0.0,,129.5,Eker Detoks Kefir Yeşil Çay & Elma 1 L ,a101
a101-12003689,0.0,,449.0,Teksüt Tam Yağlı Taze Kaşar Peyniri 1 Kg ,a101
a101-13000038,0.0,,65.0,Coca-Cola Light Gazlı İçecek 1 L,a101
a101-13000040,0.0,,75.0,Schweppes Mandalina Aromalı Gazlı İçecek 1 L,a101
a101-13000041,0.0,,28.8,"Yedigün Portakal Aromalı Gazlı İçecek 2,5 L",a101
a101-13000046,0.0,,157.58,Lipton Ice Tea Şeftali Aromalı Soğuk Çay  330 ml,a101
a101-13000050,0.0,,518.0,Çaykur Filiz Çay 500 G,a101
a101-13000053,0.0,,379.0,Doğuş Rize Çayı 1 Kg,a101
a101-13000054,0.0,,429.0,Çaykur Rize Turist Çayı 1 Kg,a101
a101-12003781,0.0,,361.11,Sütaş Labne 3x180 G ,a101
a101-12003784,0.0,,1098.0,Muratbey Tam Yağlı Dilimli Taze Kaşar Peyniri 500 G,a101
a101-12003785,0.0,,652.0,Tarabya Tereyağı 250 G,a101
a101-13000079,0.0,,36.0,"Fanta Portakal 2,5 L",a101
a101-12003777,0.0,,92.67,Sek Yoğurt Ekşi Maya 750 G ,a101
a101-13000090,0.0,,7.2,Su 5 L,a101
a101-13000091,0.0,,8.17,"Su 1,5 L",a101
a101-13000092,0.0,,13.5,"Su 0,5 L",a101
a101-13000098,0.0,,75.76,Bi Portakal Aromalı Gazlı İçecek 330 ml,a101
a101-13000100,0.0,,22.0,"Bi Gazoz 1,5 L",a101
a101-13000112,0.0,,25.6,"Bi Cola 2,5 L",a101
a101-13000115,0.0,,75.76,Bi Cola 330 ml,a101
a101-13000154,0.0,,277.78,Cafex 3'ü 1 Arada Kahve 18 G,a101
a101-13000155,0.0,,388.89,Cafex Hazır Cappuccino 18 G,a101
a101-13000171,0.0,,277.78,Cafex 3'ü 1 Arada Fındıklı Kahve 18 G,a101
a101-13000187,0.0,,114.39,Lipton Karpuz Soğuk Çay 6x330 ml,a101
a101-12003815,0.0,,97.5,Arslan Kara Maya Ayran 200 ml ,a101
a101-13000083,0.0,,895.0,Kocatepe Türk Kahvesi 100 G,a101
a101-12003779,0.0,,79.5,Yörsan Laktozsuz Proteinli Süt 1 L,a101
a101-12003698,0.0,,220.0,Altınkılıç Laktozsuz Kefir Ahududu & Vanilya 250 ml,a101
a101-12003699,0.0,,170.0,İçim Kefir Mango & Portakal 250 ml ,a101
a101-12003703,0.0,,358.0,Peynir Atölyesi Krem Peynir 250 G ,a101
a101-12003788,0.0,,528.57,Sütaş Tost Peyniri 350 G ,a101
a101-12003789,0.0,,665.0,Sancak Proteinli Bergama Tulum Peyniri 300 G ,a101
a101-12003790,0.0,,159.0,Tazelen Proteinli Lor Peyniri 500 G ,a101
a101-12003792,0.0,,664.44,Tazelen Proteinli Kaşar Peyniri 225 G ,a101
a101-12003793,0.0,,718.0,Tazelen Proteinli Dilimli Kaşar Peynir 250 G ,a101
a101-12003794,0.0,,129.5,Yörsan Kaymaklı Susurluk Yoğurt 1 Kg ,a101
a101-12003795,0.0,,238.0,Tazelen Yüksek Proteinli Yoğurt 250 G ,a101
a101-12003800,0.0,,622.5,Tahsildaroğlu Kaşar Peyniri 400 G ,a101
a101-13000037,0.0,,166.67,Coca-Cola 330 ml,a101
a101-12003803,0.0,,825.0,Ekici Çubuk Peynir 200 G,a101
a101-12003805,0.0,,745.0,Altınkılıç Yarım Yağlı Tost Peyniri 1 Kg,a101
a101-12003806,0.0,,140.0,Altınkılıç Kara Maya Ayran 250 ml ,a101
a101-12003809,0.0,,479.63,Altınkılıç Labne 3x180 G,a101
a101-12003731,0.0,,975.0,Sek Proteinli Kaşar Peynir 200 G ,a101
a101-12003734,0.0,,433.33,Sancak Proteinli Ricotta Peynir 150 G ,a101
a101-12003740,0.0,,434.43,Activia Mix & Go Yoğurtlu Kakaolu Probiyotik 183 G ,a101
a101-12003841,0.0,,405.56,Bahçıvan Krem Peynir 270 G,a101
a101-13000030,0.0,,55.0,Kınık Sade Maden Suyu 6x200 ml,a101
a101-13000033,0.0,,70.0,Coca-Cola Gazlı İçecek 1 L ,a101
a101-13000034,0.0,,70.0,Coca-Cola Zero Gazlı İçecek 1 L,a101
a101-13000036,0.0,,35.0,Pepsi Gazlı İçecek Kola 2 L,a101
a101-12003801,0.0,,119.5,Pınar Laktozsuz Kakaolu Protein Süt 1 L ,a101
a101-12003534,0.0,,66.33,Yörükoğlu Şişe Ayran 6x250 ml ,a101
a101-12003486,0.0,,395.0,Muratbey Dil Peyniri 200 G,a101
a101-12003487,0.0,,347.5,Muratbey Çerkez Peyniri 400 G,a101
a101-12003488,0.0,,332.22,Bahçıvan Tam Yağlı Taze Beyaz Peynir 900 G,a101
a101-12003542,0.0,,361.25,Ekici Beyaz Peynir 800 G,a101
a101-12003543,0.0,,129.5,Sütaş Kaymaklı Tava Yoğurt 1 Kg ,a101
a101-12003544,0.0,,79.5,Torku Sade Kefir 1 L ,a101
a101-12003545,0.0,,547.5,Ünal Çeçil Peyniri 200 G ,a101
a101-12003546,0.0,,397.5,Tarabya Rende Mozzarella Peyniri 200 G ,a101
a101-12003548,0.0,,172.5,Sana Bitkisel Yağlı Krema 200 ml,a101
a101-12003550,0.0,,438.0,Peynir Atölyesi Olgunlaştırılmış Klasik İnek Peyniri 500 G,a101
a101-12003660,0.0,,775.56,Altınkılıç 3 Dilim Tam Yağlı Olgunlaştırışmış İnek Peyniri 450 G ,a101
a101-12003552,0.0,,393.33,Bahçıvan Cheddarlı Rende Peynir 150 G ,a101
a101-12003553,0.0,,79.67,Altınkılıç Kara Maya Ayran 6x250 ml ,a101
a101-12003554,0.0,,522.22,Bozbeyi Olgunlaştırılmış Klasik İnek Peyniri 450 G,a101
a101-12003555,0.0,,1660.0,Üstad Grana Padano Peyniri 150 G ,a101
a101-12003556,0.0,,140.0,Altınkılıç Kefirix Kayısı & Keten Tohumlu Kefir 250 ml,a101
a101-12003512,0.0,,90.0,Sek Çarkıfelek Meyveli ve Yuzu Aromalı İçilebilir Yoğurt 250 ml,a101
a101-12003515,0.0,,114.95,Pınar Nature Blend Bitkisel Bazlı Badem İçeceği 1 L ,a101
a101-12003517,0.0,,67.65,Yörsan Yarım Yağlı Ayran 170 ml,a101
a101-12003561,0.0,,238.67,Üstad Kaymaklı Tam Yağlı Çömlek Yoğurt 750 G,a101
a101-12003562,0.0,,208.33,Ülker SürMix Peynirli Fındık Ezmeli Sürme 180 G ,a101
a101-12003563,0.0,,273.75,Teksüt Krem Peynir 400 G ,a101
a101-12003565,0.0,,396.67,Kaanlar Rende Mozzarella Peyniri 150 G ,a101
a101-12003551,0.0,,398.57,Sütaş Labne 700 G ,a101
a101-12003494,0.0,,273.75,Kaanlar Tam Yağlı Taze Beyaz Peynir 400 G ,a101
a101-12003495,0.0,,358.0,Sek Tam Yağlı Olgunlaştırılmış Beyaz Peynir 500 G ,a101
a101-12003496,0.0,,180.48,Sütaş Hüptrik Çilek Aromalı Yoğurt 3x35 G,a101
a101-12003497,0.0,,95.0,Sütaş Çilekli Kefir 1 L ,a101
a101-12003501,0.0,,42.86,Sütaş Ayran 10x175 ml ,a101
a101-12003503,0.0,,95.0,Sütaş Laktozsuz Kefir 1 L ,a101
a101-12003505,0.0,,130.0,Eker Çırpılmış Yoğurt 500 G ,a101
a101-12003506,0.0,,150.0,Torku Sütlü Kahveli İçecek Latte 500 ml  ,a101
a101-12003507,0.0,,79.5,Peynes Lor Peyniri 1 Kg ,a101
a101-12003508,0.0,,82.92,İçim Yoğurt 1200 G,a101
a101-12003510,0.0,,135.0,Danone Yoshake Böğürtlen & Çilek & Hibiskus Aromalı 200 ml ,a101
a101-12003469,0.0,,305.33,Yörsan Tam Yağlı Beyaz Peynir 750 G,a101
a101-12003531,0.0,,89.5,Üstad Sade Kefir 1 L ,a101
a101-12003471,0.0,,89.5,Altınkılıç Kara Maya Ayran 1 L ,a101
a101-12003520,0.0,,249.0,Yörsan Tam Yağlı Süzme Beyaz Peynir 1 Kg,a101
a101-12003521,0.0,,236.11,Ülker Sür Mix Peynirli Çilekli Sürme 180 G ,a101
a101-12003522,0.0,,105.0,Üstad Kara Maya Tam Yağlı Ayran 1 L ,a101
a101-12003523,0.0,,234.38,Activia Shot Probiyotik İçecek Ahududu & Hibiskus 4x80 ml ,a101
a101-12003524,0.0,,97.5,Bizim Bitkisel Yağlı Krema 200 ml ,a101
a101-12003525,0.0,,132.67,Üstad Gurme Yoğurt 750 G ,a101
a101-12003526,0.0,,814.29,Üstad Tam Yağlı Olgunlaştırılmış Ezine Peyniri 350 G ,a101
a101-12003527,0.0,,660.0,Kiri Kekikli Tam Yağlı Taze Peynir 150 G ,a101
a101-12003528,0.0,,559.0,Altınkılıç Tam Yağlı Taze Kaşar Peyniri 1 Kg,a101
a101-12003529,0.0,,1017.78,Bahçıvan Hellim Peyniri 225 G ,a101
a101-12003530,0.0,,238.0,Bahçıvan Laktozsuz Süzme Peynir 500 G ,a101
a101-12003470,0.0,,173.04,Activia Probiyotikli Yoğurt Tam Buğday Gevreği Çilek 3x183 G ,a101
a101-12003559,0.0,,289.0,Altınkılıç Ezine Çiftliği Yarım Yağlı Tost Peyniri 1 Kg ,a101
a101-12003619,0.0,,198.75,Eker Kayısılı Probiyotik Yoğurt 4x100 G ,a101
a101-12003621,0.0,,463.93,Sek Sade Quark 140 G ,a101
a101-12003622,0.0,,130.0,Danone Bitkisel Yağlı Krema 500 ml,a101
a101-12003623,0.0,,396.67,Sek Közlenmiş ve Acı Biberli Taze Peynir 150 G ,a101
a101-12003626,0.0,,149.0,Sütaş Kaymaklımm Tam Yağlı Kaymaklı Yoğurt 500 G ,a101
a101-12003627,0.0,,570.0,Teksüt Yarım Yağlı Dilimli Kaşar Peyniri 350 G,a101
a101-12003628,0.0,,322.5,Sek Az Yağlı Krema 200 ml ,a101
a101-12003631,0.0,,221.11,Teksüt Tam Yağlı Beyaz Peynir 900 G ,a101
a101-12003633,0.0,,79.75,Yörsan Yarım Yağlı Homojenize Bidon Yoğurt 2 Kg ,a101
a101-12003634,0.0,,187.5,Sek Süzme Yoğurt 400 G ,a101
a101-12003636,0.0,,191.67,Ülker Sürmix Peynirli Karamelli Sürme 180 G,a101
a101-12003566,0.0,,372.0,Tahsildaroğlu Tam Yağlı Beyaz Peynir 750 G ,a101
a101-12003638,0.0,,545.0,Teksüt Yöresel Üç Peynir 200 G ,a101
a101-12003579,0.0,,90.0,Sek Ekşi Maya Ayran 250 ml ,a101
a101-12003580,0.0,,49.88,"Yörsan %0,5 Yağlı Süt 4x1 L",a101
a101-12003581,0.0,,220.0,Altınkılıç Detoks Yeşil Elma & Yeşil Çay Kefir 250 ml ,a101
a101-12003643,0.0,,354.76,Bahçıvan Laktozsuz Light Beyaz Peynir 420 G ,a101
a101-12003645,0.0,,447.5,Taraklı Dil Peyniri 200 G ,a101
a101-12003646,0.0,,158.0,Altınkılıç Laktozsuz Chialı Kefir 250 ml ,a101
a101-12003647,0.0,,238.0,Altınkılıç Laktozsuz Matcha ve Yuzu Meyveli Kefir 250 ml ,a101
a101-12003648,0.0,,89.5,Sek Laktozsuz Proteinli Süt 1 L ,a101
a101-12003650,0.0,,238.0,Sek Protein Quark İçilebilir Kıvamda 250 ml,a101
a101-12003656,0.0,,192.98,Sek Latte Kahveli Sütlü İçecek  285 ml ,a101
a101-12003657,0.0,,118.0,Sek İçilebilir Kıvamda Yoğurt Yaban Mersini & Vanilya Aromalı 250 ml,a101
a101-12003637,0.0,,763.33,Muratbey Laktozsuz Tam Yağlı Kaşar Peyniri 300 G,a101
a101-12003568,0.0,,157.89,Sek Vanilya ve Beyaz Çikolata Aromalı Çilekli Milkshake 285 ml,a101
a101-12003570,0.0,,89.39,Sek Creme Brulee Aromalı Sütlü İçecek 330 ml ,a101
a101-12003571,0.0,,676.0,Altınkılıç Tam Yağlı Olgunlaştırılmış Tulum Peyniri 250 G ,a101
a101-12003572,0.0,,39.5,Moova Yarım Yağlı Süt 1 L ,a101
a101-12003573,0.0,,49.5,Moova Süt 1 L ,a101
a101-12003574,0.0,,163.89,Ülker SürMix Peynirli Hurmalı Sürme 180 G,a101
a101-12003576,0.0,,275.0,Peysan Biberli Tam Yağlı Taze Peynir 200 G ,a101
a101-12003578,0.0,,236.11,Ülker SürMix Peynirli Zeytin Ezmeli Sürme 180 G,a101
a101-12003535,0.0,,99.0,Sütaş Krema 1 L ,a101
a101-12003537,0.0,,326.67,Torku Tam Yağlı Süzme Peynir 750 G,a101
a101-12003539,0.0,,55.56,Sek Ekşi Lezzet Ayran 6x250 ml ,a101
a101-12003582,0.0,,198.0,Altınkılıç Detoks Zencefil & Ballı Kefir 250 ml ,a101
a101-12003558,0.0,,350.0,Akpınar Tel Peynir 250 G ,a101
a101-12003590,0.0,,368.75,Activiashot Shot Çilek & Muz Probiyotik İçecek 80 ml,a101
a101-12003591,0.0,,399.0,Bahçıvan Yarım Yağlı Tost Peyniri 1 Kg ,a101
a101-12003595,0.0,,173.68,Sek Muzlu ve Bisküvi Aromalı Milkshake 285 G,a101
a101-12003597,0.0,,447.5,Muratbey Plus Sürülebilir Kaymaklı Tam Yağlı Taze Peynir 200 G,a101
a101-12003598,0.0,,732.0,Karlıdağ Köy Evi Tuzlu Tereyağı 750 G,a101
a101-12003599,0.0,,399.0,Kaanlar Yarım Yağlı Tost Peyniri 1 Kg,a101
a101-12003606,0.0,,441.67,Bahçıvan Zeytinli Kekikli Labne 180 G,a101
a101-12003608,0.0,,481.82,Sek Sade Protein Quark 165 G,a101
a101-12003609,0.0,,150.0,Moova Bitkisel Yağlı Krema 330 ml,a101
a101-12003611,0.0,,159.68,Dimes Antep Fıstığı & Beyaz Çikolata Milkshake 310 ml,a101
a101-12003612,0.0,,445.0,Sancak Tam Yağlı Ricotta Peyniri 200 G ,a101
a101-12003557,0.0,,61.34,Tikveşli Salepli Süt 970 ml ,a101
a101-12003584,0.0,,559.0,Sütaş Tam Yağlı Taze Kaşar Peyniri 1 Kg ,a101
a101-13001781,0.0,,50.0,Juss Mango Aromalı İçecek 1 L,a101
a101-13001785,0.0,,55.0,Juss Üzüm Aromalı İçecek 1 L ,a101
a101-13001795,0.0,,100.0,Capri Sun Mystic Dragon Meyveli İçecek 200 ml,a101
a101-13001797,0.0,,56.0,Bi Cola 250 ml,a101
a101-13001798,0.0,,56.0,Bi Portakal 250 ml,a101
a101-13001852,0.0,,97.5,Dimes Vişne Meyve Nektarı 200 ml,a101
a101-13001853,0.0,,97.5,Dimes Karışık Meyve Nektarı 200 ml,a101
a101-13001854,0.0,,97.5,Dimes Şeftali Meyve Nektarı 200 Ml,a101
a101-13001872,0.0,,114.39,Pepsi Max Gazlı İçecek 6x330 ml,a101
a101-13001874,0.0,,114.39,Yedigün Gazlı İçecek 6x330 ml,a101
a101-13001876,0.0,,30.0,Juss Tropikal Meyveli İçecek Pet 1 L,a101
a101-12003834,0.0,,650.0,Altınkılıç Ege Klasik Beyaz Peynir 500 G,a101
a101-13001902,0.0,,198.0,Obsesso Latte Coconut Soğuk Kahve 250 ml ,a101
a101-13001556,0.0,,136.36,Cappy Pulpy Portakal Aromalı İçecek 330 ml,a101
a101-13001563,0.0,,87.5,Dimes Karışık Meyve Suyu 200 ml,a101
a101-13001641,0.0,,24.4,"Bi Portakal 2,5 L",a101
a101-13001928,0.0,,53.5,Uludağ Şekersiz Limonata 1 L ,a101
a101-13001930,0.0,,53.5,Uludağ Limonata 1 L ,a101
a101-13001948,0.0,,69.5,Sütaş Salep 1 L,a101
a101-13001949,0.0,,39.75,Serfressh Acılı Şalgam Suyu 2 L,a101
a101-13001951,0.0,,50.0,Dooy Karışık Meyve Nektarı 1 L,a101
a101-13001952,0.0,,62.5,Dooy Karışık Meyve Nektarı 200 ml,a101
a101-13001953,0.0,,50.0,Dooy Kayısı Meyve Nektarı 1 L,a101
a101-13001955,0.0,,62.5,Dooy Kayısı Meyve Nektarı 200 ml,a101
a101-13001880,0.0,,56.25,Sprite Gazoz 4x1 L,a101
a101-13001448,0.0,,119.7,Cola Turka Kola 330 ml ,a101
a101-13001481,0.0,,29.67,"Didi Şeftali Buzlu Çay 1,5 L",a101
a101-13001482,0.0,,300.0,Obsesso Latte Soğuk Kahve 250 ml,a101
a101-13001485,0.0,,55.0,Juss Ananas Meyveli İçecek  1 L,a101
a101-13001489,0.0,,200.0,Coca-Cola Gazlı İçecek Kola Cam 200 ml,a101
a101-13001500,0.0,,70.0,Fuse Tea Şeftali Aromalı Soğuk Çay 1 L,a101
a101-13001529,0.0,,28.33,Sırma Sade Maden Suyu 6x200 Ml,a101
a101-13001199,0.0,,26.67,"Sprite Şekersiz Gazlı İçecek Gazoz 1,5 L ",a101
a101-13001220,0.0,,45.0,Yedigün Gazlı İçecek Portakal 1 L ,a101
a101-13001222,0.0,,66.5,Pepsi Kola 1 L,a101
a101-13001651,0.0,,50.0,Juss Çilekli Meyveli İçecek 1 L,a101
a101-13001652,0.0,,30.0,Juss Armutlu Meyveli İçecek 1 L,a101
a101-13001372,0.0,,99.0,Yedigün Gazlı İçecek 250 ml,a101
a101-13001667,0.0,,50.0,Dooy Ananas Meyve Aromalı İçecek 1 L,a101
a101-13001688,0.0,,32.4,"Pepsi Gazlı İçecek 2,5 L",a101
a101-13001690,0.0,,56.25,Coca-Cola Zero 4x1 L,a101
a101-13001691,0.0,,66.0,Serinoba Gazoz 250 ml,a101
a101-13001697,0.0,,55.0,Gediz Minera Sade Maden Suyu 6x200 Ml,a101
a101-13001700,0.0,,198.0,Obsesso Çikolata Mocha Soğuk Kahve 250 ml,a101
a101-13001718,0.0,,157.58,Pepsi Gazlı İçecek 330 ml,a101
a101-13001722,0.0,,75.76,Çamlıca Gazoz Gazlı İçecek 330 ml ,a101
a101-13001725,0.0,,37.5,Sprite Şekersiz Limon Aromalı 1 L,a101
a101-13001726,0.0,,45.0,Cappy Limonata 1 L,a101
a101-13001362,0.0,,100.0,Coca-Cola Gazlı İçecek 250 ml,a101
a101-13001371,0.0,,99.0,Pepsi Gazlı İçecek 250 ml,a101
a101-13001656,0.0,,87.5,Dimes Şeftali Elma Meyve Suyu 200 ml,a101
a101-13002073,0.0,,60.0,Juss Şeftali Meyveli İçecek 200 ml,a101
a101-13002074,0.0,,60.0,Juss Karışık Meyveli İçecek 200 ml,a101
a101-13002075,0.0,,60.0,Juss Elma Vişne Meyveli İçecek 200 ml,a101
a101-13002076,0.0,,75.0,Tamek Şeftali Meyve Nektarı  1 L,a101
a101-13002079,0.0,,75.0,Tamek Vişne Meyveli İçecek 1 L,a101
a101-13002081,0.0,,55.0,Fuse Tea Kavun Çilek Aromalı Soğuk Çay 1 L,a101
a101-13002085,0.0,,49500.0,Lipton Karpuz Aromalı Soğuk Çay 1 L,a101
a101-13002094,0.0,,55.0,Juss Ekşi Elma Meyveli İçecek 1 L,a101
a101-13002097,0.0,,65.0,Juss Tea Şeftali Soğuk Çay 500 ml,a101
a101-13002103,0.0,,60.42,Damla Minera Karpuz & Çilek Aromalı Maden Suyu 6x200 ml,a101
a101-13001967,0.0,,180.0,Cafex Mocha Soğuk Kahve 250 ml,a101
a101-13001970,0.0,,37.5,Fanta Mandalina 1 L,a101
a101-13001958,0.0,,50.0,Dooy Şeftali Meyve Nektarı 1 L,a101
a101-13002120,0.0,,121.21,Fuse Tea Karpuz Aromalı Soğuk Çay 330 ml,a101
a101-13002123,0.0,,80.0,Tamek Meyve Nektarı Karışık 200 Ml,a101
a101-13002124,0.0,,80.0,Tamek Meyve Nektarı Şeftali 200 ml,a101
a101-13002125,0.0,,80.0,Tamek Vişne Meyveli İçecek 200 ml,a101
a101-13002130,0.0,,18.0,Yakamoz Limonata 5 L,a101
a101-13002134,0.0,,30.0,"Fanta Mandalina Aromalı Gazlı İçecek 2,5 L",a101
a101-13002135,0.0,,35.0,"Sprite Gazoz Gazlı İçecek 2,5 L",a101
a101-13002141,0.0,,51.67,Serinoba Limonlu Maden Suyu 6x200 ml,a101
a101-13002142,0.0,,34.58,Serinoba Elmalı Maden Suyu 6x200 Ml,a101
a101-13002146,0.0,,92.5,Capri Sun Multivitamin Meyveli İçecek 200 ml,a101
a101-13002150,0.0,,106.06,Lipton Soğuk Çay Karpuz & Nane 330 ml,a101
a101-13002151,0.0,,57.5,Dooy Safari Meyveleri Meyveli İçecek 200 ml ,a101
a101-13001971,0.0,,37.5,Fanta Exotic 1 L,a101
a101-13001960,0.0,,62.5,Dooy Şeftali Meyve Nektarı 200 ml,a101
a101-13001964,0.0,,62.5,Dooy Vişne Meyve Nektarı 1 L,a101
a101-13001965,0.0,,180.0,Cafex Soğuk Kahve Latte 250 ml,a101
a101-13001966,0.0,,85.0,Dooy Vişne Meyve Nektarı 200 ml,a101
a101-13001728,0.0,,166.67,Fuse Tea Mango Ananas Soğuk Çay 330 ml,a101
a101-13001762,0.0,,45.0,Seven Up Gazlı İçecek Gazoz 1 L ,a101
a101-13001778,0.0,,40.0,Doğuş Şeftali Buzlu Çay 1 L,a101
a101-13001976,0.0,,74.24,Bi Mango Exotic Buzlu Çay 330 ml,a101
a101-13002008,0.0,,50.0,Juss Tea Pet Şeftali Buzlu Çay 250 ml ,a101
a101-13002012,0.0,,90.0,Fruko Gazoz 250 ml,a101
a101-13002021,0.0,,105.18,Benorganic %100 Şeftali Kayısı Elma Meyve Suyu 946 Ml,a101
a101-13002024,0.0,,19.83,Booly Karadut Aromalı İçecek 3 L,a101
a101-13002066,0.0,,66.5,Lipton Ice Tea Şeftali Aromalı Soğuk Çay 1 L,a101
a101-13002031,0.0,,49.5,Doğanay Sade Limonata 1 L,a101
a101-13002032,0.0,,56.67,Doğanay Limonata 300 ml,a101
a101-13002040,0.0,,56.25,Fanta Portakal 4x1 L,a101
a101-13002051,0.0,,33.33,"Sarıyer Kola Şekersiz Gazlı İçecek 1,5 L",a101
a101-13002052,0.0,,15.8,"Sarıyer Şekersiz Kola 2,5 L",a101
a101-13002054,0.0,,23.33,"Sarıyer Mandalina Şekersiz Gazlı İçecek 1,5 L",a101
a101-13002056,0.0,,33.33,"Sarıyer Portakal Şekersiz Gazlı İçecek 1,5 L",a101
a101-13001913,0.0,,36.67,"Çamlıca Sade Gazoz Gazlı İçecek 1,5 L ",a101
a101-13001920,0.0,,65.0,Doğanay Acılı Şalgam Suyu 1 L,a101
a101-13001926,0.0,,73.96,Kızılay Karpuz Çilek Aromalı Doğal Maden Suyu 6x200 ml ,a101
a101-13002063,0.0,,96.77,Dimes Smoothie Karadut Böğürtlen Meyve Suyu 310 ml ,a101
a101-13002064,0.0,,112.9,Dimes Smoothie %100 Mor Meyveli Meyve Suyu 310 ml,a101
a101-13002026,0.0,,19.83,Booly Limonata 3 L,a101
a101-13000633,0.0,,1990.0,Nescafe Klasik Kahve 100 G,a101
a101-13000691,0.0,,94.33,Niğde Gazozu Gazlı İçecek 6x250 ml,a101
a101-13000701,0.0,,399.0,Doğuş Siyah Çay 1 Kg,a101
a101-13000721,0.0,,459.56,"Karadem Demlik Poşet Çay 48'li 163,2 G",a101
a101-13000189,0.0,,114.39,Lipton Mango Soğuk Çay 6x330 ml,a101
a101-13000190,0.0,,114.39,Lipton Şeftali Şekersiz Soğuk Çay 6x330 ml,a101
a101-13000192,0.0,,73.96,Kızılay Mango ve Ananas Aromalı Maden Suyu 6x200 ml,a101
a101-13000741,0.0,,74.24,Bi Ice Tea Şeftali Buzlu Çay 330 ml,a101
a101-13000742,0.0,,74.24,Bi Ice Tea Limon Buzlu Çay 330 ml,a101
a101-13000751,0.0,,439.0,Lipton Yellow Label Siyah Çay 1 Kg,a101
a101-13000781,0.0,,60.0,Beypazarı Sade Maden Suyu 200 ml,a101
a101-13001426,0.0,,59.5,Dimes Meyveli İçecek Mango 1 L ,a101
a101-13000852,0.0,,697.5,Nestle Coffee Mate Kahve Beyazlatıcısı 200 G,a101
a101-13000861,0.0,,781.25,Doğuş Black Label Demlik Poşet Çay 100'lü,a101
a101-13000871,0.0,,575.24,Nescafe 3'ü 1 Arada Original Kahve 15'li,a101
a101-13000881,0.0,,379.0,Doğuş Karadeniz Çayı 1 Kg,a101
a101-13000921,0.0,,1363.64,Nescafe 2'si 1 Arada Kahve 10 G,a101
a101-13000986,0.0,,737.14,Nescafe 3'ü 1 Arada Original Kahve 10'lu,a101
a101-13000991,0.0,,416.67,Cafex 2'si 1 Arada Kahve 12 G,a101
a101-13001011,0.0,,69.5,Cappy Pulpy Şeftali Aromalı İçecek 1 L,a101
a101-13000351,0.0,,872.5,Mest Form Karışık Bitki Çayı 20'li,a101
a101-13000359,0.0,,247.5,Cafex Beyazlatıcısı Kahve 200 G,a101
a101-13000363,0.0,,56.25,Coca-Cola 4x1 L,a101
a101-13001030,0.0,,52.0,"Coca-Cola Gazlı İçecek 1,25 L",a101
a101-13000841,0.0,,379.0,Doğuş Kırmızı Dem Çay 1 Kg ,a101
a101-12003840,0.0,,441.67,Pınar Krem Peynir 300 G,a101
a101-13000193,0.0,,73.96,Kızılay Karadut ve Frenk Üzümü Aromalı Doğal Maden Suyu 6x200 ml,a101
a101-13000216,0.0,,27.5,Pepsi Max 4x1 L,a101
a101-13000219,0.0,,18.25,Hayat Su 6x1 L ,a101
a101-13000242,0.0,,468.0,Çaykur Rize Turist Çayı 500 G,a101
a101-13000256,0.0,,183.33,Coca-Cola Orijinal Gazlı İçecek 6x250 ml,a101
a101-13000257,0.0,,183.33,Sprite Gazlı İçecek 6x250 ml,a101
a101-13000258,0.0,,183.33,Coca-Cola Zero Gazlı İçecek 6x250 ml,a101
a101-13000260,0.0,,183.33,Fanta Gazlı İçecek 6x250 ml,a101
a101-13000263,0.0,,27.5,Lipton Ice Tea Şeftali Buzlu Çay 4x1 L,a101
a101-13000293,0.0,,32.0,Bi Limonata 1 L,a101
a101-13000295,0.0,,70.0,Fanta Gazlı İçecek Portakal 1 L,a101
a101-13000632,0.0,,3395.0,Nescafe Gold Kahve 100 G,a101
a101-13000324,0.0,,960.0,Çaykur Tomurcuk Çay 125 G,a101
a101-13000056,0.0,,419.0,Çaykur Tiryaki Siyah Çay 1 Kg,a101
a101-13000065,0.0,,857.14,"Nescafe 3'ü 1 Arada Original Kahve 17,5 G",a101
a101-13000067,0.0,,1100.0,Kurukahveci Mehmet Efendi Türk Kahvesi 100 G,a101
a101-13000392,0.0,,429.0,Lipton Doğu Karadeniz Siyah Çay 1 Kg,a101
a101-13000482,0.0,,26.8,"Fruko Gazoz 2,5 L",a101
a101-13000486,0.0,,79.5,Cappy Karışık Meyve Nektarı 1 L,a101
a101-13000490,0.0,,70.0,Sprite Gazlı İçecek Gazoz 1 L,a101
a101-13000491,0.0,,1414.29,Mest Kuşburnu Çayı 20'li,a101
a101-13000501,0.0,,1998.0,Doğuş Black Label Poşet çay 25'li,a101
a101-13000531,0.0,,39.0,Hayat Su 500 ml,a101
a101-13000541,0.0,,31.33,"Bi Cola 1,5 L",a101
a101-13000321,0.0,,43.33,"Pepsi Zero Sugar Gazlı İçecek 1,5 L",a101
a101-13001197,0.0,,70.0,Fuse Tea Karpuz Aromalı Soğuk Çay 1 L,a101
a101-13001017,0.0,,46.33,"Fanta Gazlı İçecek Mandalina 1,5 L ",a101
a101-13001021,0.0,,320.0,Nescafe Xpress Orijinal Soğuk Kahve 250 ml,a101
a101-13001029,0.0,,280.0,Nestle Coffee Mate Kahve Beyazlatıcı 625 G,a101
a101-13001236,0.0,,47.0,Akmina Mandalina Maden Suyu 1 L,a101
a101-13001251,0.0,,46.33,"Fuse Tea Buzlu Çay Limon 1,5 L ",a101
a101-13001252,0.0,,34.67,"Fuse Tea Şeftali Soğuk Çay 1,5 L",a101
a101-13001262,0.0,,8.17,"Su 1,5 L",a101
a101-13001281,0.0,,45.0,Lipton Mango ve Egzotik Meyve Soğuk Çay  1 L,a101
a101-13001289,0.0,,43.5,Akmina Sade Maden Suyu 1 L,a101
a101-13001318,0.0,,65.0,Cappy Kayısı Meyve Nektarı 1 L,a101
a101-13001320,0.0,,46.33,"Coca-Cola Zero Gazlı İçecek 1,5 L",a101
a101-13001032,0.0,,52.0,"Fanta Portakal Aromalı Gazlı İçecek 1,25 L",a101
a101-13001323,0.0,,69.5,Cappy Pulpy Karışık Aromalı İçecek  1 L,a101
a101-13001326,0.0,,23.33,"Hayat Su 1,5 L",a101
a101-13001338,0.0,,124.75,Pfanner Meyveli İçecek A+C+E 2 L ,a101
a101-13001361,0.0,,100.0,Fanta Gazlı İçecek 250 ml,a101
a101-13001089,0.0,,30.0,Bi Şeftali Buzlu Çay 1 L,a101
a101-13001091,0.0,,60.61,Serfressh Şalgam Suyu Acısız 330 ml ,a101
a101-13001103,0.0,,76.0,Didi Şeftalili Buzlu Çay 500 ml,a101
a101-13001374,0.0,,100.0,Cappy Karışık Meyve Nektarı 200 ml,a101
a101-13001375,0.0,,100.0,Cappy Şeftali Meyve Nektarı 200 ml,a101
a101-13001402,0.0,,29.5,Sırma Limonata 1 L,a101
a101-13001416,0.0,,46.33,"Sprite Gazoz 1,5 L ",a101
a101-13001418,0.0,,138.89,Fuse Tea Şeftali Buzlu Çay 6x330 ml,a101
a101-13001322,0.0,,70.0,Fuse Tea Mango Ananas Aromalı Soğuk Çay 1 L,a101
a101-13001044,0.0,,80.0,Cappy Şeftali Meyve Nektarı 1 L,a101
a101-13001045,0.0,,85.0,Cappy Pulpy Portakal Aromalı İçecek 1 L,a101
a101-13001056,0.0,,75.0,Dimes %100 Meyve Suyu Karışık Kırmızı Meyveler 1 L,a101
a101-13001071,0.0,,459.9,Çaykur 42 No'lu Tirebolu Çayı 500 G,a101
a101-13001073,0.0,,5990.0,Nescafe Gold 100 G ,a101
a101-13001076,0.0,,48.57,"Coca-Cola Gazlı İçecek 1,75 L",a101
a101-13001077,0.0,,48.57,"Fanta Gazlı İçecek 1,75 L",a101
a101-13001082,0.0,,12.2,Hayat Su 5 L,a101
a101-13001083,0.0,,73.96,Akmina C Vitaminli Limon Maden Suyu 6x200 ml,a101
a101-13001084,0.0,,49.58,Beypazarı Sade Maden Suyu 6x200 ml,a101
a101-13001086,0.0,,13.5,"Su 0,5 L",a101
a101-13000731,0.0,,100.0,Capri Sun Safari Meyveli İçecek 200 ml,a101
a101-13001195,0.0,,39.8,"Coca-Cola Zero Gazlı İçecek 2,5 L",a101
a101-13000736,0.0,,39.75,Fanta Portakal Gazlı İçecek 2 L,a101
a101-13001107,0.0,,30.2,"Didi Şeftali Buzlu Çay 2,5 L",a101
a101-13001112,0.0,,200.0,Coca-Cola Şekersiz 200 ml ,a101
a101-13001118,0.0,,29500.0,Dimes Nar Meyveli İçecek 1 L ,a101
a101-13001128,0.0,,42.5,Lipton Şeftali Aromalı Soğuk Çay 2 L,a101
a101-13001149,0.0,,49.5,Doğanay Şekersiz Limonata 1 L,a101
a101-13001150,0.0,,55.0,Dimes 7/24 Karışık Meyveli İçecek 1 L,a101
a101-13001152,0.0,,65.0,Cappy Ananaslı İçecek 1 L,a101
a101-13001153,0.0,,161.97,Red Bull Enerji İçeceği 355 ml,a101
a101-13001169,0.0,,75.0,Schweppes Bitter Limon Aromalı Gazlı İçecek 1 L ,a101
a101-13001175,0.0,,100.0,Cappy Atom Meyve Nektarı 200 ml,a101
a101-13001176,0.0,,105.0,Dimes %100 Karışık Meyve Suyu 1 L,a101
a101-13000735,0.0,,40.0,Coca-Cola Orjinal Tat 2 L,a101
migros-01060004,0.0,,254.95,Doyum Organik Kırmızı Mercimek 1 Kg,migros
migros-01060009,0.0,,151.95,Tat  Kırmızı Mercimek 1 Kg,migros
migros-01060014,0.0,,201.95,M Life Bio Organik Kırmızı Mercimek 1 Kg,migros
migros-01060022,0.0,,74.0,Migros Yerli Kırmızı Mercimek 1 Kg,migros
migros-01060024,0.0,,194.95,Reis Kırmızı Mercimek 1 Kg,migros
migros-01060025,0.0,,209.95,Reis Sarı Mercimek 1 Kg,migros
migros-01061006,0.0,,369.9,Reis Royal Beluga Mercimeği 500 G,migros
migros-01061910,0.0,,109.95,Yayla Kırmızı Mercimek 1 Kg,migros
migros-01061946,0.0,,151.9,Yayla Gurme Beluga Mercimek 500 G,migros
migros-01061991,0.0,,159.95,Hasata Mardin Kırmızı Mercimek 1 Kg,migros
migros-01040001,0.0,,125.95,Tat Koçbaşı Nohut 8.5 Mm 1 Kg,migros
a101-22000988,0.0,,339.6,Finish Bulaşık Makinesi Parlatıcı ve Kurutucu 250 Ml,a101
migros-01070005,0.0,,99.95,M Life Bio Organik Pilavlık Bulgur 1 Kg,migros
migros-01070013,0.0,,65.95,Yayla Tam Tane Pilavlık Bulgur 1 Kg,migros
migros-01070014,0.0,,429.9,Yayla Gurme Siyez Bulgur 500 G,migros
migros-01070015,0.0,,123.9,M Life Karabuğday (Greçka) 500 G,migros
migros-01070025,0.0,,59.98,Tat Pilavlık Bulgur 2 Kg,migros
migros-01070028,0.0,,97.44,Filiz Mardin Pilavlık Bulgur 800 G,migros
migros-01070029,0.0,,126.95,Doyum Organik Pilavlık Bulgur 1 Kg,migros
migros-01070033,0.0,,59.95,Tat Pilavlık Bulgur 1 Kg,migros
migros-01070037,0.0,,84.95,Reis Başakbaşı Bulgur 1 Kg,migros
migros-01070038,0.0,,84.95,Reis Pilavlık Bulgur 1 Kg,migros
migros-01070040,0.0,,282.95,Reis Siyez Bulgur 1 Kg,migros
migros-01070042,0.0,,74.5,Duru Pilavlık Bulgur 2 Kg,migros
migros-01064979,0.0,,109.95,Anadolu Lezzetleri Diyarbakır Kırmızı Mercimek 1 Kg,migros
migros-01030003,0.0,,259.95,Reis Barbunya 1 Kg,migros
migros-01031996,0.0,,449.9,Reis Royal Barbunya 500 G,migros
migros-01032207,0.0,,169.9,Anadolu Lezzetleri Niğde Barbunya 500 G,migros
migros-01035556,0.0,,229.95,Hasata Niğde Kiraz Barbunya 1 Kg,migros
migros-01015883,0.0,,164.95,Duru Baldo Pirinç 1 Kg,migros
migros-01040003,0.0,,169.95,Ml Life Bio Organik Nohut 1 Kg,migros
migros-01040010,0.0,,189.95,Doyum Organik Nohut 1 Kg,migros
migros-01040018,0.0,,194.95,Reis Koçbaşı Nohut 1 Kg,migros
migros-01041995,0.0,,154.95,Hasata Kırşehir Koçbaşı Nohut 1 Kg,migros
migros-01042008,0.0,,469.9,Reis Royal Beyaz Nohut 500 G,migros
migros-01048592,0.0,,134.95,Doyum Nohut 1 Kg,migros
migros-01048598,0.0,,200.95,Cityfarm Organik Nohut 1 Kg,migros
migros-01059980,0.0,,159.95,Hasata Yozgat Sultani Yeşil Mercimek 1 Kg,migros
migros-01049977,0.0,,62.95,Migros Nohut 1000 G,migros
migros-01050002,0.0,,124.95,Tat Yeşil Mercimek  1 Kg,migros
migros-01050006,0.0,,239.95,Doyum Organik Yeşil Mercimek 1 Kg,migros
migros-01050007,0.0,,246.95,Doyum Organik Sarı Mercimek 1 Kg,migros
migros-01050008,0.0,,199.95,M Life Bio Organik Yeşil Mercimek 1 Kg,migros
migros-01050012,0.0,,177.95,Reis Yeşil Mercimek 1 Kg,migros
migros-01050013,0.0,,54.0,Migros Yerli Yeşil Mercimek 1 Kg,migros
migros-01020068,0.0,,251.95,Cityfarm Organik Kuru Fasulye 1 Kg,migros
migros-01050036,0.0,,263.95,Cityfarm Organik Yeşil Mercimek 1 Kg,migros
migros-01050037,0.0,,144.95,Duru Yerli Yeşil Mercimek 1 Kg,migros
migros-01051801,0.0,,126.95,Yayla Yeşil Mercimek 1 Kg,migros
migros-01059957,0.0,,120.95,Yayla Sarı Mercimek 1 Kg,migros
migros-01049927,0.0,,144.95,Yayla Koçbaşı  Nohut (İri Boy) 1 Kg,migros
migros-01080014,0.0,,84.95,Reis Çiğ Köftelik Bulgur 1 Kg,migros
migros-01080015,0.0,,84.95,Reis Köftelik Bulgur 1 Kg,migros
migros-01081013,0.0,,65.95,Yayla Köftelik Bulgur 1 Kg,migros
migros-01081361,0.0,,75.95,Duru İçli Köftelik Bulgur 1 Kg,migros
migros-01083506,0.0,,209.9,Anadolu Lezzetleri Karakılçık Köftelik Bulgur 500 G,migros
migros-01089922,0.0,,75.95,Duru Köftelik Bulgur 1 Kg,migros
migros-01089939,0.0,,75.95,Duru Kepekli Köftelik Bulgur 1 Kg,migros
migros-01071222,0.0,,209.9,Anadolu Lezzetleri Amik Ovası Karakılçık Pilavlık Bulgur 500 G,migros
migros-01089949,0.0,,34.95,Migros Köftelik Bulgur 1 Kg,migros
migros-01089951,0.0,,75.95,Duru Köftelik İnce Bulgur (Çiğköftelik) 1 Kg,migros
migros-01089962,0.0,,69.95,Torku Köftelik Bulgur 1 Kg,migros
migros-01070045,0.0,,59.95,Anadolu Lezzetleri Mardin Pilavlık Bulgur 1 Kg,migros
migros-01090003,0.0,,70.95,Hasata Manisa Aşurelik Buğday 1 Kg,migros
migros-01090004,0.0,,90.95,Reis Aşurelik Buğday 1 Kg,migros
migros-01097746,0.0,,61.95,Duru Aşurelik Buğday 1 Kg,migros
migros-01101521,0.0,,149.95,Duru Karabuğday (Greçka) 1 Kg,migros
migros-01101522,0.0,,119.9,Yayla Gurme İç Bakla 500 G,migros
migros-01101996,0.0,,489.9,Reis Royal İç Bakla 500 G,migros
migros-01150912,0.0,,361.9,Reis Royal Karabuğday 500 G,migros
migros-01150997,0.0,,199.9,Hasata Kadim Karabuğday 500 G,migros
migros-01151000,0.0,,219.9,Hasata Kadim Börülce 500 G,migros
migros-01151001,0.0,,179.9,Hasata Kadim Maş Fasulyesi 500 G,migros
migros-03110018,0.0,,399.95,Ofçay Hazine Dökme Çay 1 Kg,migros
migros-01075143,0.0,,222.08,Yayla Gurme Fit Karışık Sebzeli Bulgur 360 G,migros
migros-01089975,0.0,,75.95,Hasata Köftelik Antep Bulguru 1 Kg,migros
migros-01071014,0.0,,65.95,Yayla Pilavlık Bulgur 1 Kg,migros
migros-01050033,0.0,,99.95,Anadolu Lezzetleri Kayseri Yeşil Mercimek 1 Kg,migros
migros-01073171,0.0,,68.95,Doyum Pilavlık Bulgur 1 Kg,migros
migros-01075029,0.0,,75.95,Duru Pilavlık Bulgur 1 Kg,migros
migros-01075063,0.0,,75.95,Duru Başbaşı Bulgur 1 Kg,migros
migros-01075065,0.0,,75.95,Duru Kepekli Pilavlık Bulgur 1 Kg,migros
migros-01075066,0.0,,75.95,Duru Esmer Pilavlık Bulgur 1 Kg,migros
migros-01075093,0.0,,34.95,Migros Pilavlık Bulgur 1000 G,migros
migros-01075098,0.0,,75.95,Duru Şehriyeli Pilavlık Bulgur 1 Kg,migros
migros-01075110,0.0,,34.38,Migros Pilavlık Bulgur 2500 G,migros
migros-01075119,0.0,,127.9,Yayla Gurme Karabuğday 500 G,migros
migros-01075120,0.0,,179.9,Yayla Gurme Firik Bulgur 500 G,migros
migros-01080007,0.0,,126.95,Doyum Organik Köftelik Bulgur 1 Kg,migros
migros-01075125,0.0,,194.31,Yayla Gurme Fit Domatesli Bulgur 360 G,migros
migros-01075140,0.0,,180.42,Yayla Gurme Fit Greçkalı Bulgur 360 G,migros
migros-01075141,0.0,,269.31,Yayla Gurme Fit Biberli Firik Bulgur 360 G,migros
migros-01075142,0.0,,194.31,Yayla Gurme Fit Chialı Bulgur 360 G,migros
migros-01064960,0.0,,144.95,Duru Yerli Kırmızı Futbol Mercimek 1 Kg,migros
migros-01075144,0.0,,230.42,Yayla Gurme Fit Nohutlu Bulgur 360 G,migros
migros-01075145,0.0,,81.95,Yayla Gurme Fit Yeşil Mercimek Domates Bulgur 360,migros
migros-01075146,0.0,,69.95,Torku Pilavlık Bulgur 1 Kg,migros
migros-01075148,0.0,,312.95,Reis Firik Bulgur 1 Kg,migros
migros-01075163,0.0,,75.95,Hasata Pilavlık Antep Bulguru 1 Kg,migros
migros-01080005,0.0,,59.95,Tat Köftelik Bulgur 1 Kg,migros
migros-01080006,0.0,,97.44,Filiz Mardin Köftelik İnce Bulgur 800 G,migros
migros-01075124,0.0,,222.08,Yayla Gurme Fit Kırmızı Kinoalı Bulgur 360 G,migros
migros-01010241,0.0,,71.98,Migros Osmancık Pirinç 2.5 Kg,migros
kola-cocacola-zero-6x250ml,0.0,0.0,200.0,Coca-Cola Zero Sugar Kutu 6 x 250 Ml,migros
migros-01010250,0.0,,320.0,Tilda Basmati Pirinç Kahverengi 1 Kg,migros
migros-01010259,0.0,,89.95,Migros Baldo Pirinç 1 Kg,migros
migros-01010260,0.0,,26.5,Migros Kırık Pirinç 1 Kg,migros
migros-01010269,0.0,,199.95,Hasata Basmati Pirinç 1 Kg,migros
migros-01010271,0.0,,80.95,Migros Osmancık Pirinç 1 Kg,migros
migros-01010333,0.0,,109.95,Anadolu Lezzetleri Gönen Baldo Pirinç 1 Kg,migros
migros-01010609,0.0,,339.9,Reis Royal Kepekli Pirinç 500 G,migros
migros-01011131,0.0,,179.9,Yayla Gurme Sushi Pirinci 500 G,migros
migros-01011180,0.0,,80.95,Migros Osmancık Pirinç 1000 G,migros
migros-01030002,0.0,,171.9,Yayla Barbunya 500 G,migros
migros-01011610,0.0,,52.95,Yayla Kırık Pirinç 1 Kg,migros
migros-01011611,0.0,,149.9,Yayla Gurme Jasmine Pirinç 500 G,migros
migros-01011612,0.0,,199.9,Yayla Gurme Basmati Pirinç 500 G,migros
migros-01011907,0.0,,159.95,Hasata Osmancık Pirinç 1 Kg,migros
migros-01011908,0.0,,157.48,Hasata Osmancık Pirinç 2 Kg,migros
migros-01010143,0.0,,188.95,M Life Bio Organik Pirinç 1 Kg,migros
migros-01011933,0.0,,219.9,Yayla Gurme Siyah Pirinç 500 G,migros
migros-01011934,0.0,,259.9,Yayla Gurme Risotto Pirinç 500 G,migros
migros-01011936,0.0,,135.9,Yayla Gurme Kepekli Pirinç 500 G,migros
migros-01011969,0.0,,361.9,Reis Royal Börülce 500 G,migros
migros-01011972,0.0,,565.9,Reis Arborio Risotto Vakumlu Pirinç 500 G,migros
migros-01011996,0.0,,473.9,Reis Royal Jasmine Pirinç (Premium) 500 G,migros
migros-01011182,0.0,,71.98,"Migros Osmancık Pirinç 2,5 Kg",migros
maden-suyu-kizilay-6x200ml,0.0,0.0,55.58,Kızılay Erzincan Doğal Maden Suyu 6 x 200 Ml,migros
mercimek-yesil-1kg-a101,0.0,0.0,67.5,Yöremce Yeşil Mercimek 1 kg,a101
meyve-suyu-1l-a101,0.0,0.0,105.0,Dimes %100 Karışık Meyve Suyu 1 L,a101
migros-01010084,0.0,,122.48,Yayla Yerli Pirinç Osmancık Bölgesi Mahsulü 2 Kg,migros
migros-01010085,0.0,,164.95,Yayla Basmati Pirinç 1 Kg,migros
migros-01010086,0.0,,63.95,Yayla Aşurelik Buğday 1 Kg,migros
migros-01010091,0.0,,121.95,Yayla Osmancık Bölgesi Mahsulü Yerli Pirinç 1 Kg,migros
migros-01010101,0.0,,181.98,"Reis Gönen Baldo 2,5 Kg",migros
migros-01010102,0.0,,160.78,"Reis Osmancık Pirinç 2,5 Kg",migros
migros-01010142,0.0,,93.48,Yayla Uzun Tane Pirinç 2 Kg,migros
ceviz-ici-150g-a101,0.0,0.0,726.67,Çerezya Ceviz İçi 150 g,a101
ceviz-masterfarm-150g,0.0,0.0,1099.67,Master Farm Yerli Ceviz İçi 150 G,migros
migros-01010235,0.0,,204.95,Reis Gönen Baldo Pirinç 1 Kg,migros
migros-01010145,0.0,,244.95,Doyum Organik Pirinç 1 Kg,migros
migros-01010154,0.0,,134.98,Yayla Tane Tane Pirinç 2 Kg,migros
migros-01010155,0.0,,159.95,Yayla Tane Tane Pirinç 1 Kg,migros
migros-01010176,0.0,,164.95,Tat Baldo Pirinç 1 Kg,migros
migros-01010177,0.0,,154.98,Tat Baldo Pirinç 2 Kg,migros
migros-01010178,0.0,,136.95,Tat Osmancık Pirinç 1 Kg,migros
migros-01010179,0.0,,130.98,Tat Osmancık Pirinç 2 Kg,migros
migros-01010208,0.0,,149.9,M Life Basmati Pirinç 500 G,migros
migros-01010210,0.0,,204.95,Tat Basmati Pirinç 1 Kg,migros
migros-01010232,0.0,,294.95,Reis Jasmin Pirinç 1 Kg,migros
migros-01010233,0.0,,314.95,Reis Basmati Pirinç 1 Kg,migros
migros-01010234,0.0,,179.95,Reis Osmancık Pirinç 1 Kg,migros
migros-01010144,0.0,,295.0,Tilda Yasemin Pirinci 1 Kg,migros
migros-01015885,0.0,,140.98,Duru Osmancık Pirinç 2 Kg,migros
migros-01015886,0.0,,142.95,Duru Osmancık Pirinç 1 Kg,migros
migros-01015887,0.0,,157.48,Duru Baldo Pirinç 2 Kg,migros
migros-01020001,0.0,,89.95,Migros Dermason Kuru Fasulye 1 Kg,migros
migros-01020015,0.0,,99.95,Migros İri Dermason Fasulye 1 Kg,migros
migros-01020025,0.0,,129.9,M Life Maş Fasulyesi 500 G,migros
migros-01020033,0.0,,156.95,Tat Dermason Fasulye 1 Kg,migros
migros-01020038,0.0,,199.95,M Life Bio Organik Dermason Fasulye 1 Kg,migros
migros-01020039,0.0,,239.95,Doyum Organik Fasulye 1 Kg,migros
migros-01020047,0.0,,191.95,Reis Kuru Fasulye 1 Kg,migros
migros-01020048,0.0,,217.95,Reis Dermason Fasulye 1 Kg,migros
migros-01020050,0.0,,599.9,Anadolu Lezzetleri İspir Kuru Fasulye 500 G,migros
migros-01011999,0.0,,169.95,Hasata Gönen Baldo Pirinç 1 Kg,migros
migros-01020066,0.0,,154.95,Duru Dermason Fasulye 1 Kg,migros
migros-01015816,0.0,,119.95,Doyum Yerli Pilavlık Pirinç 1 Kg,migros
migros-01020076,0.0,,259.9,Anadolu Lezzetleri Erzincan Fasulye 500 G,migros
migros-01021936,0.0,,159.9,Yayla Gurme Maş Fasulye 500 G,migros
migros-01021969,0.0,,679.9,Reis Royal Şeker Fasulye 500 G,migros
migros-01021970,0.0,,579.9,Reis Royal Battal Fasulye 500 G,migros
migros-01021990,0.0,,159.95,Hasata Derinkuyu Kuru Fasulyesi 1 Kg,migros
migros-01021995,0.0,,419.9,Reis Royal Kırmızı Fasulye 500 G,migros
migros-01021996,0.0,,423.9,Reis Royal Siyah Fasulye 500 G,migros
migros-01021997,0.0,,341.9,Reis Royal Maş Fasulye 500 G,migros
migros-01022008,0.0,,425.9,Reis Royal Bombay Fasulye 500 G,migros
migros-01022301,0.0,,154.95,Yayla Dermason Fasulye 1 Kg,migros
migros-01020060,0.0,,134.95,Doyum Dermason Fasulye 1 Kg,migros
migros-01012030,0.0,,159.98,Yayla Baldo Pirinç Gönen Bölgesi Mahsulü 2 Kg,migros
migros-01012304,0.0,,473.9,Reis Royal Basmati Pirinç (Superior) 500 G,migros
migros-01012311,0.0,,463.9,Reis Royal Siyah Pirinç 500 G,migros
migros-01012500,0.0,,261.0,City Farm Organik Yulaf Ezmesi 500 G,migros
migros-01012801,0.0,,164.95,Yayla Baldo Pirinç 1 Kg Gönen Bölgesi Mahsulü,migros
migros-01012825,0.0,,149.98,Yayla Trakya Baldo Pirinç 2 Kg,migros
migros-01013252,0.0,,59.18,Migros Pilavlık Yerli Pirinç 2500 G,migros
migros-01015815,0.0,,127.95,Doyum Osmancık Pirinç 1 Kg,migros
migros-01010248,0.0,,79.98,"Migros Baldo Pirinç 2,5 Kg",migros
migros-01015817,0.0,,167.95,Doyum Baldo Pirinç 1 Kg,migros
migros-01015818,0.0,,122.48,Doyum Osmancık Pirinç 2 Kg,migros
migros-01015820,0.0,,165.95,Doyum Basmati Pirinç 1 Kg,migros
migros-01015884,0.0,,184.95,Duru Basmati Pirinç 1 Kg,migros
migros-01015822,0.0,,154.98,Doyum Baldo Pirinç 2 Kg,migros
migros-01015835,0.0,,154.95,Yayla Esmerim Baldo Pirinç 1 Kg,migros
migros-01015836,0.0,,109.95,Yayla Tok Tane Pirinç 1 Kg,migros
migros-01015837,0.0,,154.95,Yayla Tane Tane Baldo Pirinç 1 Kg,migros
migros-01015841,0.0,,164.98,Tat Basmati Pirinç 2 Kg,migros
migros-01015856,0.0,,277.95,Cityfarm Organik Pirinç 1 Kg,migros
migros-01015858,0.0,,159.98,Yayla Zenginleştirilmiş Baldo Pirinç 2 Kg,migros
migros-01015859,0.0,,189.95,Yayla Ekstra Zenginleştirilmiş Baldo Pirinç 1 Kg,migros
migros-01015862,0.0,,179.98,Yayla Ekstra Zenginleştirilmiş Baldo Pirinç 2 Kg,migros
migros-01015863,0.0,,164.95,Yayla Zenginleştirilmiş Baldo Pirinç 1 Kg,migros
migros-01015865,0.0,,132.48,Yayla Zenginleştirilmiş Osmancık Pirinç 2 Kg,migros
migros-01011909,0.0,,174.98,Hasata Gönen Baldo Pirinç 2 Kg,migros
migros-01015821,0.0,,117.48,Doyum Yerli Pilavlık Pirinç 2 Kg,migros
migros-03123868,0.0,,1799.88,Ahmad Tea Special Blend Dökme Çay 400 G,migros
migros-03123870,0.0,,1999.75,Ahmad Tea Ceylon Dökme Çay 200 G,migros
migros-03123871,0.0,,1999.75,Ahmad Tea Special Bergamotlu Siyah Dökme Çay 200 G,migros
migros-03123872,0.0,,1999.75,Ahmad Tea English Breakfast Siyah Dökme Çay 200 G,migros
migros-03130008,0.0,,2899.0,Doğadan İri Yapraklı Dökme Yeşil Çay Bergamotlu 50 G,migros
migros-03130010,0.0,,2899.0,Doğadan İri Yapraklı Dökme Yeşil Çay Ananaslı 50 G,migros
migros-03130019,0.0,,5767.09,"Doğadan Mango & Lime Yeşil Çay 23,4 G",migros
migros-03130020,0.0,,5767.09,"Doğadan Yeşil Çay Papaya & Hindistan Cevizli 18'li 23,4 G",migros
migros-03130027,0.0,,2873.75,Teekanne Yaban Mersinli Karışık Meyve Çayı 20'li 40 G,migros
migros-03130028,0.0,,3284.29,Teekanne Zencefil Limon Karışık Bitki Çayı 20'li 35 G,migros
migros-03130029,0.0,,4165.0,Teekanne Nane Çayı 20'li 30 G,migros
migros-03110029,0.0,,609.95,Lipton Earl Grey Dökme Çay 1 Kg,migros
migros-03130031,0.0,,3831.67,Teekanne Papatya Çayı 20'li 30 G,migros
migros-03118648,0.0,,298.95,Migros Filiz Siyah Çay 1 Kg,migros
migros-03130033,0.0,,3831.67,Lipton Şeftali ve Bergamot Aromalı Yeşil Çay 20'li 30 G,migros
migros-03130034,0.0,,13000.0,Doğadan Mango Aromalı Matcha Yeşil Çay Tozu 25 G,migros
migros-03130036,0.0,,13000.0,Doğadan Çilek Aromalı Matcha Yeşil Çay Tozu 25 G,migros
migros-03130037,0.0,,13000.0,Doğadan Yumuşak İçimli Matcha Yeşil Çay Tozu 25 G,migros
migros-03130038,0.0,,19998.0,Organuca Hindistan Cevizi + Ananas + Mango Aromalı Matcha Tozu 25 G,migros
migros-03130039,0.0,,19998.0,Organuca Çilek + Vanilya Aromalı Matcha Tozu 25 G,migros
migros-03130040,0.0,,19998.0,Organuca Matcha Tozu 25 G,migros
migros-03130042,0.0,,5767.09,"Doğadan Yeşil Çay Tropik Tatlar 18'li 23,4 G",migros
migros-03130043,0.0,,6815.66,Doğadan Şeftali & Çarkıfelek Meyveli Yeşil Çay 19.8 G,migros
migros-03130044,0.0,,13998.0,Herby Premium Matcha Sade 25 G,migros
migros-03130030,0.0,,3831.67,Teekanne Papatya ve Ballı Bitki Çayı 20'li 30 G,migros
migros-03118641,0.0,,653.27,Efor Prime Label Demlik Poşet Çay 48'li 153 G,migros
migros-03118642,0.0,,624.84,Efor Prime Label Demlik Süzen Poşet Çay 100'lü 320 G,migros
migros-03118643,0.0,,679.5,Efor Tomurcuk Bergamot Aromalı Siyah Çay 100 G,migros
migros-03118644,0.0,,999.88,Efor Opa Ceylon Siyah Çay 400 G,migros
migros-03118645,0.0,,289.95,Migros Rize Siyah Çay 1 Kg,migros
migros-03118646,0.0,,279.95,Migros Harman Siyah Çay 1 Kg,migros
migros-03118647,0.0,,309.9,Migros Bergamot Aromalı Siyah Çay 500 G,migros
migros-03118300,0.0,,687.34,Doğuş Karadeniz Demlik Poşet Çay 100'lü 320 G,migros
migros-03118649,0.0,,299.9,Migros Filiz Siyah Çay 500 G,migros
migros-03118650,0.0,,859.0,Migros Süzen Poşet 25 x 2 G,migros
migros-03118651,0.0,,487.96,Migros Demlik Poşet Siyah Çay 48 x 3.2 G,migros
migros-03118652,0.0,,437.34,Migros Demlik Poşet Siyah Çay 100 x 3.2 G,migros
migros-03123867,0.0,,1799.88,Ahmad Tea English Breakfast Dökme Çay 400 G,migros
migros-03118654,0.0,,650.72,Efor Earl Grey Demlik Süzen Poşet Çay 48 x 3.2 G,migros
migros-03121326,0.0,,1874.38,Ahmad Tea Classic Earl Grey Demlik Çay 40'lı 80 G,migros
migros-03121327,0.0,,1874.38,Ahmad Tea English Breakfast Demlik 40'lı 80 G,migros
migros-03123858,0.0,,2999.0,Ahmad Tea Earl Grey Bardak Poşet Çay 25'li 50 G,migros
migros-03123859,0.0,,2599.75,Ahmad Tea Earl Grey Bardak Poşet Çay 100'lü 200 G,migros
migros-03123860,0.0,,1952.8,"Ahmad Tea Earl Grey Demlik Poşet Çay 48'li 153,6 G",migros
migros-03123861,0.0,,1624.84,Ahmad Tea Earl Grey Demlik Poşet Çay 100'lü 320 G,migros
migros-03123862,0.0,,2999.0,Ahmad Tea English Breakfast Bardak Poşet Çay 25'li 50 G,migros
migros-03123863,0.0,,2599.75,Ahmad Tea English Breakfast Bardak Poşet Çay 100'lü 200 G,migros
migros-03123864,0.0,,1952.8,"Ahmad Tea English Breakfast Demlik Poşet Çay 48'li 153,6 G",migros
migros-03118533,0.0,,4331.33,Herby No Stress Tea Karışık Bitki Çayı 20'li 30 G,migros
migros-03123866,0.0,,1799.88,Ahmad Tea Ceylon Tea Dökme Çay 400 G,migros
migros-03118653,0.0,,1499.0,Efor Early Grey Süzen Poşet Çay 25 x 2 G,migros
migros-03132924,0.0,,130.0,Doğadan Papatya Çayı Bardak Poşet 20'li,migros
migros-03132931,0.0,,134.95,Doğadan Elma Çayı Poşet 20'li,migros
migros-03132935,0.0,,134.95,Doğadan Rezene Bardak Poşet 20'li,migros
migros-03133000,0.0,,3747.5,Migros Adaçayı Bardak Poşet Çay 20'li 20 G,migros
migros-03133002,0.0,,1873.75,Migros Rezene Bardak Poşet Çay 20'li 40 G,migros
migros-03133003,0.0,,2141.43,Migros Yeşil Çay Bardak Poşet 20'li 35 G,migros
migros-03133004,0.0,,2882.69,Migros Papatya Bardak Poşet Çay 20'li 26 G,migros
migros-03134112,0.0,,2873.75,Lipton Bitki Çayı Rezene 20'li Bardak Poşet 40 G,migros
migros-03134126,0.0,,3611.11,Doğadan Form Kayısılı Karışık Bitki Çayı 20'li 36 G,migros
migros-03134127,0.0,,3831.67,Lipton Limonlu Yeşil Çay Bardak Poşet 20'li 30 G,migros
migros-03130082,0.0,,26663.33,Herby Premium Matcha Mango Aromalı Kapsül 10'lu 15 G,migros
migros-03130045,0.0,,13998.0,Herby Premium Matcha Çilek ve Vanilya Aromalı 25 G,migros
migros-03134216,0.0,,3611.11,Doğadan Form Çay Kiraz Saplı 20'li 36 G,migros
migros-03134265,0.0,,5909.09,Doğadan Yeşil Çay Yumuşak İçimli  20'li 22 G,migros
migros-03134314,0.0,,5747.5,Lipton Yeşil Çay Yumuşak İçimli 20'li 20 G,migros
migros-03134316,0.0,,8247.5,Doğadan Büyülü Bohça Vanilya Rooibos 10'lu 20 G,migros
migros-03134320,0.0,,13745.83,Doğadan Büyülü Bohça Beyaz Çay Kavun 10'lu 12 G,migros
migros-03134321,0.0,,8247.5,Doğadan Büyülü Bohça Earl Grey 10'lu 20 G,migros
migros-03134332,0.0,,5355.16,Doğadan Beyaz Çay Sade 18'li 25.2 G,migros
migros-03134333,0.0,,4410.13,Doğadan Beyaz Çay Portakal Çiçeği 18'li 30.6 G,migros
migros-03134335,0.0,,4310.0,Dünya Hayat Ihlamur 50 G,migros
migros-03134338,0.0,,3193.06,Lipton Slim Plus Kiraz Saplı 20'li 36 G,migros
migros-03134339,0.0,,3193.06,Lipton Slim Plus Kayısılı 20'li 36 G,migros
migros-03134340,0.0,,3831.67,Lipton Mango Ananas Yeşil Çay 20'li 30 G,migros
migros-03134193,0.0,,3823.53,Doğadan Yeşil Çay Açai Ananaslı 20’li 34 G,migros
migros-03130047,0.0,,4759.52,Herby 7 Gün Kiraz Saplı Fit Çay 14'lü 21 G,migros
migros-03130056,0.0,,6665.0,Ahmad Tea Night Bitki Çayı 20'li 30 G,migros
migros-03130058,0.0,,4998.75,Ahmad Tea Limon ve Zencefil Bitki Meyve Çayı 20'li 40 G,migros
migros-03130059,0.0,,4998.75,Ahmad Tea Yaseminli Yeşil Çay 20'li 40 G,migros
migros-03123865,0.0,,1624.84,Ahmad Tea English Breakfast Demlik Poşet Çay 100'lü 320 G,migros
migros-03130083,0.0,,26663.33,Herby Premium Matcha Çilek Vanilya Kapsül 10'lu 15 G,migros
migros-03130084,0.0,,26663.33,Herby Premium Matcha Toz Yeşil Çay Kapsüllü 10'lu 15 G,migros
migros-03130088,0.0,,3592.19,Mesh Stick Yeşil Çay 16'lı 32 G,migros
migros-03130089,0.0,,3592.19,Mesh Stick Detox Karışık Bitki Çayı 16'lı 32 G,migros
migros-03130090,0.0,,17855.36,Organuca Hindistan Cevizi Ananas Mango Aromalı 28 G,migros
migros-03130091,0.0,,17855.36,Organuca Çilek Vanilya Aromalı Matcha Kapsül 8'li 28 G,migros
migros-03130092,0.0,,17855.36,Organuca Matcha Kapsül 8'li 28 G,migros
migros-03132921,0.0,,134.95,Doğadan Adaçayı Bardak Poşet 20'li,migros
migros-03130095,0.0,,4257.41,Lipton Yemek Sonrası Nane Zencefilli Bitki Çayı 18'li 27 G,migros
migros-03130108,0.0,,5555.56,Doğadan Form Çilekli Yaban Mersini Bitki Çayı 18'li 23.4 G,migros
migros-03132055,0.0,,114.95,Lipton Bardak Poşet Bitki Çayı Ihlamur 20'li,migros
migros-03132061,0.0,,3831.67,Lipton Yeşil Çay Bardak Poşet 20'li  30 G,migros
migros-03132066,0.0,,3831.67,Lipton Papatya Çayı Bardak Poşet 20'li 30 G,migros
migros-03132110,0.0,,134.95,Doğadan Yeşil Çay 20'li Bardak Poşet,migros
migros-03132173,0.0,,1998.75,Doğuş Energy Karışık Bitki Çayı 20'li 40 G,migros
migros-03130032,0.0,,4257.41,Lipton Osmanthus Çiçeği Aromalı Yeşil Çay 18'li 27 G,migros
migros-03132184,0.0,,2665.0,Doğuş Collagen Bitki Çayı 20'li 30 G,migros
migros-03132202,0.0,,2497.5,İda Gurme Kazdağlarından Kekik 20 G,migros
migros-03132203,0.0,,2497.5,İda Gurme Karabaş Otu 20 G,migros
migros-03132204,0.0,,2497.5,İda Gurme Sarı Kantaron 20 G,migros
migros-03130093,0.0,,4257.41,Lipton Tazelenme Zamanı Ekinezya Okaliptuslu 27 G,migros
migros-03111411,0.0,,439.95,Lipton Doğu Karadeniz Çayı 1 Kg,migros
migros-03111412,0.0,,529.9,Lipton Doğu Karadeniz Çayı 500 G,migros
migros-03111454,0.0,,129.95,Herby Detox Tea Diyete Destek Detoks Bitki Çayı 20'li,migros
migros-03111455,0.0,,129.95,Herby Sleep Tea Uyku Öncesi Passifloralı Bitki Çayı 20'li,migros
migros-03110028,0.0,,1349.5,Lipton Extra Yoğun Earl Grey 100 G,migros
migros-03111650,0.0,,399.95,Doğuş Siyah Çay 1 Kg,migros
migros-03111651,0.0,,389.95,Doğuş Rize Çay 1 Kg,migros
migros-03112302,0.0,,1559.0,Çaykur Bardak Poşet Çay 25'li 50 G,migros
migros-03112401,0.0,,2299.75,Lipton Yellow Label Bardak Poşet Çay 100'lü 200 G,migros
migros-03112402,0.0,,134.95,Lipton Bardak Poşet Çay Yellow Label 25'li,migros
migros-03112405,0.0,,2699.0,Lipton Bardak Poşet Çay Earl Grey 25'li 50 G,migros
migros-03118640,0.0,,1499.0,Efor Prime Label Bardak Poşet Çay 25'li 50 G,migros
migros-03112524,0.0,,1999.0,Doğuş Earl Grey Bardak Poşet Çay 25'li 50 G,migros
migros-03112525,0.0,,2099.0,Doğuş Black Label Bardak Poşet Çay 25'li 50 G,migros
migros-03112533,0.0,,1699.75,Doğuş Black Label Bardak Poşet Çay 100'lü 200 G,migros
migros-03112961,0.0,,1799.88,Ahmad Tea Cardamom Tea 400 G,migros
migros-03112963,0.0,,1700.0,Kurukahveci Mehmet Efendi Espresso Blend No1 Çekirdek 250 G,migros
migros-03112964,0.0,,1700.0,Kuru Kahveci Mehmet Efendi Colombian Çekirdek Kahve 250 G,migros
migros-03112965,0.0,,1760.0,Kurukahveci Mehmet Efendi Ethiopian Çekirdek Kahve 250 G,migros
migros-03112970,0.0,,1099.9,Mevlana Sade Yaprak Çay 500 G,migros
migros-03111303,0.0,,449.95,Çaykur Rize Turist Çay 1 Kg,migros
migros-03112972,0.0,,4855.71,Lipton Mini Dem Yellow Label 20'li 35 G,migros
migros-03112973,0.0,,2999.0,Lipton Golden Ceylon Bardak Poşet Çay 25'li 50 G,migros
migros-03112974,0.0,,499.9,Migros Ekstra İlk Hasat Rize Çayı 500 G,migros
migros-03112407,0.0,,2299.75,Lipton Earl Grey Bardak Poşet Çay 100'lü 200 G,migros
migros-03110040,0.0,,259.9,Efor Harman Siyah Çay 500 G,migros
migros-03110042,0.0,,389.95,Ofçay Tiryaki Dökme Çay 1 Kg,migros
migros-03110044,0.0,,724.88,Migros Seylan Çayı 400 G,migros
migros-03110046,0.0,,859.0,Migros Bergamot Aromalı Bardak Poşet Siyah Çay 25'li 50 G,migros
migros-03110050,0.0,,1484.22,Champion Demlik Poşet 100 x 3.2 G,migros
migros-03110053,0.0,,1519.9,Champion Pekoe Pure Ceylon Tea 500 G,migros
migros-03110054,0.0,,1519.9,Howdah Pure Ceylon Tea 500 G,migros
migros-03110055,0.0,,1199.9,Bayce Pekoe Opp Ceylon Tea 500 G,migros
migros-03110056,0.0,,1199.9,Bayce Opa Opp Siyah Çay 500 G,migros
migros-03110057,0.0,,474.95,Beta Taç Yaprak Siyah Çay 1 Kg,migros
migros-03110058,0.0,,439.95,Beta Kızıl Dem Türk Çayı 1 Kg,migros
migros-03110064,0.0,,389.95,Ofçay Arhavi Çay 1 Kg,migros
migros-03111410,0.0,,449.95,Lipton Yellow Label Çay 1 Kg,migros
migros-03111302,0.0,,469.9,Çaykur Rize Turist Çay 500 G,migros
migros-01089940,0.0,,75.95,Duru Esmer Çiğ Köftelik Bulgur 1 Kg,migros
migros-03111304,0.0,,443.9,Çaykur Kamelya Çay 500 G,migros
migros-03111305,0.0,,439.95,Çaykur Kamelya Çay 1 Kg,migros
migros-03111307,0.0,,519.9,Çaykur Filiz Çay 500 G,migros
migros-03111309,0.0,,549.75,Çaykur Çay Çiçeği 200 G,migros
migros-03111310,0.0,,469.9,Çaykur Çay Çiçeği 500 G,migros
migros-03111312,0.0,,629.9,Çaykur Altınbaş Çay 500 G,migros
migros-03111315,0.0,,439.95,Çaykur Tiryaki Çayı 1 Kg,migros
migros-03111316,0.0,,459.9,Çaykur Tiryaki 500 G,migros
migros-03111325,0.0,,624.75,Çaykur Altınbaş  200 G,migros
migros-03111403,0.0,,639.9,Lipton Yellow Label Dökme Çay 500 G,migros
migros-03110068,0.0,,539.5,Migros Tomurcuk Bergamot Aromalı Siyah Çay 100 G,migros
migros-03118297,0.0,,1599.0,Doğuş Karadeniz Bardak Poşet Çay 25'li 50 G,migros
migros-03112971,0.0,,4855.71,Lipton Mini Dem Earl Grey 20'li 35 G,migros
migros-03118318,0.0,,669.9,Lipton Extra Dem Siyah Çay 500 G,migros
migros-03118340,0.0,,1241.5,Lipton Extra Dem Demlik Poşet Çay 48'li 153 G,migros
migros-03118341,0.0,,1156.09,Lipton Extra Dem Demlik Süzen Poşet Siyah Çay 100'lü 320 G,migros
migros-03118364,0.0,,899.9,Karali Organik Siyah Çay 500 G,migros
migros-03118396,0.0,,937.34,Doğuş Gurme Demlik Poşet Çay 100'lü 320 G,migros
migros-03118397,0.0,,966.99,Doğuş Gurme Demlik Poşet Çay 48'li 153 G,migros
migros-03118398,0.0,,1999.75,Doğuş Gurme Bardak Poşet Çay 100'lü 200 G,migros
migros-03118399,0.0,,2319.0,Doğuş Gurme Bardak Poşet Çay 25'li 50 G,migros
migros-03118425,0.0,,349.95,Karali Premium Filiz Çay 1 Kg,migros
migros-03118449,0.0,,629.9,Çaykur 42 Nolu Tirebolu Çayı 500 G,migros
migros-03112998,0.0,,1799.9,Tchibo Gold Selection Çekirdek Kahve 500 G,migros
migros-03118468,0.0,,862.38,Çaykur Organik Hemşin Karton Kutu 400 G,migros
migros-03118486,0.0,,479.95,Doğuş Gurme Çay 1 Kg,migros
migros-03118515,0.0,,6930.67,"Doğadan Probiyotikli Açai Ananaslı Yeşil Çay 14'lü 23,8 G",migros
migros-03118516,0.0,,6201.13,Doğadan Probiyotikli Rooibos Çay 14'lü 26.6 G,migros
migros-03113406,0.0,,1046.72,Lipton Earl Grey Demlik Poşet Çay 100'lü 320 G,migros
migros-03118613,0.0,,4331.67,Herby Fit Tea Elma Sirkeli Ananaslı 20'li 30 G,migros
migros-03118614,0.0,,4331.67,Herby Defense Tea Kara Mürverli 20'li 30 G,migros
migros-03118632,0.0,,369.95,Efor Çamlıca Siyah Çay 1 Kg,migros
migros-03118634,0.0,,359.95,Efor Rize Siyah Çay 1 Kg,migros
migros-03118635,0.0,,299.95,Efor Harman Siyah Çay 1 Kg,migros
migros-03118636,0.0,,399.9,Efor Bergamotlu Siyah Çay 500 G,migros
migros-03118639,0.0,,399.9,Efor Filiz Yoğun Dem Siyah Çay 500 G,migros
migros-03118461,0.0,,849.75,Altınbaş Demlik Poşet Çay 40'lı 200 G,migros
migros-03113008,0.0,,2999.0,Lipton English Breakfast Bardak Poşet 25'li 50 G,migros
migros-03113009,0.0,,2649.5,Lipton Earl Grey Bardak Poşet Çay 50'li 100 G,migros
migros-03113010,0.0,,2649.5,Lipton Yellow Label Bardak Çay 50'li 100 G,migros
migros-03113014,0.0,,1015.49,Lipton Yellow Label Demlik Poşet Çay 120'li 384 G,migros
migros-03113015,0.0,,1015.49,Lipton Earl Grey Demlik Poşet Çay 120'li  384 G,migros
migros-03113016,0.0,,1533.33,Moliendo Hindiba Hazır Kahve 150 G,migros
migros-03113021,0.0,,1374.75,Doğadan Gizli Bahçe Bardak Poşet Çay 100'lü 200 G,migros
migros-03113022,0.0,,859.22,Doğadan Gizli Bahçe Demlik Poşet Çay 100'lü 320 G,migros
migros-03113402,0.0,,1078.1,Lipton Earl Grey Demlik Poşet Çay 48'li 153 G,migros
migros-03113403,0.0,,1078.1,Lipton Yellow Label Demlik Poşet Çay 48'li 153 G,migros
migros-03113404,0.0,,334.95,Lipton  Demlik Poşet Çay Yellow Label 100'lü,migros
migros-03111604,0.0,,599.9,Doğuş Karadeniz Export Çay 500 G,migros
migros-03118287,0.0,,669.9,Lipton Dökme Çay Earl Grey 500 G,migros
migros-03113615,0.0,,836.27,Doğuş Earl Grey Demlik Poşet Çay 48'li 153 G,migros
migros-03113616,0.0,,812.34,Doğuş Black Label Demlik Poşet Çay 100'lü 320 G,migros
migros-03117303,0.0,,967.6,Çaykur Tomurcuk Çayı 125 G,migros
migros-03118004,0.0,,389.95,Doğuş Kırmızı Dem Çay 1 Kg,migros
migros-03118038,0.0,,999.5,Doğuş Tomurcuk Early Grey Karton Kutu 100 G,migros
migros-03118096,0.0,,1699.75,Doğuş Earl Grey Bardak Poşet Çay 100'lü 200 G,migros
migros-03118159,0.0,,980.07,Lipton Doğu Karadeniz Demlik Poşet Çay 48'li 153 G,migros
migros-03118160,0.0,,906.09,Lipton Doğu Karadeniz Demlik Poşet Çay 100'lü 320 G,migros
migros-03118161,0.0,,114.95,Lipton Bardak Poşet Çay Doğu Karadeniz 25'li,migros
migros-03118162,0.0,,1749.75,Lipton Doğu Karadeniz Bardak Poşet Çay 100'lü 200 G,migros
migros-03118206,0.0,,389.95,Doğuş Karadeniz Çayı 1 Kg,migros
migros-03118272,0.0,,499.95,Çaykur Filiz Çayı 1 Kg,migros
migros-03113610,0.0,,836.27,Doğuş Black Label Demlik Poşet Çay 48'li 153 G,migros
a101-28000297,0.0,,44.75,Söke Gelenek Buğday Unu 2 Kg,a101
a101-28000607,0.0,,348.33,Nimet Çikolatalı Kruvasan 300 G,a101
a101-28000609,0.0,,530.0,Uno Tam Buğday & Çiya Tohumlu Grissini 150 G,a101
a101-28000673,0.0,,205.56,Uno Tam Buğday Unlu Tava Ekmeği 450 G,a101
a101-28000687,0.0,,153.85,Nimet Sandviç Ekmek 7x65 G ,a101
a101-28000727,0.0,,397.78,Koska Tahinli Kurabiye 225 G,a101
a101-28000729,0.0,,91.82,Nimet Tost Ekmek 550 G,a101
a101-28000743,0.0,,367.69,Uno Tam Buğday Lavaş 325 G,a101
a101-28000772,0.0,,575.0,Original Gourmet Çikolatalı Kruvasan 60 G,a101
a101-28000793,0.0,,708.33,7Days Çikolata Dolgulu Kruvasan 60 G,a101
a101-28000817,0.0,,385.42,7Days Kakaolu Kruvasan 6x40 G,a101
maden-suyu-6li-a101,0.0,0.0,49.58,Beypazarı Sade Maden Suyu 6x200 ml,a101
a101-28000826,0.0,,30.0,Nimet Buğday Unu 2 Kg,a101
a101-28000827,0.0,,27.0,Nimet Buğday Unu 5 Kg,a101
a101-28000387,0.0,,34.17,Sinangil Buğday Unu 9 Kg,a101
a101-28000429,0.0,,77.5,Nimet Çavdarlı Ekmek 400 G,a101
a101-28000434,0.0,,116.67,Nimet Siyez Buğdaylı Ekşi Mayalı Köy Ekmeği 330 G,a101
a101-28000860,0.0,,286.89,Dr.Oetker Bitter Çikolatalı Sos 122 G,a101
a101-28000861,0.0,,277.78,Original Gourmet Çikolatalı Kruvasan 6x45 G,a101
a101-28000862,0.0,,421.21,Pesotti Waffle 165 G,a101
a101-28000863,0.0,,400.0,Pesotti Profiterol Topları 100 G,a101
a101-28000865,0.0,,326.09,Eti Form Kızarmış Kepekli Ekmek 138 G,a101
a101-28000866,0.0,,272.73,Dr.Oetker Vanilyalı Pastacı Kreması 55 G,a101
a101-28000870,0.0,,245.0,Rich Corn Ay Çekirdekli Galeta 200 G,a101
a101-28000822,0.0,,600.0,Bompi Vanilya Aromalı Beze 90 G,a101
a101-28000304,0.0,,131.0,Nimet Kepekli Tost Ekmeği 500 G,a101
a101-28000305,0.0,,105.0,Nimet Kepekli Ekmek 400 G,a101
a101-28000307,0.0,,122.86,Nimet Tam Buğday Ekmeği 350 G,a101
a101-28000309,0.0,,88.06,Nimet Tost Ekmeği 670 G,a101
a101-28000310,0.0,,108.18,Nimet Köy Ekmeği 550 G,a101
a101-28000343,0.0,,198.0,Nimet Sütlü Mahlepli Kurabiye 500 G,a101
a101-28000377,0.0,,201.09,Uno Çok Tahıllı Ekmek 460 G,a101
a101-28000383,0.0,,272.41,Nimet Kavala Kurabiyesi 290 G,a101
a101-27003100,0.0,,388.89,Olips Extra Çilek Aromalı Şeker  45 G ,a101
a101-27003104,0.0,,875.0,Patiswiss Kola Patlayan Şeker Çikolata 40 G ,a101
a101-27003105,0.0,,1333.33,Eti İçibol Sütlü Badem Çikolata Bar 30 G ,a101
a101-28000435,0.0,,116.67,Nimet Tuzsuz Ekşi Mayalı Tam Buğday Ekmeği 330 G,a101
a101-28000294,0.0,,333.33,Kenton Krem Şanti 150 G ,a101
a101-28000437,0.0,,116.67,Nimet Çok Tahıllı Ekmek 330 G,a101
a101-28000438,0.0,,116.67,Nimet Kara Buğday Çavdarlı Ekmek 330 G,a101
a101-28000451,0.0,,279.2,Nimet Sade Grissini 125 G,a101
a101-28000452,0.0,,279.2,Nimet Kepekli Grissini 125 G,a101
a101-28000460,0.0,,198.0,Nimet Portakal Aromalı Kurabiye 500 G,a101
a101-28000461,0.0,,198.0,Nimet Hindistan Cevizli Çikolata Parçalı Kurabiye 500 G,a101
a101-28000463,0.0,,198.0,Nimet Tahinli Susamlı Kurabiye 500 G,a101
a101-28000465,0.0,,198.0,Nimet Tereyağlı Çörek Otlu Kurabiye 500 G,a101
a101-28000500,0.0,,278.0,Nimet Kakaolu Mini Kurabiye 250 G,a101
a101-28000501,0.0,,278.0,Nimet Mahlepli Susamlı Mini Kurabiye 250 G,a101
a101-28000502,0.0,,278.0,Nimet Ay Çekirdekli Mini Kurabiye 250 G,a101
a101-28000236,0.0,,105.0,Nimet Kepekli Ekmek 400 G,a101
a101-28000436,0.0,,116.67,Nimet Ekşi Maya Tam Buğday Ekmeği 330 G,a101
a101-28000992,0.0,,583.33,Üstad Damla Sakızlı Kurabiye 300 G ,a101
a101-28001014,0.0,,430.43,Wasa Fibre Gevrek Ekmek 230 G,a101
a101-28001015,0.0,,104.81,Chef Alberto Tortilla Lavaş 10'lu 520 G  ,a101
a101-28001017,0.0,,875.0,Altınmarka Kuvertür Bitter Çikolata 200 G,a101
a101-28001019,0.0,,101.28,Mutlukal Tam Buğdaylı Lavaş 6'lı 390 G ,a101
a101-28001022,0.0,,308.89,Ridada Glutensiz Karabuğday Ekmeği 450 G,a101
a101-28001049,0.0,,462.5,Mr.Waffle Karamel Sos 280 G ,a101
a101-28001052,0.0,,198.67,Untad İtalyan Usulü Lavaş 3'lü 375 G ,a101
a101-28001057,0.0,,316.67,Bey-Gah Beypazarı Kurusu Sade 300 G ,a101
a101-28001060,0.0,,65.0,Güzin Mısır Unu 500 G ,a101
a101-28001061,0.0,,165.28,Kenton Un Karışımı 3'ü 1 Arada 360 G,a101
a101-28000876,0.0,,131.67,CC 5 Dakika Hazır Mozaik Kalp Pasta Tabanı 4x75 G,a101
a101-28000900,0.0,,195.0,Kent Kabartma Tozu 10x10 G ,a101
a101-28000901,0.0,,290.0,Kent Şekerli Vanilin 10x5 G ,a101
a101-30000019,0.0,,833.33,"Nescafe 3'ü 1 Arada Sütlü Köpüklü Kahve 17,4 G",a101
a101-30000037,0.0,,781.25,Doğuş Earl Grey Demlik Poşet Çay 100'lü,a101
a101-30000038,0.0,,439.0,Çaykur Kamelya Çayı 1000 G,a101
a101-30000041,0.0,,295.0,Çaykur Altınbaş Çayı 2 KG ,a101
a101-30000047,0.0,,247.0,Cafex 3'ü 1 Arada Kahve 500 G,a101
a101-30000051,0.0,,458.0,Çaykur Tiryaki Siyah Çay 500 G,a101
a101-30000053,0.0,,308.75,Cafex 2'si 1 Arada Kahve 400 G ,a101
a101-30000075,0.0,,716.67,Nescafe 3'ü 1 Arada Sütlü Köpüklü Kahve 10'lu,a101
a101-30000076,0.0,,1172.73,Nescafe 2'si 1 Arada Zengin Tat Kahve 10'lu,a101
a101-30000097,0.0,,7500.0,Nescafe Gold Kahve 2 G,a101
a101-28000899,0.0,,173.91,Kent Kakaolu Puding 115 G ,a101
a101-28000887,0.0,,53.75,Nimet Mısır Unu 400 G,a101
a101-28000892,0.0,,105.0,Nimet Galeta Unu 400 G,a101
a101-28000896,0.0,,232.14,Untad Premium Tam Buğday Unlu Lavaş 8'li 560 G,a101
a101-28000897,0.0,,300.0,Kent Krem Şanti 2x75 G ,a101
a101-28000898,0.0,,241.67,Kent Çikolatalı Sos 120 G ,a101
a101-28000562,0.0,,31.8,Doruk Buğday Unu 5 Kg,a101
a101-28000578,0.0,,247.5,Nimet Elmalı Kurabiye 400 G,a101
a101-28000583,0.0,,32.5,Çağ Un Buğday Unu 2 Kg,a101
a101-28000907,0.0,,69.44,Söke Ulu Fırın Soft Tortilla Lavaş 8x45 G,a101
a101-28000914,0.0,,169.64,Untad Premium Tortilla Lavaş 8'li 560 G,a101
a101-28000916,0.0,,175.0,CC 5 Dk Hazır Mozaik Kalp Pasta 4x75 G ,a101
a101-28000920,0.0,,225.0,Kenton Hamur Kabartma Tozu 10x10 G ,a101
a101-28000991,0.0,,96.45,Söke Ulu Fırın Soft Tortilla Lavaş 6'lı 648 G   ,a101
a101-28000922,0.0,,650.0,Kenton Kakao 100 G ,a101
a101-28000923,0.0,,327.16,Kenton Profiterol Seti 243 G ,a101
a101-28000933,0.0,,35.8,Sinangil Un 5 Kg ,a101
a101-28000935,0.0,,203.85,Untad Zeytinli Çeşnili Tortilla Lavaş 390 G ,a101
a101-28000936,0.0,,203.85,Uno Geleneksel Lavaş 6'lı 390 G,a101
a101-28000939,0.0,,360.0,Wasa Sade Gevrek Ekmek 275 G ,a101
a101-28000944,0.0,,152.0,Dr.Oetker Zencefilli Tarçınlı Sade Kurabiye 500 G ,a101
a101-28000957,0.0,,109.72,Söke Ulu Fırın Tam Buğdaylı Lavaş 8'li 360 G,a101
a101-28000836,0.0,,383.33,Original Gourmet Blueberry Cookies 180 G,a101
a101-28000849,0.0,,392.0,Ülker Altınbaşak Çavdarlı Karabuğdaylı Grissini 125 G,a101
a101-28000857,0.0,,52.5,Söke Baklavalık ve Böreklik Buğday Un 1 Kg,a101
a101-28000988,0.0,,1083.33,Wasa Krem Peynirli Sandviç 30 G ,a101
a101-28000921,0.0,,390.0,Kenton Şekerli Vanilin 10x5 G ,a101
a101-27002973,0.0,,500.0,Fiskobirlik Fiskat Susamlı Krokan Bar 30 G ,a101
a101-27002974,0.0,,714.29,Şekerci Mustafa Sütlü Cipsli Çikolata 70 G,a101
a101-27002975,0.0,,714.29,Şekerci Mustafa Patlayan Şeker Çikolata 70 G ,a101
a101-27002976,0.0,,714.29,Şekerci Mustafa Çikolata Sütlü 70 G ,a101
a101-27002979,0.0,,812.5,Güllüoğlu Cevizli Draje Baklava 80 G,a101
a101-27002925,0.0,,1311.11,Kahve Dünyası Tambol Karışık Dolgulu Çikolata 225 G ,a101
a101-27002926,0.0,,877.78,Milka Biscoff Bisküvili Çikolata 90 G ,a101
a101-27002932,0.0,,1196.97,Vivident Tri Storming Mango Aromalı Sakız 33 G ,a101
a101-27002988,0.0,,937.5,Güllüoğlu Cevizli Baklava 80 G ,a101
a101-27002989,0.0,,900.0,Oneo Feel Free Karpuz Aromalı Sakız 50 G ,a101
a101-27002990,0.0,,900.0,Oneo Feel Free Nane Aromalı Sakız 50 G ,a101
a101-28000303,0.0,,176.19,Nimet Susamlı Hamburger Ekmeği 6x70 G,a101
a101-27002992,0.0,,416.67,Torku Delidolu Yer Fıstıklı Çikolata Bar 36 G ,a101
a101-27002993,0.0,,1153.85,Güllüoğlu Antep Fıstıklı Draje Baklava 65 G ,a101
a101-27002994,0.0,,1440.0,"Rocher Sütlü Fındıklı Çikolata 37,5 G ",a101
a101-27002995,0.0,,1037.5,Raffaello Hindistan Cevizli Beyaz Çikolata  40 G ,a101
a101-27002996,0.0,,897.44,Kinder Bueno Beyaz Çikolata 39 G ,a101
a101-27002998,0.0,,1272.73,Mentos Draje Sakız Çilek 22 G ,a101
a101-27002999,0.0,,1093.75,Eti Mini Çikolata Bol Sütlü 32 G ,a101
a101-27003000,0.0,,1632.65,Mentos Ekşi Portakal Sert Şeker 49 G ,a101
a101-27003003,0.0,,193.33,Bebeto Yumuşak Şeker Ekşi Kola 150 G ,a101
a101-27002956,0.0,,816.67,Tadelle Bitter Çikolata 60 G ,a101
a101-27002957,0.0,,1000.0,Miskets Labeby Gizemli Kutu Çikolata 30 G ,a101
a101-27002958,0.0,,816.67,Tadelle Sütlü Çikolata 60 G ,a101
a101-27002991,0.0,,3291.67,Fenomen Penguen Hediyeli Şeker 12 G ,a101
a101-27002838,0.0,,756.67,Twix Çikolata Bar 3x50 G ,a101
a101-27002839,0.0,,756.67,Snickers Çikolata Bar 3x50 G ,a101
a101-27002933,0.0,,156.0,Bebeto Baklava Tadında Şekerleme 250 G ,a101
a101-27002934,0.0,,362.5,Bebeto Dondurma Yumuşak Şeker 80 G ,a101
a101-27002935,0.0,,1128.57,Bebeto Ekşi Narenciye Aromalı Yumuşak Şeker 35 G ,a101
a101-27002941,0.0,,589.23,"First Infinity Çilekli Sakız 29,7 G ",a101
a101-27002943,0.0,,1166.67,Vivident Storming Ahududu Limon Sakız 33 G ,a101
a101-27002945,0.0,,462.96,Big Babol Ekşi Elma Sakız 27 G ,a101
a101-27002946,0.0,,629.03,Seven Stick Karpuz Aromalı Sakız 31 G ,a101
a101-27002947,0.0,,823.05,"Seven Stick Karpuz Aromalı Sakız 12,15 G ",a101
a101-27002948,0.0,,629.03,Seven Stick Nane Aromalı Sakız 31 G ,a101
a101-27002949,0.0,,823.05,"Seven Stick Nane Aromalı Sakız 12,15 G ",a101
a101-27002968,0.0,,245.0,Haribo Futbool Yumuşak Şeker 200 G,a101
a101-27002954,0.0,,757.58,Cino File Çikolata Balık Şekilli 33 G ,a101
a101-27002955,0.0,,757.58,CC Kalp Şekilli File Çikolata 33 G ,a101
a101-27002882,0.0,,500.0,Sweeto Ekşi Kolalı Marshmallow 20 G ,a101
a101-27002883,0.0,,350.0,Sweeto Ekşi Meyvel Aromalı Yumuşak Şeker 100 G ,a101
a101-27002888,0.0,,1041.67,Şekerci Mustafa Meyveli Şekilli Çikolata 120 G ,a101
a101-27002959,0.0,,883.33,Tadelle Sütlü Fındıklı Çikolata 60 G ,a101
a101-27002960,0.0,,666.67,Kral Beyaz Çikolatalı Fındıklı Lokum 225 G ,a101
a101-27002961,0.0,,1000.0,Gol Sütlü Fındıklı Draje 125 G ,a101
a101-27002963,0.0,,1053.57,Nutella Go Çubuk Çikolata 28 G,a101
a101-27002965,0.0,,8900.0,Flipperz Hello Kitty Şeker 10 G,a101
a101-27002966,0.0,,306.25,Haribo Marshmallow Karamel Yumuşak Şeker 160 G,a101
a101-27002967,0.0,,245.0,Haribo Şeftali Kayısı Yumuşak Şeker 200 G,a101
a101-27002953,0.0,,1250.0,Akaş Çilek Patlayan Sert Şeker 4 G ,a101
a101-27003098,0.0,,388.89,Olips Extra Bal Limon Aromalı Şeker  45 G ,a101
a101-27003099,0.0,,388.89,Olips Extra Şeftali Frambuaz Aromalı Şeker  45 G ,a101
a101-27003004,0.0,,233.33,Bebeto Yumuşak Şeker Solucan Meyve 150 G ,a101
a101-27003006,0.0,,1036.04,Ülker Çokonat Fındıklı Çikolata 111 G ,a101
a101-27003007,0.0,,898.88,Ülker Karamelli Portakallı Çikolata 89 G ,a101
a101-28000001,0.0,,454.55,Eti Etimek 143 G,a101
a101-28000019,0.0,,266.3,Nimet Tandır Lavaş Ekmeği 4'lü 276 G,a101
a101-28000020,0.0,,198.0,Nimet Yağlı Gevrek 500 G,a101
a101-28000142,0.0,,33.75,Eriş Çok Amaçlı Buğday Unu 2 KG,a101
a101-28000191,0.0,,106.67,Nimet Köy Ekmeği 600 G,a101
a101-28000193,0.0,,122.86,Nimet Tam Buğday Ekmeği 350 G,a101
a101-28000195,0.0,,176.19,Nimet Susamlı Hamburger Ekmeği 6x70 G,a101
a101-27003010,0.0,,930.23,Ülker Albeni Karamelli Fındıklı Çikolata 86 G ,a101
a101-28000197,0.0,,153.85,Nimet Sandviç Ekmeği 7x65 G,a101
a101-28000200,0.0,,166.67,Nimet Hamburger Ekmeği 8x54 G,a101
a101-28000219,0.0,,197.5,Nimet Susamlı Galeta 200 G,a101
a101-28000230,0.0,,200.0,Nimet Kepekli Galeta 200 G,a101
a101-28000231,0.0,,200.0,Nimet Sade Galeta 200 G,a101
a101-27003051,0.0,,1250.0,Oneo Draje Damla Sakız 60 G ,a101
a101-27003054,0.0,,226.92,Ülker Yupo Kappi Yumuşak Meyveli Şeker 130 G ,a101
a101-27003056,0.0,,991.67,Miskets Sütlü Çikolata 60 G ,a101
a101-28000298,0.0,,49.5,Söke Gelenek Tam Buğday Unu 2 Kg,a101
a101-28000299,0.0,,247.5,Nimet Süt Kaymaklı Kurabiye 400 G,a101
a101-28000301,0.0,,77.5,Nimet Çavdarlı Ekmek 400 G,a101
a101-28000302,0.0,,166.67,Nimet Hamburger Ekmeği 8x54 G,a101
a101-28000196,0.0,,131.0,Nimet Kepekli Tost Ekmeği 500 G,a101
a101-27003012,0.0,,812.5,Ozmo Popsy Draje Çikolata 24 G  ,a101
a101-27003016,0.0,,942.31,Tadelle Çikolata Bar King Size 52 G  ,a101
a101-27003021,0.0,,930.23,Ülker Albeni Karamelli Çikolata 86 G ,a101
a101-27003022,0.0,,824.74,Ülker Cocostar Çikolatalı Bisküvi 97 G ,a101
a101-27003027,0.0,,487.5,Tempo Susam Krokan Bar 40 G ,a101
a101-27003028,0.0,,687.5,Pike Hindistan Cevizli Bar 32 G ,a101
a101-27003029,0.0,,750.0,Şölen Crazy Sütlü Çikolata 20 G  ,a101
a101-27003031,0.0,,1250.0,Oneo Slims Limonata Sakız 14 G ,a101
a101-27003036,0.0,,12375.0,Bonibox Little Pony Lolipop 8 G ,a101
a101-27003041,0.0,,813.95,Kinder Bueno Bitter Çikolata 43 G ,a101
a101-27003047,0.0,,1022.73,Oneo Bubble Mini Ekşi Sakız 48 G ,a101
a101-27003049,0.0,,1704.55,Oneo Draje Nane Sakız 44 G ,a101
a101-27003097,0.0,,482.14,Olips Limon Portakal Şeker 28 G ,a101
a101-27002986,0.0,,1187.5,Güllüoğlu Bitter Çikolatalı Baklava 80 G ,a101
a101-27002987,0.0,,1187.5,Güllüoğlu Beyaz Çikolatalı Baklava 80 G ,a101
a101-27003062,0.0,,1283.33,Nestle Bol Sütlü Çikolata 60 G,a101
a101-27003063,0.0,,1283.33,Nestle Beyaz Çikolata 60 G,a101
a101-27003078,0.0,,625.0,Lokum Aşkı Lokum 200 G,a101
a101-27003081,0.0,,1150.0,Ülker Laviva Bisküvili Çikolata 100 G ,a101
a101-27003082,0.0,,1287.88,Nestle Kitkat Çikolata F1 Car 6x11 G ,a101
a101-27003089,0.0,,200.0,Pıt Pıt Şeftali Halka Şeker 160 G ,a101
a101-27003091,0.0,,1190.0,Miskets Tavuk Şekilli Çikolata 50 G ,a101
a101-27003093,0.0,,1180.0,Corny Antep Fıstıklı Beyaz Çikolatalı Tahıl Bar 25 G ,a101
a101-27003094,0.0,,1260.0,Popçik Patlayan Şekerli Çikolata Bar 150 G ,a101
a101-27003096,0.0,,1175.0,Bonvio Yumurta Çikolata Mini Usta 20 G ,a101
a101-27002984,0.0,,983.33,Elit Dondurma Çubuğunda Çilek Aromalı Krema Dolgulu Sütlü Çikolata 30 G,a101
a101-30000958,0.0,,1000.0,Nescafe 2'si 1 Arada Kahve 20'li,a101
a101-30000875,0.0,,2632.35,Doğadan Ayvalı Ihlamur Çayı 20'li,a101
a101-30000876,0.0,,1455.88,Mest Açai Ananaslı Yeşil Çay 20'li,a101
a101-30000877,0.0,,1095.0,Nescafe Taster's Choice Kahve 100 G,a101
a101-30000967,0.0,,4831.58,Jacobs Southeast Origins Kahve 95 G,a101
a101-30000968,0.0,,1031.25,Lipton Early Grey Demlik Poşet Çay 100'lü,a101
a101-30000970,0.0,,2237.5,Teekanne Şeftali Karışık Meyve Çayı 20'li ,a101
a101-30000974,0.0,,2237.5,Teekanne Yaban Mersini Karışık Meyve Çayı 20'li ,a101
a101-30000975,0.0,,695.0,Cafe Crown Türk Kahvesi 100 G,a101
a101-30000976,0.0,,295.0,Çaykur Rize Turist Çayı 2 Kg,a101
a101-30000977,0.0,,3125.0,Cafe Crown Vanilya Aromalı Matcha Latte 8 G ,a101
a101-30000109,0.0,,781.82,Nescafe 3'ü 1 Arada Extra Kahve 10'lu,a101
a101-30000979,0.0,,538.76,"Cafe Crown Caramel Latte 21,5 G ",a101
a101-30000980,0.0,,3125.0,Cafe Crown Çilek Aromalı Matcha Latte 8 G ,a101
a101-30000981,0.0,,416.67,Cafe Crown Fındıklı Çözünebilir Kahve 18'li,a101
a101-30000982,0.0,,966.67,Cafe Crown Hindiba Çözünebilir Kahve 150 G,a101
a101-30000983,0.0,,353.33,Doğuş Demli Yoğun Lezzet Demlik Poşet Çay 30x15 G,a101
a101-30000924,0.0,,1599800.0,Tchibo Gold Selection Çekirdek Kahve 500 G ,a101
a101-30000925,0.0,,1499.0,Tchibo Gold Selection Çekirdek Kahve 1 Kg ,a101
a101-30000926,0.0,,937.34,Doğuş Gurme Demlik Poşet Çay 100'lü ,a101
a101-30001010,0.0,,796.0,Dripesso Special Blend Filtre Kahve 250 G,a101
a101-30001011,0.0,,565.71,Dripesso No:4 Kahve Filtre Kağıdı 80'li,a101
a101-30001012,0.0,,568.57,Nescafe Gold Çözünebilir Kahve Yumuşak İçim 10'lu 175 G,a101
a101-30001013,0.0,,565.34,Nescafe Gold Çözünebilir Kahve Yoğun İçim 10'lu 176 G,a101
a101-30000978,0.0,,383.72,"Cafe Crown Nut Latte 21,5 G ",a101
a101-30000883,0.0,,339.8,Çaykur Tiryaki Çay 5 Kg,a101
a101-30000884,0.0,,468.75,Kahve Dünyası 2'si 1 Arada Toz Kahve 8'li,a101
a101-30000893,0.0,,940.0,Cafex Filtre Kahve 250 G ,a101
a101-30000896,0.0,,920.0,Cafex Çekirdek Kahve 250 G ,a101
a101-30000897,0.0,,920.0,Cafex Çekirdek Kahve 250 G,a101
a101-30000898,0.0,,940.0,Cafex Filtre Kahve 250 G,a101
a101-30000901,0.0,,264.44,Nesquik Kakao Toz İçecek 450 G,a101
a101-30000902,0.0,,3390.0,Tchibo Gold Selection Kahve 100 G,a101
a101-30000903,0.0,,450.0,Cafe Crown Tahinli Türk Kahvesi 100 G,a101
a101-30000904,0.0,,1006.67,Nescafe 2'si 1 Arada Zengin Tat Kahve 15'li,a101
a101-30000905,0.0,,249.95,Efor Geleneksel Karadeniz Çayı 1 Kg,a101
a101-30000815,0.0,,661.9,Nescafe Choco Ice Kahve 10'lu,a101
a101-30000957,0.0,,1000.0,Kahve Dünyası Türk Kahvesi 4x100 G + Kutu Fincan Hediyeli,a101
a101-30000838,0.0,,1031.25,Lipton Yellow Label Demlik Poşet Çay 100'lü,a101
a101-30000935,0.0,,1190.0,Nescafe Black Roast Kahve 50 G ,a101
a101-30000936,0.0,,2644.44,Nescafe Kahve Classic & Gold & Coffee Mate 15'li,a101
a101-30000938,0.0,,1490.0,Nescafe Classic Kavanoz Kahve 100 G + Kırmızı Kupa,a101
a101-30000939,0.0,,2250.0,Nescafe Gold Kahve 100 G + Bardak Hediyeli ,a101
a101-30000940,0.0,,517.58,Bentota Seylan Demlik Poşet Çay 48'li ,a101
a101-30000941,0.0,,990.0,Bentota Seylan Bardak Poşet Çay 25'li ,a101
a101-30000942,0.0,,895.0,Üstad Türk Kahvesi 100 G ,a101
a101-30000943,0.0,,556.0,Dripesso Colombia Filtre Kahve 250 G ,a101
a101-30000944,0.0,,2995.0,Nescafe Klasik 200 G ,a101
a101-30000945,0.0,,610.94,Doğadan Gizli Bahçe Poşet Demlik Çay 100'lü ,a101
a101-30000956,0.0,,571.43,Nescafe 3'ü 1 Arada Original Kahve 20'li,a101
a101-30000828,0.0,,3793.1,Doğadan Papatya Çay 20'li,a101
a101-30001009,0.0,,833.33,Anisah Coffee Kolejenli Hindiba Kahvesi 150 G ,a101
a101-30001075,0.0,,3124.5,Starbucks House Blend Filtre Kahve 200 G ,a101
a101-30001076,0.0,,3124.5,Starbucks Colombia Filtre Kahve 200 G ,a101
bal-850g-a101,0.0,0.0,234.12,Kozan Kooperatif Süzme Çiçek Balı 850 g,a101
bal-balparmak-850g,0.0,0.0,822.94,Balparmak Yayla ve Ova Çiçek Balı 850 G,migros
bulasik-deterjani-1500ml-a101,0.0,0.0,159.33,Bingo Premium Lime Bulaşık Deterjanı 1500 ml,a101
camasir-deterjani-1500ml-a101,0.0,0.0,166.0,Omo Beyaz & Renkliler Sıvı Deterjan 1500 ml,a101
camasir-deterjani-mroxy-1480ml,0.0,0.0,129.95,Mr.Oxy Arap Sabunu Soda Katkılı Çamaşır Deterjanı Beyazlar 1.480 Ml,migros
a101-30001027,0.0,,2875.0,Teekanne Limon Çayı 20'li 40 G ,a101
a101-30001028,0.0,,566.67,Sahure Hanım Türk Kahvesi 3x100 G ,a101
a101-30001029,0.0,,906.98,"Starbucks Vanilla Latte 21,5 G",a101
cikolata-sutlu-60g-a101,0.0,0.0,1150.0,Ülker Sütlü Çikolata 60 g,a101
a101-30001015,0.0,,695.0,Hisar Kahve Türk Kahvesi 100 G ,a101
dana-kiyma-1kg-a101,0.0,0.0,645.0,Ettat Dana Kıyma Dondurulmuş 1 kg,a101
dis-macunu-75ml-a101,0.0,0.0,2000.0,Sensodyne Diş Macunu 75 ml,a101
domates-a101,0.0,0.0,49.5,Domates kg,a101
ekmek-200g-a101,0.0,0.0,80.0,Ekmek 200 g,a101
ekmek-sofra-adet,0.0,0.0,20.0,Sofra Ekmek Adet,migros
elma-gala-kg,0.0,0.0,59.95,Elma Gala Kg,migros
karabiber-75g-a101,0.0,0.0,766.67,Diyar Baharat Karabiber 75 g,a101
karabiber-knorr-60g,0.0,0.0,1999.17,Knorr Baharat Serisi Karabiber 60 G,migros
a101-30001072,0.0,,5555.56,Doğadan Yeşil Çay Şeftali Çarkıfelek 18'li ,a101
a101-30001073,0.0,,657.14,Cafe Crown 3'ü 1 Arada Kahve 10'lu ,a101
a101-30001074,0.0,,1045.45,Cafe Crown 2'si 1 Arada Kahve 10'lu ,a101
kola-zero-6li-a101,0.0,0.0,183.33,Coca-Cola Zero 6x250 ml,a101
cikolata-ulker-sutlu-60g,0.0,0.0,1165.83,Ülker Bol Sütlü Kare Çikolata 60 G,migros
a101-30001016,0.0,,718.59,Beta Kızıl Dem Demlik Poşet Çay 100'lü,a101
a101-30001017,0.0,,1250.0,Dripon Pratik Filtre Kahve 8 G ,a101
a101-30001019,0.0,,600.0,Cafex Kahve Beyazlatıcı 5 G ,a101
a101-30001020,0.0,,1860.0,Nescafe Gold Bardak Hediyeli 150 G,a101
a101-30001023,0.0,,9180.0,Doğadan Matcha Yeşil Çay Tozu Yumuşak İçimli 25 G ,a101
a101-30001024,0.0,,9180.0,Doğadan Matcha Yeşil Çay Tozu Çilek Aromalı 25 G ,a101
a101-30001025,0.0,,845.0,Dripesso Espresso Çekirdek Kahve 1 Kg,a101
a101-30001026,0.0,,1987.5,Teekanne Kiraz Aromalı Karışık Meyve Çayı 20'li 40 G ,a101
a101-30000959,0.0,,4700.85,Doğadan Mango & Lime Yeşil Çay 18'li ,a101
a101-30000960,0.0,,733.33,Şekeroğlu Minnettar Hindiba Kahvesi 150 G ,a101
a101-30000965,0.0,,437.5,Çaykur Tiryaki Çay 2 Kg,a101
a101-30001030,0.0,,1083.33,Starbucks Cappuccino 18 G,a101
a101-30001008,0.0,,1999.75,Jacobs Barista Medium Filtre Kahve 200 G,a101
a101-30001032,0.0,,847.83,Starbucks Premium Kahve Karışımı Hazelnut Mocha 23 G ,a101
a101-30001060,0.0,,1590.0,Cafe Crown Hindiba Kolajenli Kahve 100 G ,a101
a101-30001061,0.0,,718.0,Cafe Crown Türk Kahvesi 250 G ,a101
a101-30001062,0.0,,3125.0,Cafe Crown Matcha Latte Karadut 8 G,a101
a101-30001063,0.0,,3125.0,Cafe Crown Matcha Latte Mango 8 G,a101
a101-30001065,0.0,,508.52,Cafe Crown 2'si 1 Arada 16'lı ,a101
a101-30001066,0.0,,310.76,Cafe Crown 3'ü 1 Arada Fındıklı 16'lı ,a101
a101-30001068,0.0,,319.64,Cafe Crown 3'ü 1 Arada 16'lı ,a101
a101-30001069,0.0,,4074.07,Doğadan Form Çay Mango Şeftali Aromalı Avokado Yaprağı 18'li ,a101
a101-30001070,0.0,,4700.85,Doğadan Form Çayı Çilek Yaban Mersini 18'li ,a101
a101-30001071,0.0,,4700.85,Doğadan Yeşil Çay Tropikal Tatlar 18'li ,a101
a101-30000984,0.0,,770.83,Starbucks White Mocha Tekli Kahve Karışımı 24 G,a101
a101-30001031,0.0,,578.54,Nescafe Sütlü Köpüklü 3'ü 1 Arada 15'li,a101
a101-30000421,0.0,,305.56,Cafex Mocha Çikolatalı Sütlü Kahve 18 G,a101
a101-30000427,0.0,,1250.0,Nescafe Cappuccino 14 G,a101
a101-30000429,0.0,,500.0,Keyfe Güllü Lokumlu Türk Kahvesi 100 G,a101
a101-30000430,0.0,,500.0,Keyfe Damla Sakızlı Kahve Türk 100 G,a101
a101-30000449,0.0,,2990.0,Nescafe Taster's Choice Granül Kahve 100 G,a101
a101-30000452,0.0,,695.0,Keyfe Türk Kahvesi 100 G,a101
a101-30000453,0.0,,636.0,Keyfe Özel Seri Türk Kahvesi 250 G,a101
a101-30000458,0.0,,860.0,Karadem Bardak Poşet Çay 25'li,a101
a101-30000147,0.0,,882.35,Nescafe 3'ü 1 Arada Fındıklı Kahve 17 G,a101
a101-30000148,0.0,,930.0,Kahve Dünyası Türk Kahvesi 100 G,a101
a101-30000165,0.0,,1237.5,Mest Form Kayısılı Bitki Çayı 20'li,a101
a101-30000882,0.0,,1399.0,Ahmadtea English Breakfast Bardaklı Poşet Çay 25'li,a101
a101-30000490,0.0,,517.24,"Let's Choco Kakaolu Toz İçecek 14,5 G",a101
a101-30000493,0.0,,341.95,Nescafe 3'ü 1 Arada Sütlü Köpüklü Kahve 20'li,a101
a101-30000494,0.0,,1990.0,Nescafe Matinal Kahve 100 G,a101
a101-30000495,0.0,,495.0,Karadem Tomurcuk Çay Ekonomik Paket 100 G,a101
a101-30000496,0.0,,719.0,Bentota Opa Seylan Çayı 500 G,a101
a101-30000497,0.0,,1562.5,Cafex Medium Roast Tek İçimlik Filtre Kahve 8 G,a101
a101-30000502,0.0,,2600.0,Lipton Yellow Label Bardak Poşet Çay 25'li,a101
a101-30000503,0.0,,1980.0,Lipton Earl Grey Bardak Poşet Çay 25'li,a101
a101-30000505,0.0,,1045.75,Lipton Yellow Label Demlik Poşet Çay 48'li,a101
a101-30000509,0.0,,1414.29,Mest Yeşil Çay 20'li,a101
a101-30000510,0.0,,997.14,Mest Nane Limonlu Yeşil Çay 20'li,a101
a101-30000523,0.0,,650.0,Kocatepe Türk Kahvesi 3x100 G,a101
a101-30000478,0.0,,1562.5,Cafex Dark Roast Tek İçimlik Filtre Kahve 8 G,a101
a101-30000122,0.0,,312.5,Çaykur Mezopotamya Çayı 400 G,a101
a101-30000132,0.0,,480.0,Cafex Cappuccino Çikolata Parçacıklı Kahve 25 G,a101
a101-28000959,0.0,,477.78,Mehmet Reis Susamlı Kıtır Simit 135 G,a101
a101-28000962,0.0,,397.5,Tadal Tahinli Kurabiye 200 G ,a101
a101-28000968,0.0,,196.81,Uno Süper Tost Ekmeği 470 G,a101
a101-30000191,0.0,,4999.5,Jacobs Monarch Gold Kahve 100 G,a101
a101-30000203,0.0,,374.95,Çaykur Filiz Çay 1 Kg,a101
a101-30000204,0.0,,845.0,Çaykur Altınbaş Demlik Poşet Çay 40'lı ,a101
a101-30000207,0.0,,1040.0,Kahve Dünyası Türk Kahvesi 250 G,a101
a101-30000226,0.0,,277.78,Cafex 3'ü 1 Arada Kahve 18 G,a101
a101-30000229,0.0,,277.78,Cafex 3'ü 1 Arada Fındıklı Kahve 18 G,a101
a101-30000230,0.0,,247.5,Cafex Kahve Beyazlatıcısı 200 G,a101
a101-30000360,0.0,,3055.56,Doğadan Form Kayısılı Poşet Çay 20'li,a101
a101-30000282,0.0,,479.0,Doğuş Gurme Çay 1 Kg,a101
a101-30000297,0.0,,737.5,Cafex Fındık Aromalı Filtre Kahve 8 G,a101
a101-30000299,0.0,,497.5,Keyfe Sütlü Osmanlı Dibek Kahvesi 200 G,a101
a101-30000303,0.0,,636.67,Keyfe Sütlü Menengiç Kahvesi 150 G,a101
a101-30000304,0.0,,737.5,Cafex Sütlü Çikolata Aromalı Filtre Kahve Tek İçimlik 8 G,a101
a101-28001064,0.0,,205.56,Uno Çok Tahıllı Ekmek 450 G,a101
a101-30000012,0.0,,1580.0,Jacobs Selection Filtre Kahve 250 G,a101
a101-30000016,0.0,,630.0,Çaykur Altınbaş Çay 500 G,a101
a101-30000347,0.0,,3490.0,Jacobs Cronat Gold Kahve 100 G,a101
a101-30000351,0.0,,5000.0,Doğadan Yumuşak İçimli Poşet Çay 20'li,a101
a101-30000356,0.0,,2094.74,Jacobs Velvet Instant Kahve 95 G,a101
a101-30000359,0.0,,3235.29,Doğadan Açai ve Ananaslı Yeşil Poşet Çay 20'li,a101
a101-30000261,0.0,,515.62,Doğuş Karadeniz Demlik Poşet Çay 100'lü,a101
a101-30000776,0.0,,1029.41,Nescafe Mocha 17 G,a101
a101-30000777,0.0,,1206.9,"Nescafe Latte 14,5 G",a101
a101-30000802,0.0,,454.25,Nescafe Mocha 9'lu,a101
a101-30000806,0.0,,1599.8,Tchibo Gold Selection Filtre Kahve 250 G,a101
a101-30000811,0.0,,3666.67,Doğadan Form Kiraz Saplı Çay 20'li,a101
a101-30000524,0.0,,1350.0,Nescafe Blend 37 Granül Kahve 80 G,a101
a101-30000529,0.0,,323.53,Cafex Instant Latte Sütlü Köpüklü Kahve 17 G,a101
a101-30000530,0.0,,1642.86,Keyfe Sade Hazır Türk Kahvesi 7 G,a101
a101-30000847,0.0,,738.28,Jacobs 3'ü 1 Arada Kahve 16'lı,a101
a101-30000848,0.0,,1125.0,Jacobs 2'si 1 Arada Kahve 16'lı,a101
a101-30000849,0.0,,523.81,Nescafe Toffee Nut Ice Kahve 10'lu,a101
a101-30000857,0.0,,1700.0,Nescafe Fine Blend Yumuşak İçim Kahve 70 G,a101
a101-30000314,0.0,,323.53,Cafex Instant Latte Sütlü Köpüklü Kahve 17 G,a101
a101-30000860,0.0,,408.82,Nescafe 3'ü 1 Arada Fındık Aromalı Kahve 10'lu,a101
a101-30000863,0.0,,283.95,Dr. Oetker Salep Toz Karışım 243 G,a101
a101-30000864,0.0,,1305.56,Starbucks Caffe Latte Tekli Kahve Karışımı 18 G,a101
a101-30000865,0.0,,1021.74,Starbucks Caramel Latte Tekli Kahve Karışımı 23 G,a101
a101-30000866,0.0,,1068.18,Starbucks Coffe Mocha Tekli Kahve Karışımı 22 G,a101
a101-30000868,0.0,,3320.0,Tchibo Gold Selection Kahve 75 G ,a101
a101-30000869,0.0,,750.0,Kahve Dünyası Türk Kahvesi 3x100 G+Draje 60 G,a101
a101-30000874,0.0,,476.0,Tchibo Black'n White Filtre Kahve 250 G,a101
a101-30000619,0.0,,2704.55,Doğadan Nar ve Yaban Mersinli Çay 20'li,a101
a101-30000637,0.0,,925.0,Kahve Dünyası Türk Kahvesi 4x100 G,a101
a101-30000638,0.0,,1290.0,Nescafe 2'si 1 Arada Sütlü Köpüklü Kahve 10'lu,a101
a101-30000878,0.0,,545.0,Nestle 2'si 1 Arada 20'li+Kırmızı Kupa,a101
a101-30000859,0.0,,988.51,Nescafe Sütlü Köpüklü Latte 9'lu,a101
a101-30000328,0.0,,497.5,Keyfe Dibek Kahvesi 200 G,a101
a101-30000334,0.0,,2190.0,İnci Ihlamur 50 G,a101
a101-30000531,0.0,,1277.78,Keyfe Orta Hazır Türk Kahvesi 9 G,a101
a101-30000533,0.0,,333.33,"Keyfe Hazır Sütlü Şekerli Türk Kahvesi 22,5 G",a101
a101-30000544,0.0,,695.0,Keyfe Türk Kahvesi 100 G,a101
a101-30000560,0.0,,290.18,Nestle Toz Sıcak Çikolata 224 G,a101
a101-30000561,0.0,,309.52,Nestle Toz Salep 210 G,a101
a101-30000571,0.0,,310.94,Ofçay Tiryaksine Demlik Poşet Çay 100'lü,a101
a101-30000573,0.0,,742.19,Jacobs 3'ü 1 Arada Kahve 10'lu,a101
a101-30000574,0.0,,1130.95,Jacobs 2'si 1 Arada Kahve 10'lu,a101
a101-30000579,0.0,,300.0,Karadem Filiz Çay 500 G,a101
a101-30000589,0.0,,289.0,Karadem Rize Çayı 1000 G,a101
a101-30000746,0.0,,1750.0,Doğadan Limonlu Yeşil Çay 20'li,a101
a101-30000591,0.0,,293.5,Karadem Filiz Çay 1000 G,a101
a101-30000607,0.0,,312.5,Kahve Dünyası 3'ü 1 Arada Toz Kahve 8'li,a101
a101-30000461,0.0,,1090.0,Cafex Gold Çözünebilir Kahve 100 G,a101
a101-30000462,0.0,,1050.0,Cafex Klasik Çözünebilir Kahve 100 G,a101
a101-30000471,0.0,,416.67,Cafex 2'si 1 Arada Kahve 12 G,a101
a101-30000642,0.0,,1500.0,Nescafe 2'si 1 Arada Sütlü Köpüklü Kahve 10 G,a101
a101-30000661,0.0,,1058.0,Kocatepe Teneke Türk Kahvesi 250 G,a101
a101-30000703,0.0,,287.36,"Cafex 3'ü 1 Arada Sütlü Köpüklü Kahve 17,4 G",a101
a101-30000712,0.0,,1562.5,Cafex Medium Roast Tek İçimlik Filtre Kahve 8 G,a101
a101-30000713,0.0,,1562.5,Cafex Dark Roast Tek İçimlik Filtre Kahve 8 G,a101
a101-30000733,0.0,,3500.0,Cafex Gold Kahve 2 G,a101
a101-30000736,0.0,,299.0,Çaykur Çaycı Siyah Çay 1 Kg,a101
a101-30000590,0.0,,279.0,Karadem Harman Çay 1000 G,a101
migros-05030315,0.0,,379.9,Barilla Lazanya (Lasagne) Makarna 500 G,migros
migros-05030323,0.0,,539.8,Barilla Pappardelle Makarna 250 G,migros
migros-05030324,0.0,,269.9,Barilla Mafaldine Makarna 500 G,migros
migros-05030327,0.0,,164.88,Barilla Tam Buğday Burgu Makarna (Integrale Fusilli) 400 G,migros
migros-05030328,0.0,,164.88,Barilla Tam Buğday Spagetti (Integrale Spaghetti) Makarna No.5 400 G,migros
migros-05030206,0.0,,75.9,Nuh'un Ankara Tel Şehriye 500 G,migros
migros-05030332,0.0,,105.9,Pastavilla Mini Midye Makarna 500G,migros
migros-05030336,0.0,,131.9,Barilla Tortiglioni (Kalın Kesme) Makarna 500 G,migros
migros-05030340,0.0,,131.9,Barilla Fusilli (Burgu) Makarna 500 G,migros
migros-05030341,0.0,,131.9,Barilla Deniz Kabuğu (Gnocchetti) Makarna 500 G,migros
migros-05030342,0.0,,131.9,Barilla Penne Rigate (Kalem) Makarna 500 G,migros
migros-03134374,0.0,,1873.75,Migros Kuşburnu Bardak Poşet Çay 20'li 40 G,migros
migros-05030345,0.0,,131.9,Barilla Pipette (Bukle) Makarna 500 G,migros
migros-05030346,0.0,,131.9,Barilla Mini Midye Makarna (Conchiglie Rigate) 500 G,migros
migros-05030347,0.0,,131.9,Barilla Kelebek (Farfalle) Makarna 500 G,migros
migros-05030348,0.0,,131.9,Barilla Arpa Şehriye (Risoni) 500 G,migros
migros-05030349,0.0,,131.9,Barilla Linguine (Yassı) Spagetti Makarna No.13 500 G,migros
migros-05030350,0.0,,75.9,Filiz Kuskus Makarna 500 G,migros
migros-05030351,0.0,,75.9,Filiz Boncuk Makarna 500 G,migros
migros-05030352,0.0,,75.9,Filiz Burgu Makarna 500 G,migros
migros-05030353,0.0,,75.9,Filiz Fırın Makarna 500 G,migros
migros-05030268,0.0,,589.39,Knorr Çabuk Mac & Cheese Peynirli Makarna 212 G,migros
migros-05030355,0.0,,75.9,Filiz İnce Uzun Makarna 500 G,migros
migros-05030356,0.0,,75.9,Filiz Spagetti (Çubuk) Makarna 500 G,migros
migros-05030344,0.0,,131.9,Barilla Spagetti (Spaghetti) Makarna No.5 500 G,migros
migros-05030207,0.0,,75.9,Nuh'un Ankara Arpa Şehriye 500 G,migros
migros-05030208,0.0,,75.9,Nuh'Un Ankara Spagetti Makarna 500 G,migros
migros-05030210,0.0,,75.9,Nuh'un Ankara Fiyonk 500 G,migros
migros-05030211,0.0,,75.9,Nuh'un Ankara Burgu Makarna 500 G,migros
migros-05030212,0.0,,75.9,Nuh'un Ankara Yüksük Kesme Makarna 500 G,migros
migros-05030214,0.0,,75.9,Nuh'un Ankara İnce Uzun Makarna 500 G,migros
migros-05030215,0.0,,75.9,Nuh'un Ankara Boncuk Makarna 500 G,migros
migros-05030218,0.0,,75.9,Nuh'un Ankara Kelebek Makarna 500 G,migros
migros-05030237,0.0,,399.8,Hüma Organik Karışık Sebzeli Makarna 250 G,migros
migros-05030248,0.0,,422.11,Barilla Tagliatelle Makarna 450 G,migros
migros-05030256,0.0,,101.9,Veronellı Penne Makarna 500 G,migros
migros-05030257,0.0,,101.9,Veronellı Burgu Makarna500 G,migros
migros-05030314,0.0,,379.9,Barilla Fettuccine (Fettucini) Makarna 500 G,migros
migros-05030261,0.0,,101.9,Veronelli Arpa Şehriye 500 G,migros
migros-05030264,0.0,,459.8,Hüma Organik Karışık Sebzeli Fettuccine 250 G,migros
migros-05030144,0.0,,73.9,Mutlu Çarliston Makarna 500 G,migros
migros-05030273,0.0,,79.9,Migros Erişte 500 G,migros
migros-05030281,0.0,,109.9,Makaroma Spaghetti Makarna 500 G,migros
migros-05030282,0.0,,109.9,Makaroma Penne Rigate (Kalem) 500 G,migros
migros-05030286,0.0,,109.9,Makaroma Fusilli Grandi (Burgu) 500 G,migros
migros-05030287,0.0,,194.14,Makaroma Tri Color Sebzeli Burgu Rotini Makarna 350 G,migros
migros-05030288,0.0,,706.0,Gümöz Enginarlı Erişte 250 G,migros
migros-05030289,0.0,,565.5,Gümöz Enginarlı Erişte 500 G,migros
migros-05030298,0.0,,278.57,Dudomi Körili Noodle 70G Poşet,migros
migros-05030313,0.0,,239.9,Barilla Castellane Makarna 500 G,migros
migros-05030259,0.0,,101.9,Veronelli Spaghetti Makarna 500 G,migros
migros-05030573,0.0,,239.9,Riscossa Penne Rigate Kalem Makarna 500 G,migros
migros-05030575,0.0,,239.9,Riscossa Farfalle Kelebek Makarna 500 G,migros
migros-05030354,0.0,,75.9,Filiz Fiyonk Makarna 500 G,migros
migros-05030581,0.0,,399.9,Garofalo High Protein Spaghetti Makarna 500 G,migros
migros-05030584,0.0,,499.9,La Molisana Tagliatelle N103 Sade Uzun Makarna 500 G,migros
migros-05030585,0.0,,499.9,La Molisana Pappardelle N105 Sade Uzun Makarna 500 G,migros
migros-05030586,0.0,,289.9,La Molisana Pennoni Lisci N33 Kısa Makarna 500 G,migros
migros-05030592,0.0,,289.9,La Molisana Penne N20 Sade Kesme Makarna 500 G,migros
migros-05030593,0.0,,289.9,La Molisana Spaghettı N15 Sade Uzun Makarna 500 G,migros
migros-05030594,0.0,,289.9,La Molisana Fusilli N28 Sade Burgu Makarna 500 G,migros
migros-05030596,0.0,,499.79,Potamya Sarı Mercimek Fusilli 240 G,migros
migros-05030357,0.0,,75.9,Filiz Arpa Şehriye 500 G,migros
migros-05030598,0.0,,437.29,Potamya Kırmızı Mercimekli Penne 240 G,migros
migros-05030605,0.0,,212.5,Indomie Jumbo Körili Hazır Noodle 120 G,migros
migros-05030606,0.0,,212.5,Indomie Jumbo Sebzeli Hazır Noodle 120 G,migros
migros-05030607,0.0,,624.75,Happy Roots İtalyan Usulü Organik Fusuli Makarna 200 G,migros
migros-05030609,0.0,,559.8,Montegrappa Tortellini 250 G,migros
migros-05030612,0.0,,499.38,Dudomi Noodle Peynirli Jalapeno Noodle Poşet 80 G,migros
migros-05030496,0.0,,109.9,Makaroma Linguine (Yassı Spagetti) Makarna 500 G,migros
migros-05030614,0.0,,228.43,Nudo Vegan Noodle 350 G,migros
migros-05030616,0.0,,624.38,Dudomi Kremalı Körili Tavuk Çeşnili Noodle Bardak 80 G,migros
migros-05030618,0.0,,599.8,Ca Pricci Tortellini 250 G,migros
migros-05030619,0.0,,228.43,Nudo Egg Noodle 350 G,migros
migros-05030621,0.0,,589.39,Knorr Ranch Mac & Cheese Çabuk Makarna 212 G,migros
migros-05030597,0.0,,279.8,Granoro Dedicato Gnocchi 500 G,migros
migros-05030358,0.0,,75.9,Filiz Tel Şehriye 500 G,migros
migros-05030359,0.0,,75.9,Filiz Yüksük Makarna 500 G,migros
migros-05030360,0.0,,75.9,Filiz Kalem Makarna 500 G,migros
migros-05030361,0.0,,75.9,Filiz Yıldız Şehriye 500 G,migros
migros-05030363,0.0,,75.9,Filiz Yassı Spagetti Makarna 500 G,migros
migros-05030364,0.0,,75.9,Filiz Kelebek Makarna 500 G,migros
migros-05030367,0.0,,75.9,Filiz Erişte 500 G,migros
migros-05030376,0.0,,561.46,Knorr Çabuk Alfredo Bardak Makarna 48G,migros
migros-05030460,0.0,,244.29,Indomie Tavuk Çeşnili Noodle 5 x 70 G,migros
migros-05030461,0.0,,228.0,Indomie Köri Çeşnili Noodle 5 x 75 G,migros
migros-05030464,0.0,,109.9,Makaroma Farfalle (Kelebek) 500 G,migros
migros-05030474,0.0,,299.9,Garofalo Fusili 500 G,migros
migros-05030572,0.0,,239.9,Riscossa Fusilli/ Burgu Makarna 500 G,migros
migros-05030503,0.0,,128.43,Pastavilla Junior Sebzeli Uzay Serisi 350G,migros
migros-05030504,0.0,,128.43,Pastavilla Junior Sevimli Rakamlar 350G,migros
migros-05030512,0.0,,153.9,Makaroma Caserecce 500G,migros
migros-05030515,0.0,,1076.15,Knorr Çabuk Makarna Mac & Cheese (Bardak) 65 G,migros
migros-05030519,0.0,,1076.15,Knorr Çabuk Makarna Pesto Fusilli (Bardak) 65 G,migros
migros-05030520,0.0,,1076.15,Knorr Çabuk Makarna Trüflü Penne (Bardak) 65 G,migros
migros-05030521,0.0,,1166.39,Knorr Yemek Kiti Lazanya Roll 180G,migros
migros-05030527,0.0,,337.38,Barilla Kalpli Makarna (Pasta Love) 400 G,migros
migros-05030549,0.0,,279.9,Riscossa Fettuccine 500 G,migros
migros-05030563,0.0,,499.9,La Molisana Paccheri N316 Sade Kısa Makarna 500 G,migros
migros-05030566,0.0,,239.9,Riscossa Fusillata Casareccia 500 G,migros
migros-05030567,0.0,,339.9,Pastavilla Lazanya 500 G,migros
migros-05030329,0.0,,164.88,Barilla Tam Buğday Kalem Makarna (Integrale Pennette Rigate) 400 G,migros
migros-04150012,0.0,,1666.5,Güzel Ada Organik Hindistan Cevizi Yağı 300 Ml,migros
migros-04150020,0.0,,3798.0,Datçam Badem Yağı 50 Ml,migros
migros-04153407,0.0,,249.95,Gürata Safflower Aspir Yağı 1 L,migros
migros-04155015,0.0,,2059.8,Oneva Susam Yağı 250 Ml,migros
migros-04155016,0.0,,1423.8,Oneva Keten Tohumu Yağı 250 Ml,migros
migros-04155017,0.0,,1626.5,Oneva Hindistan Cevizi Yağı 300 Ml,migros
migros-04155018,0.0,,2439.8,Oneva Çörekotu Yağı 250 Ml,migros
migros-04160015,0.0,,349.95,Çotanak Fındık Yağı 1 L Teneke,migros
migros-04160025,0.0,,324.98,Çotanak Fındık Yağı 2 L Teneke,migros
migros-04160030,0.0,,299.99,Çotanak Fındık Yağı 5 L,migros
migros-04171015,0.0,,79.99,Migros Kanola Yağı 5 L,migros
migros-05030071,0.0,,279.9,Makaroma Tagliatelle 500 G,migros
migros-04131401,0.0,,409.95,Komili Yemeklik Riviera Zeytinyağı 1 L,migros
migros-04201403,0.0,,199.67,Sana Paket Margarin Klasik 6X250 G,migros
migros-04201901,0.0,,240.0,Bizim Paket Margarin 250 G,migros
migros-04201906,0.0,,213.3,Bizim Paket Margarin 6 x 250 G,migros
migros-04201951,0.0,,286.0,Terem Paket Margarin 250 G,migros
migros-04202402,0.0,,297.0,Sana Kase Margarin Klasik 500 G,migros
migros-04202441,0.0,,344.0,Becel Kase Margarin Klasik 250 G,migros
migros-04202445,0.0,,379.0,Becel Kase Margarin Zeytinyağlı 500 G,migros
migros-04202446,0.0,,330.0,Becel Kase Margarin Klasik 500 G,migros
migros-04202950,0.0,,350.0,Terem Kase Margarin 500 G,migros
migros-04202952,0.0,,360.0,Terem Kase Margarin 250 G,migros
migros-04205020,0.0,,304.0,Sana Paket Margarin Hamurişi 250 G,migros
migros-04201351,0.0,,134.0,Sabah Margarin 250 G,migros
migros-04130365,0.0,,591.9,Migros Ekstra Erken Hasat Natural Sızma Zeytinyağı 500 Ml,migros
migros-04131033,0.0,,1039.93,Tariş Kuzey Ege Koleksiyonu Nat.Sızma Zeytinyağı 750ml,migros
migros-04131085,0.0,,422.95,Yudum Egemden Rıvıera Zeytinyağı 1L,migros
migros-04131088,0.0,,379.99,Yudum Egemden Yumuşak Lezzet Sızma Zeytinyağı Teneke 5 L,migros
migros-04131096,0.0,,394.98,Yudum Egemden Rıvıera Zeytinyağı 2L,migros
migros-04131097,0.0,,309.99,Yudum Egemden Riviera Zeytinyağı 5 L Teneke,migros
migros-04130233,0.0,,599.97,Güven Asa Erken Hasat Soğuk Sıkım Natürel Zeytinyağı 1.5 L,migros
migros-04131402,0.0,,383.98,Komili Yemeklik Riviera Zeytinyağı 2 L,migros
migros-04131602,0.0,,379.98,Kristal Riviera Zeytinyağı 2 L,migros
migros-04131611,0.0,,409.95,Kristal Riviera Zeytinyağı 1 L,migros
migros-04131854,0.0,,271.99,Verde Riviera Zeytinyağı 5 L,migros
migros-04131911,0.0,,479.95,Tariş Riviera  Zeytinyağı 1 L,migros
migros-04139973,0.0,,1159.93,Tariş Milas Naturel Sızma Zeytinyağı 750 Ml,migros
migros-04133401,0.0,,529.95,Komili Lezzetlik Meyvemsi Natürel Sızma Zeytinyağı 1 L,migros
migros-04133402,0.0,,492.48,Komili Lezzetlik Meyvemsi Natürel Sızma Zeytinyağı 2 L,migros
migros-04133446,0.0,,1349.88,Yudum Egemden Sızma Zeytinyağı 400 Ml Erken Hasat,migros
migros-04133450,0.0,,452.5,Komili Lezzetlik Yumuşak Natürel Sızma Zeytinyağı 2 L,migros
migros-04133456,0.0,,1199.9,Komili Organik Sızma Zeytinyağı 500 Ml,migros
migros-04133911,0.0,,639.95,Tariş Kuzey Ege Sızma Zeytinyağı 1 L,migros
migros-04133930,0.0,,579.95,Tariş Güney Ege Sızma Zeytinyağı 1 L,migros
migros-04133950,0.0,,1239.9,Tariş Organik Naturel Sızma Zeytinyağı 500 Ml,migros
migros-04133970,0.0,,1219.9,"Tariş Kuzey Ege Sızma Zeytinyağı 0,5 Asit 500 Ml",migros
migros-04130286,0.0,,1499.9,Nermin Hanım Zeytinliği Premium Blend Soğuk Sıkım Zeytinyağı 500 Ml,migros
migros-04135042,0.0,,975.0,The Lifeco Organik Hindistan Cevizi Sütü 400 Ml,migros
migros-04139972,0.0,,1159.93,Tariş Edremit Naturel Sızma Zeytinyağı 750 Ml,migros
migros-04131912,0.0,,434.98,Tariş Riviera Zeytinyağı 2 L,migros
migros-05030085,0.0,,324.88,Pastavilla Tagliatelle 400 G,migros
migros-05030086,0.0,,151.29,Pastavilla Tam Buğday Spagetti 350 G,migros
migros-05030087,0.0,,151.29,Pastavilla Tam Buğday Penne Kalem Makarna 350 G,migros
migros-05030088,0.0,,504.52,Pastavilla Mac & Cheese Makarna 210G,migros
migros-05030092,0.0,,665.83,Dudomi Kore Usulü Körili Noodle 60 G Bardak,migros
migros-05030093,0.0,,665.83,Dudomi Tavuk Çeşnili Noodle 60 G Bardak,migros
migros-05030141,0.0,,128.43,Filiz Tam Buğday Burgu Makarna 350 G,migros
migros-05030142,0.0,,128.43,Filiz Tam Buğday Kalem Makarna 350 G,migros
migros-05030143,0.0,,128.43,Filiz Tam Buğday Spagetti (Çubuk) Makarna 350 G,migros
migros-04205107,0.0,,375.8,Terem Gurme Kaymaklı Kase 250 G,migros
migros-05030145,0.0,,73.9,Mutlu Erişte 500 G,migros
migros-05030147,0.0,,73.9,Mutlu Mantı Makarna 500 G,migros
migros-04205050,0.0,,265.33,Terem %15 Ekonomik Paket Margarin 3 x 250 G,migros
migros-05030157,0.0,,241.43,Dudomi Tavuk Çeşnili 5 x 70 G Paket,migros
migros-05030168,0.0,,105.9,Pastavilla İri Arpa Şehriye 500 G,migros
migros-05030182,0.0,,35.9,Migros Yüksük Makarna 500 G,migros
migros-05030183,0.0,,35.9,Migros Uzun İnce Makarna 500 G,migros
migros-05030184,0.0,,35.9,Migros Spagetti  Makarna 500 G,migros
migros-05030185,0.0,,35.9,Migros Burgu  Makarna 500 G,migros
migros-05030186,0.0,,35.9,Migros Tel Şehriye  500 G,migros
migros-05030187,0.0,,35.9,Migros Arpa Şehriye 500 G ,migros
migros-05030197,0.0,,241.43,Dudomi Körili Noodle 5 x 70 G Paket,migros
migros-05030199,0.0,,352.14,Mutlu Mac & Cheese Makarna 210 G,migros
migros-05030201,0.0,,75.9,Nuh'un Ankara Mantı Makarna 500 G,migros
migros-05030202,0.0,,278.57,Dudomi Tavuk Çeşnili Noodle 70 G Poşet,migros
migros-05030148,0.0,,73.9,Mutlu Penne Makarna 500 G,migros
migros-04205090,0.0,,291.67,Terem Kase Margarin 600 G %20 Bedava,migros
migros-04205099,0.0,,330.0,Becel Kase Margarin Tereyağı Keyfi 500 G,migros
migros-04205100,0.0,,344.0,Becel Kase Margarin Tereyağı Keyfi 250 G,migros
migros-04135021,0.0,,1299.9,Tariş Erkence Sızma Zeytinyağı 500 Ml,migros
migros-04205113,0.0,,292.0,Sana Paket Margarin Tereyağı Lezzeti 250 G,migros
migros-04205133,0.0,,1999.8,Lurpak Organik Sürülebilir Yağ 250 G,migros
migros-04205162,0.0,,367.5,Terem Gurme Kaymaklı Paket 200 G,migros
migros-05010401,0.0,,54.95,Söke Un 1 Kg,migros
migros-05010402,0.0,,49.98,Söke Un 2 Kg,migros
migros-05010405,0.0,,43.99,Söke Un 5 Kg,migros
migros-05011207,0.0,,27.19,Migros Un 5 Kg,migros
migros-05013591,0.0,,30.48,Migros Un 2 Kg,migros
migros-05030084,0.0,,189.9,Pastavilla Bronz Kalıp Linguini 500 G,migros
migros-05013613,0.0,,39.99,Mutlu Un 5 Kg,migros
migros-05013614,0.0,,44.98,Mutlu Un 2 Kg,migros
migros-05020046,0.0,,220.73,Veg & Bones Tavuk Suyu 480 Ml,migros
migros-05025363,0.0,,510.31,Zel İlikli Kemik Sulu Kelle Paça Çorbası 480 Ml,migros
migros-05030021,0.0,,859.8,Schar Capalli Tel Şehriye 250 G,migros
migros-05030069,0.0,,73.9,Mutlu İnce Uzun Makarna 500 G,migros
migros-04201401,0.0,,238.0,Sana Paket Margarin Klasik 250 G,migros
migros-05030072,0.0,,279.9,Makaroma Lazanya 500 G,migros
migros-05030079,0.0,,164.88,Pastavilla Tricolor Rotini 400 G,migros
migros-05030081,0.0,,132.38,Pastavilla Bundle Spaghetti 400 G,migros
migros-05030082,0.0,,189.9,Pastavilla Bronz Kalıp Rotini 500 G,migros
migros-05030083,0.0,,189.9,Pastavilla Bronz Kalıp Rigatoni 500 G,migros
migros-05013612,0.0,,49.95,Mutlu Un 1 Kg,migros
migros-05054468,0.0,,294.75,Untad Gurme Sandviç 2'li 200 G,migros
migros-05054471,0.0,,294.75,Untad Gurme Hamburger 2'li  200 G,migros
migros-05054472,0.0,,299.75,Untad Kanepe Sandviç 6'lı 200 G,migros
migros-05054475,0.0,,309.75,Untad Kanepe Hamburger 6'lı 200 G,migros
migros-05054719,0.0,,157.79,Ekmek Dünyası Favori Ekşi Maya Tam Buğday Unlu Ekmek 475 G,migros
migros-05054750,0.0,,902.5,Unabella Ponçik Ekmek 200 G,migros
migros-05054757,0.0,,140.83,Ekmek Dünyası Favori Ekşi Mayalı Köy Ekmek 600 G,migros
migros-05054766,0.0,,162.71,Ekmek Dünyası Favori Sac Ekmek 350 G,migros
migros-05046483,0.0,,99.95,Migros Karbonat 1 Kg,migros
migros-05054978,0.0,,217.0,Uno Süper Tost Çavdar Ekmeği 500 G,migros
migros-05054986,0.0,,256.25,Uno Süper Sandviç Klasik 4'lü 400 G,migros
migros-05030622,0.0,,665.83,Dudomi Tom Yum Noodle Bardak 60 G,migros
migros-05054999,0.0,,378.79,Asrın Tandırı Çavdar Unlu Ekşi Mayalı Lavaş 10'lu 330 G,migros
migros-05055004,0.0,,378.79,Asrın Tanıdırı Tam Yulaf Unlu Lavaş 10'lu 330 G,migros
migros-05055024,0.0,,248.75,Uno Tam Buğdaylı Süper Sandviç Ekmeği 4'lü 400 G,migros
migros-05055030,0.0,,713.93,Schar Panelli Glutensiz Sandviç Ekmeği 2 x 70 G,migros
migros-05055032,0.0,,526.82,Ekmek Dünyası Favori Çikolata Dolgulu Sandviç 110G,migros
migros-05055033,0.0,,253.33,Untad Italian Piadina Usulü Sade Mayalı 375 G,migros
migros-05055036,0.0,,258.67,Untad Italian Piadina Usulü Tahıl Mayalı 375 G,migros
migros-05055047,0.0,,256.25,Uno Gurme Ekşi Mayalı Büyük Sandviç Ekmeği 4'lü 400 G,migros
migros-05056238,0.0,,289.62,Aly Tortilla Lavaş 25 Cm 6'lı 390 G,migros
migros-05056252,0.0,,331.67,Aly Tortilla Lavaş 15 Cm 10'lu 300 G,migros
migros-05056253,0.0,,276.83,Aly Tortilla Lavaş Grilled 25 Cm 8'li 520 G,migros
migros-05056305,0.0,,289.62,Aly Tortilla  Lavaş Tam Buğdaylı 6'lı 25 Cm 390 G,migros
migros-05054997,0.0,,390.76,Asrın Tandırı Tam Buğday & Siyez Lavaş 10'lu 330 G,migros
migros-05046409,0.0,,616.67,Pakmaya Karamelli Sos 300 G,migros
migros-05046414,0.0,,616.67,Pakmaya Çikolatalı Sos 300 G,migros
migros-05040404,0.0,,455.71,Fo Karamel Topping 350 G,migros
migros-05046630,0.0,,398.0,Pakmaya Karbonat 5'li 25 G,migros
migros-05049914,0.0,,484.0,Pakmaya Çikolatalı Sos 125 G,migros
migros-05050744,0.0,,316.0,Untad Premium Tam Buğdaylı Sandviç Ekmeği 375 G,migros
migros-05050949,0.0,,395.0,Untad Lavaş Sade 10'lu 300 G,migros
migros-05051029,0.0,,249.75,Ekmek Dünyası Favori Kanepe Sandviç 200 G,migros
migros-05051040,0.0,,243.75,Uno Denge Tam Buğdaylı & Çiya Tohumlu 400 G,migros
migros-05051041,0.0,,251.25,Uno Premium Çok Tahıllı ve Siyez Buğdaylı 400 G,migros
migros-05051043,0.0,,251.25,Uno Premium Çavdarlı & Karabuğdaylı 400 G,migros
migros-05051045,0.0,,130.0,İhe Tahıl Ambarı Çok Tahıllı Ekmek 500 G,migros
migros-05053847,0.0,,253.85,Uno Sandviç Ekmeği 5'li 325 G,migros
migros-05051049,0.0,,588.43,Unist Bakery Dürümlük Katmer 2'li 350 G,migros
migros-05051104,0.0,,398.25,Ege Glutensiz Ekmek 285 G,migros
migros-05051108,0.0,,177.27,Uno Büyük Tost Ekmeği 550 G,migros
migros-05052000,0.0,,140.0,İstanbul Organik Halk Ekmek 500 G,migros
migros-05052643,0.0,,150.0,İhe Tam Buğday Ekmeği 400 G,migros
migros-05042326,0.0,,1095.0,The Good Wild Granola Çilekli Çikolatalı 300 G,migros
migros-05052647,0.0,,125.0,İhe Tuz İlave Edilmemiş Tam Buğday Unlu Ekmek 400 G,migros
migros-05052653,0.0,,162.5,İhe Tam Buğday Unlu Sandviç 400 G,migros
migros-05052657,0.0,,300.0,İhe Zeytinli Kekikli Altın Çörek 50 G,migros
migros-05052889,0.0,,381.38,Uno Tam Buğday Lavaş 5'li 325 G,migros
migros-05052890,0.0,,454.0,Uno Geleneksel Lavaş 15 Cm 250 G,migros
migros-05053002,0.0,,1707.92,Wasa Glutensiz Gevrek Ekmek (Crispbread Gluten Free) 240 G,migros
migros-05051046,0.0,,599.88,Unist Bakery Zeytinyağlı Tortilla 5'li 400 G,migros
migros-05057927,0.0,,249.75,Kanepe Atıştırmalık 200 G,migros
migros-05057937,0.0,,187.0,Ekmek Dünyası Favori Ayvalık Tostu Ekmeği 500 G,migros
migros-05057956,0.0,,249.75,Ekmek Dünyası Favori Kanepe Burger 200 G,migros
migros-05058586,0.0,,293.07,Uno Gurme Hamburger Ekmeği 4 x 110 G,migros
migros-05058888,0.0,,293.14,Untad Büyük Extra Susamlı Hamburger Ekmeği 6 x 85 G,migros
migros-05056340,0.0,,257.05,Untad Lavaş 8'li 560 G,migros
migros-05059285,0.0,,216.67,Uno %100 Tam Buğday Tava Ekmeği 450 G,migros
migros-05059287,0.0,,207.45,Uno Karadeniz Tava Ekmeği 470 G,migros
migros-05059288,0.0,,207.45,Uno İki Kat Tahıllı İki Kat Lifli Tava Ekmeği 470 G,migros
migros-05059289,0.0,,295.59,Uno Premium Susamlı Hamburger Ekmeği 4'lü 340 G,migros
migros-05059291,0.0,,331.96,Uno Tam Buğday Unlu Sandviç Ekmeği 280 G,migros
migros-05059846,0.0,,771.8,Schar Pan Rustico Glutensiz Lifli Ekmek 250 G,migros
migros-05052645,0.0,,250.0,İhe Altınçörek Fındıklı ve Üzümlü Ekmek 60 G,migros
migros-05059864,0.0,,285.9,Untad Sandviç Eko Paket 6 x 65 G,migros
migros-05060118,0.0,,1070.37,Aly Taco Shells 135 G,migros
a101-11000172,0.0,,342.31,Erpiliç Piliç Parmak Köfte 260 G,a101
migros-05070002,0.0,,251.19,Untad Baklavalık & Böreklik Yufka 800 G,migros
migros-05070003,0.0,,391.9,Unİstanbul 3 Yapraklı Yufka 500 G,migros
migros-05070027,0.0,,473.81,Unadam Proteinli Tortilla 25 Cm 6'lı 420 G,migros
migros-05071215,0.0,,385.0,Unabella Kare Böreklik Yufka 24 Yaprak 800 G,migros
migros-05079053,0.0,,197.0,Günlük Yufka El Açması 500 G,migros
migros-05056734,0.0,,322.31,Uneli Tortilla Tam Buğday 25 Cm 650 G,migros
migros-05079070,0.0,,136.0,Günlük Yufka 1000 G,migros
migros-05079090,0.0,,205.0,El Açması Yufka Kg,migros
migros-05079095,0.0,,309.0,Bereket Yufka 5 Yaprak 500 G,migros
migros-05059847,0.0,,663.8,Schar Pan Blanco Glutensiz Dilimli Ekmek 250 G,migros
migros-05056347,0.0,,255.0,Untad Tam Buğday Ekmeği 400 G,migros
migros-05056348,0.0,,296.92,Untad Tandır Ekmeği Lavaşı 276 G,migros
migros-05056350,0.0,,204.0,Untad Kepek Ekmeği 500 G,migros
migros-05056351,0.0,,237.0,Untad Çavdar Ekmeği 500 G,migros
migros-05056353,0.0,,243.9,Untad Light Hafif Ekmek 500 G,migros
migros-05056370,0.0,,246.88,Untad Special Tahıl Ekmeği 480 G,migros
migros-05056371,0.0,,176.87,Untad Büyük Tost Ekmeği 670 G,migros
migros-05056669,0.0,,131.43,İyilik Tam Buğday Ekmeği 350 G,migros
migros-05056671,0.0,,148.75,İyilik Çavdarlı Ekmek 400 G,migros
migros-05056672,0.0,,94.78,İyilik Tost Ekmeği 670 G,migros
migros-05056673,0.0,,164.84,İyilik Sandviç Ekmeği 7 x 65 G,migros
migros-05056674,0.0,,178.24,İyilik Hamburger Ekmeği 8 x 54 G,migros
migros-05057926,0.0,,399.75,Ekmek Dünyası Favori Lavaş 200 G,migros
migros-05056732,0.0,,493.94,Uneli Tortilla Sade 15 Cm 330 G,migros
migros-05056733,0.0,,296.15,Uneli Tortilla Sade 25 Cm 650 G,migros
migros-05054783,0.0,,218.09,Uno Süper Tost Ekmeği 470 G,migros
migros-05056735,0.0,,855.0,Mayaköy Glütensiz Karabuğday Ekmeği 400 G,migros
migros-05056737,0.0,,628.75,Mayaköy Organik Siyez Ekmeği 400 G,migros
migros-05056738,0.0,,628.75,Mayaköy Organik Çavdar Ekmeği 400 G,migros
migros-05057001,0.0,,223.33,Uno Fırından Çavdar Ekmeği 450 G,migros
migros-05057081,0.0,,223.33,Uno Ekşi Mayalı Tam Buğday Ekmek 450 G,migros
migros-05057309,0.0,,439.54,Uno Tandır Lavaş 6'lı 282 G,migros
migros-05057895,0.0,,317.82,Uno Geleneksel Lavaş 25 Cm 6'lı 390 G,migros
migros-05057922,0.0,,332.5,Gözleme 200 G,migros
migros-05057924,0.0,,343.75,Ekmek Dünyası Favori Katmer 200 G,migros
migros-05056706,0.0,,223.33,Uno Fırından Tam Buğday 450 G,migros
migros-05031047,0.0,,92.38,Arbella Gurme Bundle Spaghetti 400 G,migros
migros-05035101,0.0,,274.14,Dolco Egg Noodle 350 G ( Çin Eriştesi ),migros
migros-05037430,0.0,,918.33,Un Do Tre Peynirli Ravioli 300 G,migros
migros-05037432,0.0,,976.33,Un Do Tre Dana Etli Tortellini 300 G,migros
migros-05038655,0.0,,336.88,Indomie Gurme Acı ve Baharatlı Hazır Noodle 80 G,migros
migros-05039321,0.0,,73.9,Arbella Spaghetti Makarna 500 G,migros
migros-05039322,0.0,,73.9,Arbella Kelebek Makarna 500 G,migros
migros-05039323,0.0,,73.9,Arbella Burgu Makarna 500 G,migros
migros-05039324,0.0,,73.9,Arbella Kalem Kesme 500 G,migros
migros-05039403,0.0,,52.95,Filiz Yumurtalı Uzun Erişte Makarna 350 G,migros
migros-05039404,0.0,,52.95,Filiz Yumurtalı Bukle Makarna 350 G,migros
migros-05046408,0.0,,616.67,Pakmaya Orman Meyveli Sos 300 G,migros
migros-05039461,0.0,,324.88,Arbella Plus Glutensiz Arpa Şehriye 400 G,migros
migros-05039462,0.0,,324.88,Arbella Plus Glutensiz Burgu 400 G,migros
migros-05039471,0.0,,779.8,Schar Glutensiz Kalem Makarna 250 G,migros
migros-05030721,0.0,,105.9,Pastavilla Rigatoni Makarna 500 G,migros
migros-05039473,0.0,,779.8,Schar Glutensiz Spaghetti 250 G,migros
migros-05039481,0.0,,73.9,Mutlu Tel Şehriye 500 G,migros
migros-05039482,0.0,,73.9,Mutlu Arpa Şehriye 500 G,migros
migros-05039483,0.0,,73.9,Mutlu Spagetti  Makarna 500 G,migros
migros-05039484,0.0,,73.9,Mutlu Yüksük 500 G,migros
migros-05039485,0.0,,73.9,Mutlu Burgu 500 G,migros
migros-05039486,0.0,,73.9,Mutlu Fiyonk 500 G,migros
migros-05039551,0.0,,131.9,Barilla Mantı Makarna (Pipe Rigate) 500 G,migros
migros-05039444,0.0,,52.95,Filiz Yumurtalı Erişte 350 G,migros
migros-05030623,0.0,,624.38,Dudomi Kremalı Fesleğenli Peynirli Noodle Bardak 80 G,migros
migros-05030701,0.0,,105.9,Pastavilla Mantı Makarna 500 G,migros
migros-05030706,0.0,,105.9,Pastavilla Tel Şehriye 500 G,migros
migros-05030707,0.0,,105.9,Pastavilla Arpa Şehriye 500 G,migros
migros-05030708,0.0,,105.9,Pastavilla Spaghetti Makarna 500 G,migros
migros-05030710,0.0,,105.9,Pastavilla Kelebek Makarna 500 G,migros
migros-05030711,0.0,,105.9,Pastavilla Burgu Makarna 500 G,migros
migros-05030712,0.0,,105.9,Pastavilla Kuskus Makarna 500 G,migros
migros-05030714,0.0,,105.9,Pastavilla Kalem Makarna 500 G,migros
migros-05030576,0.0,,359.9,Garofalo Bio Radiatori Integrale Makarna 500 G,migros
migros-05030722,0.0,,105.9,Pastavilla Erişte Makarna 500 G,migros
migros-05030724,0.0,,249.88,Yayla Glutensiz Karabuğday Penne 400 G,migros
migros-05030613,0.0,,228.43,Nudo Tam Buğdaylı Noodle 350 G,migros
migros-05030726,0.0,,105.9,Pastavilla Dirsek Makarna 500 G,migros
migros-05030727,0.0,,105.9,Pastavilla Mezzanelli Makarna 500 G,migros
migros-05030729,0.0,,319.8,Yayla Glutensiz Kinoa ve Sebze Yeşil Mercimek Penne 250 G,migros
migros-05030730,0.0,,249.88,Yayla Glutensiz 3 Tahıl 2 Bakliyat Penne 400 G,migros
migros-05030731,0.0,,319.8,Yayla Glutensiz Kinoa ve Sebze Kırmızı Mercimek Fusilli 250 G,migros
migros-05030734,0.0,,149.88,Yayla Glutensiz Mısır Pirinç Elbow 400 G,migros
migros-05030735,0.0,,149.88,Yayla Glutensiz Mısır Pirinç Risoni 400 G,migros
migros-05030740,0.0,,589.39,Knorr Çabuk Makarna Mac & Cheese Chili Heat 212 G,migros
migros-05030742,0.0,,105.9,Pastavilla Linguine Makarna 500 G,migros
migros-05030744,0.0,,269.9,Barilla F1 Gran Ruote Özel Seri Makarna 500 G,migros
migros-05030745,0.0,,73.9,Mutlu Kelebek Makarna 500 G,migros
migros-05030748,0.0,,249.88,Yayla Glutensiz Zengin Mısır Pirinç Fusilli 400 G,migros
migros-05030725,0.0,,149.88,Yayla Glutensiz Mısır Pirinç Fusilli 400 G,migros
migros-05040575,0.0,,387.38,Hünnap Keçi Sütlü Bebe Bisküvisi 400 G,migros
migros-05040604,0.0,,999.72,Hipp Organik Bebek Bisküvisi 180 G,migros
migros-05040661,0.0,,1872.5,Wefood Tahinli Kraker 40 G,migros
migros-05040770,0.0,,186.54,Untad Premium Dev Tost Ekmeği 1300 G,migros
migros-05040772,0.0,,257.05,Untad Premium Tam Buğday Unlu Lavaş 8'li 560 G,migros
migros-05040786,0.0,,999.79,Fropie Yer Fıstık & Çilek Vitaminli Granola 240G,migros
migros-05040787,0.0,,999.79,Fropie Protein Yer Fıstık & Kinoa Granola 240G,migros
migros-05040843,0.0,,2500.0,Pacha Natural Collagen Çikolata Badem Kolajenli Kraker 50 G,migros
migros-05040844,0.0,,2500.0,Pacha Natural Collagen Tarhanalı Kolajenli Kraker 50 G,migros
migros-05040876,0.0,,109.9,Makaroma Tortiglioni (Kalın Kesme) 500 G,migros
migros-05041002,0.0,,860.0,Un Do Tre Tricolore Peynirli Tortellini 300 G,migros
migros-05041502,0.0,,1115.83,Knorr Patates Püresi 60 G,migros
migros-05039552,0.0,,269.9,Barilla Mezze Penne Tricolore (Üç Renkli Kalem) Makarna 500 G,migros
migros-05042350,0.0,,1105.0,The Good Wild Granola Karışık Meyveli 300 G,migros
migros-05044000,0.0,,290.0,"Naturiga Glutensiz Granola (Yaban Mersini, Mango)",migros
migros-05044567,0.0,,2500.0,Pacha Natural Collagen Nohut Kolajenli Kraker 50 G,migros
migros-05045254,0.0,,833.33,Soma Kadın Atölyesi Üzüm Pekmezi 330 G,migros
migros-05045257,0.0,,1150.0,Soma Kadın Atölyesi Tahin 300 G,migros
migros-05045258,0.0,,786.84,Soma Kadın Atölyesi Acuka 380 G,migros
migros-05045259,0.0,,776.32,Soma Kadın Atölyesi Kuşburnu Marmelatı 380 G,migros
migros-05045262,0.0,,703.95,Soma Kadın Atölyesi Havuçlu Portakal Reçeli 380 G,migros
migros-05045264,0.0,,926.05,Soma Kadın Atölyesi Cevizli İncir Reçeli 380 G,migros
migros-05045265,0.0,,668.75,Soma Kadın Atölyesi Ayva Reçeli 400 G,migros
migros-05045267,0.0,,703.95,Soma Kadın Atölyesi Çıtır Kabak Reçeli 380 G,migros
migros-05046337,0.0,,146.0,Dr.Oetker Karbonat 250 G,migros
migros-05039580,0.0,,285.0,Indomie Tavuk Noodle 70 G,migros
migros-05039553,0.0,,269.9,Barilla Casarecce Makarna 500 G,migros
migros-05039574,0.0,,675.0,Indomie Tavuk Çeşnili Noodle (Bardak) 60G,migros
migros-05039575,0.0,,675.0,Indomie Dana Eti Çeşnili Noodle (Bardak) 60 G,migros
migros-05039577,0.0,,266.0,Indomie Köri Noodle 75 G,migros
migros-05039578,0.0,,266.0,Indomıe Special Noodle 75 G,migros
migros-05039579,0.0,,266.0,Indomie Sebzeli Noodle 75 G,migros
migros-05030757,0.0,,799.9,La Fabbrica Fusilloni Sade Burgu Makarna 500 G,migros
migros-05039585,0.0,,549.88,Barilla Senza Glutensiz Spagetti 400 G,migros
migros-05039586,0.0,,549.88,Barilla Glutensiz Fusilli 400 G,migros
migros-05039590,0.0,,101.9,Veronelli Rigatoni 500 G,migros
migros-05039598,0.0,,105.9,Nuhun Ankara Tam Buğday Penne Makarna 500 G,migros
migros-05039599,0.0,,105.9,Nuh'Un Ankara Tam Buğday Spaghetti Makarna 500 G,migros
migros-05040573,0.0,,286.33,Bağdat Karbonat 150 G,migros
migros-05039626,0.0,,131.29,Nuhun Ankara Sebzeli Burgu 350 G,migros
migros-05039627,0.0,,131.29,Nuhun Ankara Kepekli Spaghetti 350 G,migros
migros-05039733,0.0,,624.75,Happy Roots Üzüm Çekirdekli Siyez Makarna 200 G,migros
migros-05039734,0.0,,624.75,Happy Roots Enginar Lifli Siyez Makarna 200 G,migros
migros-05039736,0.0,,649.88,Bonatelli Organik Yeşil Mercimek Çubuk Makarna 400G,migros
migros-05039737,0.0,,649.88,Bonatelli Organik Kırmızı Mercimekli Çubuk Makarna 400 G,migros
migros-05040364,0.0,,284.95,Fo Karamel Topping 1 Kg,migros
migros-05040390,0.0,,286.6,Fo Dekor Topping Karamel 750 G,migros
migros-05040397,0.0,,479.95,Fo Frambuaz Topping 1 Kg,migros
migros-05039472,0.0,,779.8,Schar Glutensiz Burgu Makarna 250 G,migros
migros-05040406,0.0,,455.71,Fo Çilek Toping 350 G,migros
migros-05040407,0.0,,455.71,Fo Bitter Çikolatalı  Toping 350 G,migros
migros-05039625,0.0,,131.29,Nuhun Ankara Sebzeli Nuhun Gemisi Makarna 350 G,migros
migros-03220149,0.0,,7221.67,Davidoff Colombia Çözünebilir Kahve 90 G,migros
migros-03230068,0.0,,914.0,Nescafe 3ü1 Arada Gold Yumuşak Çoklu Paket 10 x 17.5 G,migros
migros-03230069,0.0,,908.81,Nescafe 3ü1 Arada Gold Yoğun Çoklu Paket 10 x 17.6 G,migros
migros-03230071,0.0,,2690.0,Jacobs Cronat Gold Instant 100 G,migros
migros-03231300,0.0,,6499.0,Nescafe Gold 50 G,migros
migros-03231301,0.0,,5999.5,Nescafé Gold 100 G,migros
migros-03231302,0.0,,4874.75,Nescafé Gold 200 G,migros
migros-03231310,0.0,,3395.0,Nescafé Gold Ekonomik Paket 100 G,migros
migros-03231312,0.0,,3339.75,Nescafé Gold Ekonomik Paket  200 G,migros
migros-03231408,0.0,,4999.5,Jacobs Monarch Gold 100 G,migros
migros-03231410,0.0,,4059.5,Jacobs Monarch Gold Ekonomik Paket 100 G,migros
migros-04130364,0.0,,959.9,M Life Bio Organik Natürel Sızma Zeytinyağı 500 Ml,migros
migros-03231564,0.0,,3133.0,Tchibo Gold  Ekonomik Paket 150 G,migros
migros-03231565,0.0,,3332.67,Tchibo Gold Ekonomik Paket 75 G,migros
migros-03231566,0.0,,5399.0,Tchibo Gold Selection Kavanoz 50 G,migros
migros-03231569,0.0,,4399.5,Tchibo Gold Selection Kavanoz 100 G,migros
migros-03222689,0.0,,744.25,Nescafé 3'ü 1 Arada Sütlü Köpüklü Paket 10 x 17.4 G,migros
migros-03231571,0.0,,6499.5,Davidoff Fine Aroma 100 G,migros
migros-03231587,0.0,,2799.9,Davidoff Espresso 57 Çekirdek Kahve 500 G,migros
migros-03231588,0.0,,2799.9,Davidoff Cafe Creme Çekirdek Kahve 500 G,migros
migros-03231590,0.0,,2799.8,Davidoff Fine Aroma Filtre Kahve 250 G,migros
migros-03231591,0.0,,2799.8,Davidoff Rich Aroma Filtre Kahve 250 G,migros
migros-03231606,0.0,,1108.33,Jacobs Gold 3'ü 1 Arada Yoğun Lezzet 18 G,migros
migros-03231607,0.0,,1038.61,Jacobs Gold 3'ü 1 Arada Yoğun Lezzet Paket 10 x 18 G,migros
migros-03231527,0.0,,7500.0,Nescafe Gold 2 G,migros
migros-03221310,0.0,,1972.5,Nescafé Classic Ekonomik Paket 200 G,migros
migros-03222320,0.0,,871.43,Nescafe 3'ü 1 Arada Original 17.5 G,migros
migros-03222348,0.0,,2259.5,Cafe Crown Classic Ekonomik Paket 100 G,migros
migros-03222557,0.0,,882.35,Nescafé 3ü1 Arada Fındık Aromalı 17 G,migros
migros-03222571,0.0,,740.0,Nescafé 3ü1 Arada Paket 10 x 17.5 G,migros
migros-03222620,0.0,,909.09,"Nescafé 3ü1 Arada Extra 16,5 G",migros
migros-03222621,0.0,,876.44,"Nescafe 3'ü 1 Arada Sütlü Köpüklü 17,4 G",migros
migros-03222626,0.0,,1525.0,Nescafé 2si1 Arada 10 G,migros
migros-03222651,0.0,,708.38,Nescafe 3'ü 1 Arada 15 x 17.5 G,migros
migros-03222688,0.0,,1295.0,Nescafé 2si1 Arada 10 x 10 G,migros
migros-03220068,0.0,,350.0,Migros Latte Sütlü Çözünebilir Kahveli Toz Karışımı 17 G,migros
migros-03222697,0.0,,784.85,Nescafé 3ü1 Arada Extra Paket 10 x 16.5 G,migros
migros-03230066,0.0,,942.86,Nescafe 3ü1 Arada Gold Yumuşak Tekli 17.5 G,migros
migros-03222757,0.0,,771.43,"Cafe Crown 3'ü 1 Arada 17,5 G",migros
migros-03222759,0.0,,641.67,Cafe Crown 3ü 1 Arada Fındık Aromalı Paket 10 x 18 G,migros
migros-03222761,0.0,,1050.0,Cafe Crown 2si 1 Arada Paket 10 x 11 G,migros
migros-03222762,0.0,,764.41,Cafe Crown Latte Kahve Paket 10 x 17 G,migros
migros-03222777,0.0,,2011.9,Shazel Yeşil Kahve Slim & Fit 14'lü Kutu 42 G,migros
migros-03222791,0.0,,1966.5,Nescafe Classic Ekopaket 300 G,migros
migros-03222794,0.0,,1525.0,Nescafe 2si 1 Arada Sütlü Köpüklü 10 G,migros
migros-03222795,0.0,,3499.5,Jacobs Cronat Gold Çözülebilir Kahve 100 G,migros
migros-03222796,0.0,,1295.0,Nescafé 2si 1 Arada Sütlü Köpüklü 10'lu Paket 100 G,migros
migros-03230006,0.0,,1233.33,"Nescafe Ice Toffee Nut Aromalı Paket 10 x 10,5 G",migros
migros-03230008,0.0,,1109.0,Migros Gold Kahve 100 G,migros
migros-03230064,0.0,,8000.0,Jacobs Gold Stick 2 G,migros
migros-03222742,0.0,,1227.27,Cafe Crown 2si 1 Arada Sade 11 G,migros
migros-03240034,0.0,,4230.13,Tchibo Cafissimo Barista Espresso Kapsül 10'lu 78 G,migros
migros-03240044,0.0,,6300.0,Moliendo No:10 Nespresso Uyumlu Kapsül Kahve 10'lu 55 G,migros
migros-03240047,0.0,,6300.0,Moliendo No:5 Nespresso Uyumlu Kapsül Kahve 10'lu 55 G,migros
migros-03240049,0.0,,1798.0,Jacobs Monarch Intense 250 G,migros
migros-03240050,0.0,,1974.95,Moliendo Amalfi Espresso Blend Çekirdek Kahve 1 Kg,migros
migros-03240052,0.0,,2499.8,Moliendo Breakfast Blend Öğütülmüş Filtre Kahve 250 G,migros
migros-03240053,0.0,,2499.8,Moliendo Blonde Espresso Blend Çekirdek Kahve 250 G,migros
migros-03240054,0.0,,2499.8,Moliendo Colombia Öğütülmüş Filtre Kahve 250 G,migros
migros-03240057,0.0,,2299.8,Moliendo House Blend Öğütülmüş Filtre Kahve 250 G,migros
migros-03240059,0.0,,2299.8,Moliendo Amalfi Espresso Blend Çekirdek Kahve 250 G,migros
migros-03240096,0.0,,1100.0,Dr.oetker Vanilya Aromalı Soğuk Kahve 50 G,migros
migros-03231608,0.0,,1108.33,Jacobs Gold 3'ü 1 Arada Yumuşak Lezzet 18 G,migros
migros-03240099,0.0,,1450.0,Cafe Crown Espresso Çekirdek Kahve 1 Kg,migros
migros-03231657,0.0,,3039.8,The Whirl Balanced 423°F Öğütülmüş Filtre Kahve 250 G,migros
migros-03240118,0.0,,5718.18,Starbucks By Nespresso Espresso Roast Kapsül Kahve 10'lu 55 G,migros
migros-03240121,0.0,,6048.08,Starbucks By Nespresso House Blend Kapsül Kahve 10'lu 52 G,migros
migros-03240124,0.0,,6362.73,Davidoff Espresso Brazil Kapsül Kahve 10'lu 55 G,migros
migros-03240125,0.0,,1199.95,Dripesso Espresso Çekirdek Kahve 1 Kg,migros
migros-03240126,0.0,,1459.9,Atatürk Orman Çiftliği Espresso 500 G,migros
migros-03240127,0.0,,6325.96,L'or Coconut Aromalı Kapsül Kahve 10'lu 52 G,migros
migros-03242925,0.0,,911.76,Cafe Crown Latte Kahve 17 G,migros
migros-03242949,0.0,,2399.9,Tchibo Sicilia Çekirdek Kahve Espresso 500 G,migros
migros-03242950,0.0,,2599.9,Tchibo Latin Grande Çekirdek Kahve 500 G,migros
migros-03242951,0.0,,4427.86,Tchibo Cafissimo Espresso 10'lu Kapsül Kahve 10'lu 70 G,migros
migros-03240097,0.0,,1919.8,Tchibo Gold Selection Çekirdek Kahve 250 G,migros
migros-03231609,0.0,,1038.61,Jacobs Gold 3'ü 1 Arada Yumuşak Lezzet Paket 10 x 18 G,migros
migros-03231612,0.0,,906.25,Jacobs 3'ü 1 Arada 16 G,migros
migros-03231613,0.0,,781.25,Jacobs 3ü 1 Arada Paket 10 x 16 G,migros
migros-03231620,0.0,,3399.5,Nescafe Blend 37 100 G,migros
migros-03231625,0.0,,4243.75,Nescafe Gold Espresso Ekonomik Paket 80 G,migros
migros-03231641,0.0,,2719.8,Kronotrop No:33 Guatemala Filtre Kahve 250 G,migros
migros-03231656,0.0,,3039.8,The Whirl Strong Espresso  441°F Çekirdek Kahve 250 G,migros
migros-03230067,0.0,,937.5,Nescafe 3ü1 Arada Gold Yoğun Tekli 17.6 G,migros
migros-03231666,0.0,,3245.0,Cafe Crown Gold Ekonomik Paket 100 G,migros
migros-03231670,0.0,,6750.0,Nescafe Classic 2 G,migros
migros-03240001,0.0,,3039.8,The Whirl Balanced Espresso Öğütülmüş Kahve  429°F 250 G,migros
migros-03240002,0.0,,3039.8,The Whirl Strong Filtre Öğütülmüş Kahve 431°F 250 G,migros
migros-03240026,0.0,,1799.9,Jacobs Crema Çekirdek Kahve 500 G,migros
migros-03240004,0.0,,6908.18,The Whirl Lungo Espresso Kapsül Kahve 10'lu 55 G,migros
migros-03240005,0.0,,6908.18,The Whirl Espresso Strong Kapsül Kahve 10'lu 55 G,migros
migros-03240006,0.0,,2719.8,Kronotrop No:33 Espresso Çekirdek Kahve 250 G,migros
migros-03240007,0.0,,7271.82,The Whirl Espresso Earth Series Ocean Kapsül 10'lu 55 G,migros
migros-03240009,0.0,,6325.96,L'or Colombia 10'lu Kapsül Kahve 52 G,migros
migros-03240010,0.0,,6325.96,L'or India Kapsül Kahve 10'lu 52 G,migros
migros-03240011,0.0,,2599.9,Tchibo Privat Kaffee African Blue Çekirdek Kahve 500 G,migros
migros-03240012,0.0,,4132.67,Tchibo Cafissimo Espresso Kapsül Kahve 10'lu 75 G,migros
migros-03240013,0.0,,4768.46,Tchibo Cafissimo Coffee Fine Kapsül Kahve 10'lu 65 G,migros
migros-03240017,0.0,,4806.73,Cafe Crown Gusto Kapsül Kahve 10'lu 52 G,migros
migros-03231570,0.0,,6499.5,Davidoff Rich Aroma 100 G,migros
migros-03240025,0.0,,1799.9,Jacobs Espresso Çekirdek Kahve 500 G,migros
migros-03240003,0.0,,6908.18,The Whirl Espresso Medium Kapsül Kahve 10'lu 55 G,migros
migros-03210013,0.0,,1349.0,Datçam Bademli Türk Kahvesi 100 G,migros
migros-03211319,0.0,,1450.0,Moliendo Kolajenli Türk Kahvesi 100 G,migros
migros-03211602,0.0,,1319.8,Kurukahveci Mehmet Efendi Türk Kahvesi 250 G,migros
migros-03211604,0.0,,1191.0,Kurukahveci Mehmet Efendi Türk Kahvesi 500 G,migros
migros-03211954,0.0,,899.5,Hisar Kahve 100 G,migros
migros-03212001,0.0,,1175.0,Arabağa Türk Kahvesi 100 G,migros
migros-03212002,0.0,,1119.8,Arabağa Türk Kahvesi 250 G,migros
migros-03134390,0.0,,4653.45,Doğadan Ayvalı Ihlamur Çayı 18'li 29 G,migros
migros-03212012,0.0,,1143.8,Cezbeli Türk Kahvesı 250 G,migros
migros-03212013,0.0,,1517.56,Cezbeli Türk Kahvesi 24 x 7 G,migros
migros-03212017,0.0,,959.5,Kocatepe 1949 Türk Kahvesi 100 G,migros
migros-03221309,0.0,,1995.0,Nescafé Classic Ekonomik Paket 100 G,migros
migros-03212019,0.0,,1399.5,Kocatepe Damla Sakızlı Türk Kahvesi 100 G,migros
migros-03212044,0.0,,935.0,Cezbeli Türk Kahvesi 100 G,migros
migros-03212063,0.0,,888.89,İstanbul Hazır Türk Kahvesi Orta 9 G,migros
migros-03212064,0.0,,800.0,İstanbul Hazır Türk Kahvesi Şekerli 10 G,migros
migros-03212075,0.0,,1099.5,Tchibo Türk Kahvesi 100 G,migros
migros-03212076,0.0,,1520.83,Kurukahveci Mehmet Efendi Türk Kahvesi 12 x 6 G,migros
migros-03212078,0.0,,799.5,İstanbul Türk Kahvesi 100 G,migros
migros-03212079,0.0,,1039.5,Sahure Hanım Türk Kahvesi 100 G,migros
migros-03212080,0.0,,519.8,Shazel Osmanlı Dibek Kahvesi 250 G,migros
migros-03212081,0.0,,382.5,İstanbul Osmanlı Dibek Kahvesi 200 G,migros
migros-03212082,0.0,,1719.6,Zel Kolajenli Türk Kahvesi 125 G,migros
migros-03140030,0.0,,6272.55,Lipton Vanilya Karamel Tutkusu Poşet Çay 15'li 25.5 G,migros
migros-03212018,0.0,,1058.0,Kocatepe 1949 Türk Kahvesi Teneke 250 G,migros
migros-03134389,0.0,,3714.29,Doğadan Zencefil Limonlu Bitki Çayı 18'li 35 G,migros
migros-03132174,0.0,,2665.0,Doğuş Detox Karışık Bitki Çayı 20'li 30 G,migros
migros-03134392,0.0,,4482.76,Doğadan Ihlamurlu Karışık Bitki Çayı 18'li 29 G,migros
migros-03134393,0.0,,5622.92,Doğadan Rahat Hisset Çayı 18'li 24 G,migros
migros-03134394,0.0,,4998.15,Doğadan İyi Uykular Çayı 18'li 27 G,migros
migros-03140001,0.0,,5473.81,Doğadan Probiyotik Beyaz Çay Kara Mürverli 14'lü 21 G,migros
migros-03140002,0.0,,4442.59,Herby Yeşil Çay Şeftali & Vanilya 18'li 27 G,migros
migros-03140003,0.0,,4442.59,Herby Yeşil Çay Çilek & Lime 18'li 27 G,migros
migros-03140004,0.0,,4442.59,Herby Yeşil Çay Mango & Ananas 18'li 27 G,migros
migros-03140005,0.0,,4072.22,Herby Yeşil Kahve Çekirdekli Fit Çay 18'li 27 G,migros
migros-03140006,0.0,,4072.22,Herby Zencefilli ve Ballı Kış Çayı 18'li 27 G,migros
migros-03140008,0.0,,3592.19,Mesh Stick Orman Meyve Karışımı Meyve Çayı 16'lı 32 G,migros
migros-03210009,0.0,,714.5,Migros Türk Kahvesi 100 G,migros
migros-03140014,0.0,,2873.75,Teekanne Kiraz Meyve Çayı 20'li 40 G,migros
migros-03140015,0.0,,2873.75,Teekanne Şeftali Meyve Çayı 20'li 40 G,migros
migros-03140025,0.0,,4759.52,Herby 7 Gün Kayısı ve Maydanozlu Fit Çay 14'lü 21 G,migros
migros-03140029,0.0,,7108.89,Lipton Kırmızı Meyve Rüyası Bardak Çay 15'li 22.5 G,migros
migros-03134154,0.0,,3969.12,Doğadan Yeşil Çay Limonlu 20'li 34 G,migros
migros-03140031,0.0,,4814.81,Doğadan Form Mango Şeftali Aromalı Avokado Yaprağı 18'li 27 G,migros
migros-03142920,0.0,,2708.33,Doğadan Kuşburnu Çayı Poşet 20'li 48 G,migros
migros-03142921,0.0,,3551.32,Doğadan Böğürtlen Çayı Poşet 20'li 38 G,migros
migros-03143915,0.0,,2299.0,Lipton Kuşburnu Bardak Poşet Çay 20'li 50 G,migros
migros-03210003,0.0,,1899.5,Starbucks Veranda Blend Türk Kahvesi 100 G,migros
migros-03210004,0.0,,819.5,Cafe Crown Türk Kahvesi 100 G,migros
migros-03210008,0.0,,1049.5,Kahve Dünyası Orta Kavrulmuş Türk Kahvesi 100 G,migros
migros-03140013,0.0,,2873.75,Teekanne Limon Meyve Çayı 20'li 40 G,migros
migros-03220061,0.0,,6325.96,L'or Vanilya Aromalı Kapsül Kahve 10'lu 52 G,migros
migros-03220065,0.0,,389.29,Migros 2'si1 Arada 14 G,migros
migros-03220066,0.0,,302.78,Migros 3'ü1 Arada 18 G,migros
migros-03220067,0.0,,302.78,Migros 3'ü1 Arada Fındık Aromalı 18 G,migros
migros-03212088,0.0,,965.0,Tahmis Türk Kahvesi Paket 100 G,migros
migros-03220072,0.0,,1239.67,Nescafe 2'si 1 Arada Paket 15 x 10 G,migros
migros-03220074,0.0,,472.22,Migros Mocha 18 G,migros
migros-03220075,0.0,,6964.29,Nescafe Gold 7 x 2 G,migros
migros-03220076,0.0,,906.82,Migros Ekstra Mocha 22 G,migros
migros-03220078,0.0,,927.91,Migros Ekstra Karamel Aromalı Latte 21.5 G,migros
migros-03220079,0.0,,1425.0,Migros Ekstra Latte 14 G,migros
migros-03220081,0.0,,277.5,Migros 3'ü1 Arada 10 x 18 G,migros
migros-03212089,0.0,,1070.0,Tahmis Türk Kahvesi Teneke Kutu 250 G,migros
migros-03220083,0.0,,4831.58,Jacobs Southeast Origin 6KVN 95 G,migros
migros-03220128,0.0,,1438.08,Jacobs Gold 2'si 1 Arada Yoğun Lezzet 10 x 13 G.,migros
migros-03220129,0.0,,1534.62,Jacobs Gold 2'si1 Arada Yoğun Lezzet 13 G,migros
migros-03220144,0.0,,2799.8,Davidoff Espresso 57 Dark & Chocolatey Öğütülmüş Kahve 250 G,migros
migros-03220145,0.0,,927.91,Migros Ekstra Fındık Aromalı Latte 21.5 G,migros
migros-03220146,0.0,,7221.67,Davidoff Brazil Çözünebilir Kahve 90 G,migros
migros-03220148,0.0,,7221.67,Davidoff Espresso 57 Dark & Chocolatey Çözünebilir Kahve 90 G,migros
migros-03220030,0.0,,1339.8,Kahve Dünyası Filtre Kahve 250 G,migros
migros-03220150,0.0,,5207.29,Eduscho Espresso Classic 10'lu Kapsül Kahve 48 G,migros
migros-03220151,0.0,,5207.29,Eduscho Lungo Strong 10'lu Kapsül Kahve 48 G,migros
migros-03221301,0.0,,3299.5,Nescafé Classic 100 G,migros
migros-03221302,0.0,,2999.75,Nescafé Classic Kahve 200 G,migros
migros-03220082,0.0,,1563.04,Starbucks Hazelnut Mocha 23 G,migros
migros-03212090,0.0,,965.0,Tahmis Sütlü Toz Menengiç Kahvesi Paket 100 G,migros
migros-03212091,0.0,,995.0,Tahmis Osmanlı Kahvesi Paket 100 G,migros
migros-03212092,0.0,,1199.5,Tahmis Dibek Kahvesi Paket 100 G,migros
migros-03212093,0.0,,999.5,Tahmis Kakuleli Türk Kahvesi Paket 100 G,migros
migros-03212094,0.0,,1153.25,Tahmis Sıvı Menengiç Kahvesi Cam Kavanoz 600 G,migros
migros-03220009,0.0,,1428.57,"Nescafe 3ü1 Arada Ice Orijinal 10,5 G",migros
migros-03220010,0.0,,1415.09,"Nescafe 3ü1 Arada Ice Choco Çikolata Aromalı 10,6 G",migros
migros-03220011,0.0,,12333.33,"Nescafé Ice Original 10,5 G 10'lu Paket",migros
migros-03220012,0.0,,1221.7,Nescafe 3ü1 Arada Ice Choco Çikolata Aromalı 10 x 10.6 G,migros
migros-03220013,0.0,,1380.95,Jacobs 2 si 1 Arada 10.5 G,migros
migros-03220014,0.0,,1190.48,Jacobs 2 si 1 Arada Paket 10 x 10.5 G,migros
migros-03220017,0.0,,3295.33,"Shazel Probiyotikli & Prebiyotikli Yeşil Kahve 14 x 2,6 G",migros
migros-03220060,0.0,,6325.96,L'or Çikolata Aromalı Kapsül Kahve 10'lu 52 G,migros
migros-03220022,0.0,,1599.8,Kahve Dünyası Kolombiya Filtre Kahve 250 G,migros
migros-03212003,0.0,,1199.5,Hisar Damla Sakızlı Türk Kahvesi 100 G,migros
migros-03220031,0.0,,2289.95,Jacobs Barista Çekirdek Espresso Kahve 1 Kg,migros
migros-03220032,0.0,,2289.95,Jacobs Barista Çekirdek Crema Italiano Kahve 1 Kg,migros
migros-03220033,0.0,,1699.9,Eduscho Caffe Crema Strong Çekirdek Kahve 500 G,migros
migros-03220034,0.0,,1699.9,Eduscho Espresso Intenso Çekirdek Kahve 500 G,migros
migros-03220035,0.0,,1699.9,Eduscho Espresso Classic Çekirdek Kahve 500 G,migros
migros-03220036,0.0,,1399.8,Eduscho Traditional Filtre Kahve 250 G,migros
migros-03220041,0.0,,1428.57,"Nescafe Ice Toffee Nut Aromalı 10,5 G",migros
migros-03220042,0.0,,1018.77,"Nescafe Latte Paket 9 x 14,5 G",migros
migros-03220043,0.0,,849.35,Nescafe Mocha Multi Paket 9 x 17 G,migros
migros-03220051,0.0,,1069.0,Migros Klasik Kahve 100 G,migros
migros-03220020,0.0,,1599.8,Kahve Dünyası Guatemala Filtre Kahve 250 G,migros
migros-03500009,0.0,,572.25,Haribo Super Mix 200 G,migros
migros-03500020,0.0,,818.12,Jelibon Sourpatch Peach 80 G,migros
migros-03500021,0.0,,740.31,Jelibon Sour Patch Kids Strawberry 160 G,migros
migros-03272068,0.0,,6362.73,Davidoff Fine Aroma Espresso Kapsül Kahve 10'lu 55 G,migros
migros-03500023,0.0,,740.31,Jelibon Sour Patch Kids Peach 160 G,migros
migros-03500024,0.0,,740.31,Jelibon Sour Patch Kids Tropikal 160 G,migros
migros-03500025,0.0,,818.12,Jelibon Sour Patch Kids Torpical 80 G,migros
migros-03500027,0.0,,561.88,Ülker Yupo Eğlenjeli Çilek 80 G,migros
migros-03500028,0.0,,561.88,Ülker Yupo Eğlenjeli İçecekler 80 G,migros
migros-03500029,0.0,,561.88,Ülker Yupo Eğlenjeli Karpuz 80 G,migros
migros-03500030,0.0,,478.0,Migros Kürecik Meyve Aromalı Çiğnenebilir Şekerleme 25 G,migros
migros-03242957,0.0,,2299.95,Tchibo Barista Espresso Çekirdek Kahve 1 Kg,migros
migros-03500033,0.0,,1391.07,Olips Şeftali Frambuaz & Mentol Aromalı Şekerleme 28 G,migros
migros-03500039,0.0,,735.0,Haribo Miami Ekşii 70 G,migros
migros-03502133,0.0,,653.75,Haribo Ekşi Miami 120 G,migros
migros-04055091,0.0,,278.0,Sana Sütlüm Paket Margarin 250 G,migros
migros-04055092,0.0,,198.67,Bizim Yağ Klasik Paket 3 x 250 G,migros
migros-04055097,0.0,,326.0,Bizim Kase Margarin 250 G,migros
migros-04110062,0.0,,117.39,Komili Ayçiçek Yağı 5 L,migros
migros-03312837,0.0,,189.9,Irmak Kahverengi Toz Şeker 500 G,migros
migros-04110087,0.0,,119.99,Yudum Ayçiçekyağı 5 L (Köşeli Pet),migros
migros-04110118,0.0,,125.95,Migros Ayçiçek Yağı 1 L,migros
migros-04110119,0.0,,117.98,Migros Ayçiçek Yağı 2 L,migros
migros-04110120,0.0,,89.0,Migros Ayçiçek Yağı 5 L Köşeli Pet,migros
migros-03500032,0.0,,735.0,Haribo Şeftali 70 G,migros
migros-03272071,0.0,,6362.73,Davidoff Crema Intense Lungo Kapsül Kahve 10'lu 55 G,migros
migros-03310001,0.0,,139.9,Kayseri Şeker Kahverengi Şeker 500 G,migros
migros-03310004,0.0,,52.95,Migros Toz Şeker 1 Kg,migros
migros-03310005,0.0,,49.98,Migros Toz Şeker 3 Kg,migros
migros-03310006,0.0,,45.99,Migros Toz Şeker 5 Kg,migros
migros-03310007,0.0,,45.99,Türk Şeker Kristal Toz Şeker 5 Kg,migros
migros-03310010,0.0,,51.99,Bor Şeker Toz Şeker 5 Kg,migros
migros-03310012,0.0,,45.0,Kayseri Şeker Toz Şeker 5 Kg,migros
migros-03310066,0.0,,139.9,Migros Esmer Toz Şeker 500 G,migros
migros-03311032,0.0,,61.95,Irmak Toz Şeker 1 Kg,migros
migros-03311033,0.0,,55.98,Irmak Kristal Toz Şeker 3 Kg,migros
migros-03311034,0.0,,51.99,Irmak Toz Şeker 5 Kg,migros
migros-03500007,0.0,,489.0,Ülker Yupo Metre Çilek Aromalı 50 G,migros
migros-03272019,0.0,,3124.75,Starbucks Single Origin Colombia Öğütülmüş Kahve 200 G,migros
migros-03312867,0.0,,279.9,Takita Kahverengi Toz Şeker 500 G,migros
migros-03312872,0.0,,77.27,Irmak Küp Şeker 750 G,migros
migros-03320002,0.0,,139.9,Kayseri Şeker Kahverengi Küp Şeker 500 G,migros
migros-03320007,0.0,,61.95,Migros Küp Şeker 1 Kg,migros
migros-03321714,0.0,,64.95,Irmak Küp  Şeker 1 Kg,migros
migros-03321767,0.0,,189.9,Irmak Kahverengi Küp Şeker 500 G,migros
migros-03321776,0.0,,359.9,Takita Kahverengi Küp Şeker 500 G,migros
migros-03321909,0.0,,55.3,Albeyaz Erzurum Kıtlama Şeker 3 Kg,migros
migros-03321915,0.0,,327.9,Kayseri Şeker Organik Kristal Şeker 500 G,migros
migros-03331122,0.0,,1100.0,Dr.Oetker Soğuk Kahve 50 G,migros
migros-03500006,0.0,,489.0,Ülker Yupo Jelly Metre Kola 50 G,migros
migros-03312736,0.0,,51.99,Torku Toz Şeker 5 Kg,migros
migros-04110078,0.0,,107.19,Emek Ayçiçek Yağı 5 L Köşeli Pet,migros
migros-04130234,0.0,,689.9,Güven Asa Soğuk Sıkım Natürel Sızma Zeytinyağı 500 Ml,migros
migros-04130235,0.0,,759.9,Güven Asa Erken Hasat Soğuk Sıkım Natürel Sızma Zeytinyağı 500 Ml,migros
migros-04130246,0.0,,499.95,Güvenasa Naturel Sızma Zeytinyağı 1 L,migros
migros-04130251,0.0,,999.9,The Mill Erken Hasat Natürel Sızma Zeytinyağı 500 Ml,migros
migros-04130255,0.0,,959.9,İlizi Organik Naturel Sızma Zeytinyağı 500 Ml,migros
migros-04130259,0.0,,699.8,Datçam Natürel Birinci Taş Baskı Zeytinyağı 500 Ml,migros
migros-04130264,0.0,,524.98,Komili Banmalık Soğuk Sıkım Natural Sızma Zeytinyağı 2 L,migros
migros-04130266,0.0,,1363.48,Aivalos Yakart Acı Kırmızı Biber Çeşnili Zeytinyağı 330 Ml,migros
migros-04130268,0.0,,739.9,Kristal Tarsus Sarı Ulak Natürel Sızma Zeytinyağı 500 Ml,migros
migros-04130278,0.0,,799.9,Anadolu Lezzetleri Burhaniye Erken Hasat Soğuk Sıkım Zeytinyağı 500 Ml,migros
migros-04130279,0.0,,1799.9,Barbera Organik Soğuk Sıkım Naturel Sızma Zeytinyağı 500 Ml,migros
migros-04110123,0.0,,101.99,Abalı Ayçiçek Yağı 5 L,migros
migros-04130282,0.0,,599.9,Aivalos Sızart Sızma Zeytinyağı 500 Ml,migros
migros-04130283,0.0,,466.6,Aivalos Cızart Riviera Zeytinyağı 750 Ml,migros
migros-04130284,0.0,,906.6,Aivalos Sızma Zeytinyağı Century 750 Ml,migros
migros-04112442,0.0,,253.27,Yudum Şef Gibi Ayçiçek Yağı Fişek Ambalaj Pet 750 Ml,migros
migros-04130292,0.0,,509.95,Kristal Natürel Sızma Zeytinyağı Dolgun Güçlü Cam Şişe 1 L,migros
migros-04130296,0.0,,589.9,Yudum Egemden Şef Gibi Yumuşak Sızma Zeytinyağı 500 Ml,migros
migros-04130297,0.0,,1199.9,Olimilas Mature Soğuk Sıkım Zeytinyağı 500 Ml,migros
migros-04130299,0.0,,429.95,Olivepia Altınözü Naturel Sızma Zeytinyağı 1 L,migros
migros-04130344,0.0,,1333.0,İlizi Sprey Organik Naturel Sızma Zeytinyağı 150 Ml,migros
migros-04130356,0.0,,449.98,Kristal Soğuk Sıkım Anadolu Mirası Natüral Sızma 2 L,migros
migros-04130360,0.0,,1999.9,Novavera Ayvalık Erken Hasat Natürel Sızma Zeytinyağı 500 Ml,migros
migros-04130361,0.0,,1999.9,Novavera Memecik Erken Hasat Natürel Sızma Zeytinyağı 500 Ml,migros
migros-04130280,0.0,,1599.9,Barbera Soğuk Sıkım Naturel Sızma Zeytinyağı 500 Ml,migros
migros-04110128,0.0,,799.8,Yudum Airfry'a Özel Sprey Ayçiçek Yağı Cam 250 Ml,migros
migros-04110401,0.0,,219.95,Yudum Ayçiçekyağı 1 L,migros
migros-04110402,0.0,,179.98,Yudum Ayçiçekyağı 2 L,migros
migros-04110403,0.0,,159.98,Yudum Ayçiçekyağı Köşeli Pet 3L,migros
migros-04110413,0.0,,117.99,Torku Ayçiçek Yağı 5 L Pet,migros
migros-04110419,0.0,,124.99,Yudum Ayçiçek Yağı 4 L Pet,migros
migros-04111097,0.0,,214.95,Komili Ayçiçek Yağı 1 L,migros
migros-04111098,0.0,,174.98,Komili Ayçiçek Yağı 2 L,migros
migros-04112440,0.0,,101.99,Bizce Ayçiçek Yağı Pet 5 L,migros
migros-04112441,0.0,,89.0,Migros Ayçiçek Yağı 5 L,migros
migros-03500022,0.0,,818.12,Jelibon Sour Patch Strawberry 80 G,migros
migros-04120401,0.0,,182.95,Sırma Mısır Yağı 1 L,migros
migros-04130232,0.0,,799.9,Asiltane Soğuk Sıkım Natürel Sızma Zeytinyağı 500 Ml,migros
migros-04130017,0.0,,479.98,Yudum Egemden Sızma Zeytinyağı Yumuşak Lezzet 2 L,migros
migros-04130081,0.0,,1080.0,Ayhan Sicimoğlu Sızma Zeytinyağı 500 Ml,migros
migros-04130088,0.0,,959.9,Asiltane Erken Hasat Soğuk Sıkım Zeytinyağı 500 Ml,migros
migros-04130089,0.0,,1199.9,Nermin Hanım Erken Hasat Soğuk Sıkım Zeytinyağı 500ml,migros
migros-04130118,0.0,,474.98,Kristal Sızma Zeytinyağı Pet 2 L,migros
migros-04130119,0.0,,499.95,Kristal Sızma Zeytinyağı Lezzet 1 L,migros
migros-04130150,0.0,,554.95,Komili Banmalık Soğuk Sıkım Natürel Sızma Zeytinyağı Pet 1 L,migros
migros-04130219,0.0,,569.95,Tariş Naturel Sızma Zeytinyağı 1 L,migros
migros-04130220,0.0,,569.9,Hayat Hatay Naturel Sızma Soğuk Sıkım Zeytinyağı 500 Ml,migros
migros-04130221,0.0,,1479.8,Tariş Naturel Sızma Zeytiyağı Sprey 250 Ml,migros
migros-04130226,0.0,,392.95,Migros Natürel Sızma Zeytinyağı 1 L,migros
migros-04130227,0.0,,225.0,Migros Riviera Zeytinyağı 2 L,migros
migros-04120402,0.0,,174.98,Sırma Mısır Yağı 2 L,migros
migros-03270030,0.0,,2498.0,L'or Beans Columbia Kavrulmuş Kahve Çekirdeği 500 G,migros
migros-03270031,0.0,,2498.0,L'or Beans Crema Abs Kavrulmuş Kahve Çekirdeği 500 G,migros
migros-03270034,0.0,,1999.75,Jacobs Barista Edition Medium 200 G,migros
migros-03270035,0.0,,2922.5,Jacobs Barista Edition Intense 200 G,migros
migros-03270064,0.0,,1248.0,Joe&Co Filtre Kahve Night Shift 250 G,migros
migros-03270065,0.0,,1248.0,Joe&Co All Day Blend Kavrulmuş Çekirdek Kahve 250 G,migros
migros-03270066,0.0,,1248.0,Joe&Co Filtre Kahve All Day Blend 250 G,migros
migros-03270067,0.0,,1248.0,Joe&Co Filtre Kahve Morning Blend 250 G,migros
migros-03270068,0.0,,1150.0,İstanbul Kahve Espresso Bar 1 Kg,migros
migros-03270069,0.0,,1699.9,Eduscho Crema Gold Çekirdek Kahve 500 G,migros
migros-03242973,0.0,,6325.96,L'or Espresso 10 Supremo Kapsül Kahve 10'lu 52 G,migros
migros-03272070,0.0,,6362.73,Davidoff Crema Elegant Kapsül Kahve 10'lu 55 G,migros
migros-03270075,0.0,,3199.8,Kronotrop Sip Happens Espresso Çekirdek Kahve 250G,migros
migros-03270096,0.0,,2299.95,Tchibo Barista Origins Colombia Çekirdek Kahve 1 Kg,migros
migros-03270112,0.0,,4230.13,Tchibo Cafissimo Barista Caffe Crema 10'lu  Kapsül 78 G,migros
migros-03270113,0.0,,2753.3,Juan Valdez Volcan Premium Arabica Kahve 454 G,migros
migros-03270114,0.0,,4230.13,Tchibo Cafissimo Barista Espresso Brasİl 10'lu Kapsül 78 G,migros
migros-03270115,0.0,,309.95,Tchibo Cafissimo Coffee Intense Aromalı Kapsül Kahve 10'lu,migros
migros-03270118,0.0,,1399.8,Eduscho Family Classic Coffee Filtre Kahve 250 G,migros
migros-03270120,0.0,,7245.1,Starbucks By Nespresso Smooth Caramel Kapsül Kahve 10'lu 51 G,migros
migros-03270122,0.0,,1999.8,Tchibo Exclusive Well Balanced Taste Filtre Kahve 250 G,migros
migros-03270123,0.0,,7245.1,Starbucks By Nespresso Creamy Vanilla Kapsül Kahve 10'lu 51 G,migros
migros-03270126,0.0,,1999.75,Moliendo Kolajenli ve Yüksek Lifli Form Kahvesi 200 G,migros
migros-03270127,0.0,,1439.8,Atatürk Orman Çiftliği Filtre Kahve 250 G,migros
migros-03270074,0.0,,3199.8,Kronotrop Drip Happens Filtre Çekirdek Kahve 250 G,migros
migros-03242958,0.0,,2299.95,Tchibo Barista Caffe Crema Çekirdek Kahve 1 Kg,migros
migros-03242959,0.0,,2599.9,Tchibo Brazil Mild Çekirdek Kahve 500 G,migros
migros-03242971,0.0,,3124.75,Starbucks Çekirdek Kahve Medium Pike Place 200 G,migros
migros-03242972,0.0,,3124.75,Starbucks Çekirdek Kahve Espresso Roast 200 G,migros
migros-03240022,0.0,,7271.82,The Whirl Espresso Earth Series Forest Kapsül 10'lu 55 G,migros
migros-03242976,0.0,,6325.96,L'or Espresso 07 Splendente Kapsül Kahve 10'lu 52 G,migros
migros-03242977,0.0,,6325.96,L'or Espresso 08 Lungo Profondo Kapsül Kahve 10'lu  52 G,migros
migros-03250002,0.0,,1029.41,Nescafé Mocha Çikolatalı & Köpüklü Kahve Karışımı 17 G,migros
migros-03250003,0.0,,1250.0,Nescafe Cappuccino Kahve Karışımı 14 G,migros
migros-03250006,0.0,,1206.9,Nescafe Latte Sütlü ve Köpüklü Kahve Karışım 14.5 G,migros
migros-03252273,0.0,,1023.08,Jacobs Cappucino Dubai Chocolate 19.5 G,migros
migros-03252274,0.0,,1425.0,Migros Ekstra Cappuccino 14 G,migros
migros-03270025,0.0,,5933.96,Starbucks By Nespresso Blonde Espresso Kapsül Kahve 10'lu 53 G,migros
migros-03252558,0.0,,1563.04,Starbucks Caramel Latte Premium Kahve Karışımı 23 G,migros
migros-03252559,0.0,,1672.09,Starbucks Vanilla Latte Premium Kahve Karışımı 21.5 G,migros
migros-03252560,0.0,,1634.09,Starbucks Caffe Mocha Premium Kahve Karışımı 22 G,migros
migros-03252561,0.0,,1997.22,Starbucks Cappuccino Premium Kahve Karışımı 18 G,migros
migros-03252563,0.0,,1497.92,Starbucks White Mocha Kahve Karışımı 24 G,migros
migros-03261301,0.0,,6299.5,Nescafe Gold Kafeinsiz Kahve 100 G,migros
migros-03261412,0.0,,5499.5,Tchibo Exclusive Decaf Hazır Kahve 100 G,migros
migros-03240116,0.0,,6091.35,Jacobs Lungo6 Decaff Kafeinsiz Kapsül Kahve 20'li 104 G,migros
migros-03270011,0.0,,1155.33,Migros Filtre Kahve Kolombiya 225 G,migros
migros-03270012,0.0,,1155.33,Migros Filtre Kahve Guatemala 225 G,migros
migros-03270013,0.0,,1199.78,Migros Filtre Kahve Etiyopya 225 G,migros
migros-03270014,0.0,,1044.44,Migros Filtre Kahve Kenya 225 G,migros
migros-03252557,0.0,,1997.22,Starbucks Caffe Latte Premium Kahve Karışımı 18 G,migros
migros-03271979,0.0,,5556.73,Jacobs Capsule Lungo 8 Intenso 10'lu 52 G,migros
migros-03271992,0.0,,2498.75,Dripesso Pratik Filtre Kahve 5 x 8 G,migros
migros-03271993,0.0,,1380.0,Kurukahveci Mehmet Efendi Colombian Filtre Kahve 250 G,migros
migros-03272003,0.0,,1582.0,Jacobs Selection Filtre Kahve 250 G,migros
migros-03272005,0.0,,4427.86,Tchibo Caffe Crema Fine Aroma 10'lu Kapsül 70 G,migros
migros-03272015,0.0,,2519.8,Tchibo African Blue Filtre Kahve 250 G,migros
migros-03272016,0.0,,2199.8,Tchibo Exclusive Decaf Filtre Kahve 250 G,migros
migros-03270130,0.0,,6139.25,Jacobs Origins Single Guatemala Kapsül Kahve 18'li 93 G,migros
migros-03272020,0.0,,3124.75,Starbucks House Blend Öğütülmüş Kahve 200 G,migros
migros-03272021,0.0,,3124.75,Starbucks Veranda Blend Öğütülmüş Kahve 200 G,migros
migros-03272022,0.0,,1380.0,Kurukahveci Mehmet Efendi Espresso Kahve 250 G,migros
migros-03272024,0.0,,1280.0,Kurukahveci Mehmet Efendi Brazilian Filtre Kahve 250 G,migros
migros-03270128,0.0,,2699.9,The Whirl Central America Omni Roast Çekirdek Kahve 500 G,migros
migros-03272041,0.0,,3124.75,Starbucks Verona Blend Öğütülmüş Kahve 200 G,migros
migros-03272042,0.0,,919.9,Caffe Milano Filtre Kahve 500 G,migros
migros-03272043,0.0,,2498.75,Dripesso Dark Roast Pratik Filtre Kahve 5'li 40 G,migros
migros-03272044,0.0,,1559.8,Nescafe Gold Filtre Kahve 250 G,migros
migros-03272045,0.0,,1044.44,Migros Filtre Kahve 225 G,migros
migros-03272052,0.0,,1993.75,İstanbul Kahve Express Filtre Kahve Dark Rost 8 G,migros
migros-03272053,0.0,,1993.75,İstanbul Kahve Express Filtre Kahve Süt Aromalı 8 G,migros
migros-03272061,0.0,,1380.0,Kurukahveci Mehmet Efendi Ethiopian Filtre Kahve 250 G,migros
migros-03272065,0.0,,1399.8,Cafe Crown Filtre Kahve 250 G,migros
migros-03272067,0.0,,6362.73,Davidoff Espresso 57 Ristretto Kapsül Kahve 10'lu 55 G,migros
migros-03271946,0.0,,2199.8,Tchibo Espresso Sicilia 250 G,migros
migros-03272069,0.0,,6362.73,Davidoff Rich Aroma Espresso Kapsül Kahve 10'lu 55 G,migros
migros-03272040,0.0,,1719.6,Zel Kolajenli Filtre Kahve 125 G,migros
migros-03270129,0.0,,2994.75,Jacobs Origins Fusion Brazil & Colombia Filtre Kahve 200 G,migros
migros-03261413,0.0,,2190.0,Kurukahveci Mehmet Efendi Kafeinsiz Türk Kahvesi 50 G,migros
migros-03270131,0.0,,2994.75,Jacobs Origin Fusion Uganda & Kenya Filtre Kahve 200 G,migros
migros-03270132,0.0,,2399.95,Jacobs Origins Brazil & Colombia Citrus & Nutty 1 Kg,migros
migros-03270133,0.0,,6139.25,Jacobs Origins Single Colombia Kapsül Kahve 18'li 93 G,migros
migros-03270134,0.0,,2699.9,The Whirl East Africa Omni Roast Çekirdek Kahve 500 G,migros
migros-03270135,0.0,,2399.95,Jacobs Origins Fusion Uganda & Kenya 1 Kg,migros
migros-03270141,0.0,,329.95,Tchibo Cafissimo Barista Caffe Crema Colombia 10'lu,migros
migros-03270142,0.0,,4078.29,Tchibo Cafissimo Caffe Crema Kapsül Kahve 10'lu 76 G,migros
migros-03270176,0.0,,2699.8,Moliendo Half Caff % 50 Kafeinli Blend Kahve 250 G,migros
migros-03270179,0.0,,2699.8,Moliendo Half Caff Blend Öğütülmüş Filtre Kahve 250 G,migros
migros-03271405,0.0,,2151.8,Jacobs Monarch Filtre Kahve 250 G,migros
migros-03271978,0.0,,5556.73,Jacobs Capsule Lungo 6 Classico 10'lu 52 G,migros
migros-03271439,0.0,,3305.65,Juan Valdez %100 Organik Filtre Kahve 283 G,migros
migros-03271441,0.0,,2682.0,Juan Valdez Seleccion Premium Cumbre Filtre Kahve 250 G,migros
migros-03271443,0.0,,2526.5,Juan Valdez Single Origin Huila Öğütülmüş Kahve 283 G,migros
migros-03271453,0.0,,2752.2,Juan Valdez Santander Kolombiya Çekirdek Kahve 454 G,migros
migros-03270072,0.0,,1699.95,Tchibo Gold Selection Çekirdek Kahve 1 Kg,migros
migros-03271947,0.0,,2519.8,Tchibo Latin Grande Filtre Kahve 250 G,migros
migros-03271961,0.0,,2519.8,Tchibo Brazil Mild Filtre Kahve 250 G,migros
migros-03271968,0.0,,1599.8,Tchibo Gold Selection Filtre Kahve 250 G,migros
migros-03271974,0.0,,4713.57,Tchibo Cafissimo Espresso Vanilya Kapsül 10'lu 70 G,migros
migros-03271975,0.0,,4399.33,Tchibo Cafissimo Espresso Caramel Kapsül 10'lu 75 G,migros
migros-03271976,0.0,,5556.73,Jacobs Capsule Espresso 7 Classico 10'lu 52 G,migros
migros-03271977,0.0,,5556.73,Jacobs Capsule Espresso 10 Intenso 10'lu 52 G,migros
migros-03271406,0.0,,1991.0,Jacobs Monarch Filtre Kahve 500 G,migros
a101-23001234,0.0,,274.42,Kotex Parfümsüz Hijyenik Günlük Ped 56'lı,a101
a101-23001421,0.0,,1796.89,Orkid Platinum Gece Extra Hijyenik Ped 10'lu,a101
a101-23001427,0.0,,124.84,Papia Biocare Kağıt Havlu 3 Katlı 6'lı,a101
a101-23001433,0.0,,46.44,Sleepy Çamlı Mop Yüzey Temizleme Havlusu XL 50'li,a101
a101-23001434,0.0,,46.44,Sleepy Arap Sabunlu Mop Yüzey Temizleme Havlusu XL 50'li,a101
a101-23001437,0.0,,67.84,Select Nature Kağıt Havlu 3 Katlı 6'lı ,a101
a101-23001439,0.0,,125.37,Papia BioCare Tuvalet Kağıdı 3 Katlı 8'li ,a101
a101-23001440,0.0,,706.94,Orkid Ultra Normal Hijyenik Ped 16'lı ,a101
a101-23001441,0.0,,326.8,Selpak Extra Desenli Peçete 20'li ,a101
a101-23001442,0.0,,583.33,Sleepy Zeytinyağlı Islak Mendil 3x15 Adet,a101
a101-23001443,0.0,,136.0,Sleepy Yüzey Temizlik Havlusu Doğal Limon Yağı 100'lü,a101
a101-27002837,0.0,,211.54,Ülker Yupo Eğleneceli Kalpler Çilek Aromalı Yumuşak Şeker 130 G ,a101
a101-23001445,0.0,,138.69,Sleepy Yüzey Temizleme Havlusu Doğal Aloe Vera Özü 100'lü,a101
a101-23001446,0.0,,82.75,Sleepy Lavanta Mopa Uyumlu Yer Temizlik Havlusu 50'li ,a101
a101-23001339,0.0,,463.92,Sleepy Natural Günlük Hijyenik Ped 40'lı,a101
a101-23001340,0.0,,947.06,Molped Pure & Soft Ultra Gece Hijyenik Ped 6'lı ,a101
a101-23001362,0.0,,342.26,La Belle Ultra Gece Hijyenik Ped 14'lü,a101
a101-23001454,0.0,,157.42,Solo Bambu Katkılı 2 Katlı Tuvalet Kağıdı 16'lı,a101
a101-23001455,0.0,,180.98,Solo Bambu Kağıt Havlu 2 Katlı 6'lı,a101
a101-23001456,0.0,,78.12,Komili Islak Havlu 90'lı,a101
a101-23001457,0.0,,132.76,Solo Yaseminli Yüzey Temizleme Havlusu 100'lü,a101
a101-23001460,0.0,,639.78,Molped Supernight Gece Hijyenik Ped 14'lü,a101
a101-23001461,0.0,,985.82,Molped Yoğun Koruma Günlük Hijyenik Ped 60'lı,a101
a101-23001463,0.0,,125.26,Sleepy Lilyum Buketi Yüzey Temizlik Havlusu 100'lü,a101
a101-23001444,0.0,,138.69,Sleepy Yüzey Temizlik Havlusu Lavanta 100'lü,a101
a101-23001282,0.0,,106.44,Sleepy Beyaz Sabun Katkılı Yüzey Temizlik Havlusu 100'lü,a101
a101-23001290,0.0,,97.15,Solo Bambu Tuvalet Kağıdı 40'lı ,a101
a101-23001291,0.0,,100.0,Solo Bambu Kağıt Havlu 16'lı ,a101
a101-23001312,0.0,,99.17,Sleepy Çamaşır Suyu Katkılı Yüzey Temizlik Havlusu 100'lü ,a101
a101-23001322,0.0,,86.58,Aqua Bambu 3 Katlı Tuvalet Kağıdı 40’lı,a101
a101-23001323,0.0,,93.82,Aqua Bambu 3 Katlı Kağıt Havlu 12'li,a101
a101-23001324,0.0,,126.88,Aqua Bambu Dev Kağıt Havlu,a101
a101-23001325,0.0,,188.1,Solo 3 Katlı Kağıt Mendil 10'lu,a101
a101-23000939,0.0,,142.0,Selpak 3 Katlı Kağıt Havlu 6'lı,a101
a101-23000974,0.0,,1421.05,Orkid Platinum Uzun Hijyenik Ped 12'li,a101
a101-23000975,0.0,,1421.05,Orkid Platinum Normal Hijyenik Ped 14'lü ,a101
a101-23001363,0.0,,354.94,La Belle Ultra Normal Hijyenik Ped 20'li ,a101
a101-23001231,0.0,,124.63,Papia İpek Özlü 3 Katlı Kağıt Havlu 8'li,a101
a101-23001365,0.0,,98.2,Mistral Doğa Dostu Tuvalet Kağıdı 2 Katlı 16'lı,a101
a101-23001367,0.0,,244.36,Papia BioCare 3 Katlı Kağıt Havlu 8'li,a101
a101-23001380,0.0,,112.78,Logi Kağıt Havlu 2 Katlı 6'lı,a101
a101-23001381,0.0,,102.34,Logi Tuvalet Kağıdı 2 Katlı 16’lı,a101
a101-23001385,0.0,,110.0,Turco Çam Yüzey Temizleme Havlusu 100'lü,a101
a101-23001387,0.0,,102.15,Clean&Fun Yüzey Temizleme Havlusu 100'lü,a101
a101-23001388,0.0,,112.85,Papia Platinum Tuvalet Kağıdı 4 Kat 16'lı,a101
a101-23001391,0.0,,65.0,Sleepy Aloe Vera Islak Havlu 120'li,a101
a101-23001392,0.0,,66.0,Pure Baby Islak Havlu 4x50 Adet,a101
a101-23001397,0.0,,1183.23,Orkid Platinum Gece&Gündüz Hijyenik Ped 24'lü,a101
a101-23001398,0.0,,50.46,Sleepy Mop Yüzey Temizleme Havlusu XL 50'li,a101
a101-23001211,0.0,,250.0,Selpak Tekli 4 Katlı Kağıt Mendil ,a101
a101-23001364,0.0,,111.64,Mistral Doğa Dostu Kağıt Havlu 2 Katlı 6'lı,a101
a101-23001516,0.0,,114.11,Sleepy Doğal Portakal Yağlı Mutfak Havlusu 50'li,a101
a101-23001517,0.0,,114.11,Sleepy Doğal Greyfurt Yağlı Mutfak Havlusu 50'li,a101
a101-23001518,0.0,,114.11,Sleepy Doğal Bergamot Yağlı Mutfak Havlusu 50'li,a101
a101-23001519,0.0,,102.04,Solo Islak Havlu Okyanus Ferahlığı 90'lı,a101
a101-23001522,0.0,,138.69,Sleepy Yüzey Temizlik Havlusu Yasemin 100'lü,a101
a101-23001526,0.0,,128.6,Fairy Yüzey Temizleme Havlusu 100'lü,a101
a101-23001528,0.0,,674.76,Sleepy Bio Naturel Premium Plus Gece Hijyenik Ped 10'lu,a101
a101-23001529,0.0,,674.76,Sleepy Bio Naturel Premium Plus Uzun Hijyenik Ped 12'li,a101
a101-23001530,0.0,,100.0,Mistral 2 Katlı Tuvalet Kağıdı 16'lı,a101
a101-23001531,0.0,,688.12,Sleepy Bio Naturel Premium Plus Normal Hijyenik Ped 14'lü,a101
a101-23001532,0.0,,117.7,Mistral 3 Katlı Tuvalet Kağıdı 12'li,a101
a101-23001464,0.0,,125.26,Sleepy Orkide Bahçesi Yüzey Temizlik Havlusu 100'lü,a101
a101-23001483,0.0,,357.14,La Belle Ultra Gece Hijyenik Ped 28'li,a101
a101-23001484,0.0,,331.05,La Belle Ultra Normal Hijyenik Ped 40'lı,a101
a101-23001536,0.0,,684.08,Orkid Ultra Gece Hijyenik Ped 12'li ,a101
a101-23001537,0.0,,150.0,Mistral Perforeli Dev Havlu 1=5,a101
a101-23001538,0.0,,103.17,Logi Islak Havlu 100'lü ,a101
a101-23001556,0.0,,2109.38,Orkid Platinum Ekstra Uzun Hijyenik Ped 10'lu,a101
a101-23001557,0.0,,992.19,Molped Pure & Soft Günlük Hijyenik Ped 30'lu ,a101
a101-23001558,0.0,,818.18,Molped Pure & Soft Uzun Hijyenik Ped 36'lı ,a101
a101-23001559,0.0,,818.18,Molped SuperNight Gece Hijyenik Ped 30'lu  ,a101
a101-23001565,0.0,,141071.43,Solo Bambu Kağıt Havlu 1=3  ,a101
a101-23001566,0.0,,87.26,Maylo 3 Katlı Tuvalet Kağıdı 40'lı,a101
a101-23001567,0.0,,94.93,Maylo 3 Katlı Kağıt Havlu 16'lı,a101
a101-23001479,0.0,,216.74,Freshlife Large Emici Külot 14'lü,a101
a101-23001465,0.0,,125.26,Sleepy Kiraz Çiçeği Yüzey Temizlik Havlusu 100'lü,a101
a101-23001468,0.0,,116.47,Turco Lavanta Yüzey Temizleme Havlusu 100'lü,a101
a101-23001473,0.0,,98.17,Solo Bahar Temizliği Islak Havlu 3x52 ,a101
a101-23001474,0.0,,78.95,Mr. Oxy Sabunlu Yüzey Temizleme Havlusu 100'lü,a101
a101-23001475,0.0,,78.95,Mr. Oxy Lavantalı Yüzey Temizleme Havlusu 100'lü,a101
a101-23001402,0.0,,333.33,La Belle Hijyenik Kalın Ped 10'lu,a101
a101-23001403,0.0,,239.73,Papia Biocare 3 Katlı Tuvalet Kağıdı 12'li,a101
a101-23001417,0.0,,149.08,Familia Natural 3 Katlı Çek-Al Kağıt Mendil 150'li ,a101
a101-23001485,0.0,,73.17,Logi Limon Kokulu Yüzey Temizleme Havlusu 100'lü,a101
a101-23001486,0.0,,149.91,Sleepy Yağ Çözücü Yüzey Temizleme Havlusu 30'lu,a101
a101-23001487,0.0,,149.91,Sleepy Kireç Sökücü Yüzey Temizleme Havlusu 30'lu,a101
a101-23001489,0.0,,297.9,Sleepy Bio Gece Hijyenik Ped 30'lu,a101
a101-23001515,0.0,,114.11,Sleepy Doğal Limon Yağlı Mutfak Havlusu 50'li,a101
a101-23001492,0.0,,113.16,Logi Tuvalet Kağıdı 3 Katlı 32'li,a101
a101-23001493,0.0,,112.18,Softy Bambu Katkılı 3 Katlı Tuvalet Kağıdı 40'lı ,a101
a101-23001494,0.0,,857.14,Molped Pure & Soft Gece Hijyenik Ped 30'lu ,a101
a101-23001495,0.0,,133.27,Softy Bambu Katkılı 3 Katlı Kağıt Havlu 12'li,a101
a101-23001496,0.0,,89.17,Logi Islak Havlu 50'li,a101
a101-23001497,0.0,,202.04,Selpak El&Yüz Kağıt Havlu 100'lü,a101
a101-23001498,0.0,,130.06,Familia Natural Kağıt Havlu 3 Katlı 1=3,a101
a101-23001510,0.0,,244.36,Papia Inova 3 Katlı Kağıt Havlu 8'li,a101
a101-23001447,0.0,,82.75,Sleepy Limon Mopa Uyumlu Yer Temizlik Havlusu 50'li ,a101
a101-23001452,0.0,,99.5,Aqua Bambu 3 Katlı Tuvalet Kağıdı 32'li,a101
a101-23001453,0.0,,614.75,Kotex Natural Normal Hijyenik Ped 20'li,a101
a101-23001514,0.0,,103.48,Sofia 3 Katlı Pamuk Katkılı Kağıt Havlu 12'li,a101
a101-23001491,0.0,,115.16,Logi Kağıt Havlu 3 Katlı 12'li,a101
a101-22002851,0.0,,67.71,Vernel Max Lilyum Konsantre Yumuşatıcı 960 ml,a101
a101-22002852,0.0,,110.46,Miss Arap Sabunu ve Soda Plus Etkili Sıvı Çamaşır Deterjanı Renkli & Beyaz 1500 ml ,a101
a101-22002853,0.0,,67.71,Vernel Max Orkide Konsantre Yumuşatıcı 960 ml,a101
a101-22002854,0.0,,49.88,Omo Active Toz Deterjan Beyaz & Renkli 8 Kg ,a101
a101-22002855,0.0,,138.0,Miss & Foşur Foşur Soda Plus Çamaşır Sodası 500 G,a101
a101-22002805,0.0,,226.81,Omo Express Fresh Sensitive Sıvı Çamaşır Deterjanı 1480 ml,a101
a101-22002806,0.0,,69.5,Fakir Çok Amaçlı Temizleyici Beyaz Sabun Mucizesi 1 L ,a101
a101-22002807,0.0,,472.68,Peros Pratik Çamaşır Kapsülü Renkliler 26'lı,a101
a101-22002860,0.0,,64.37,"Tursil Sıvı Deterjan Tüm Renkliler 2,7 L",a101
a101-22002861,0.0,,195.23,Domestos Köpük Gücü Derz Temizleyici 450 ml,a101
a101-22002862,0.0,,105.0,"Omo Cold Power Sıvı Çamaşır Deterjanı Beyazlar 2,5 L",a101
a101-23001278,0.0,,186.21,Selpak Ferahlık Tuvalet Kağıdı 3 Katlı 12'li,a101
a101-22002870,0.0,,98.64,Domestos Dual Ultra Koku Çamaşır Suyu 750 ml   ,a101
a101-22002871,0.0,,100.25,Domestos Dual Ultra Kireç Çözücü Çamaşır Suyu 750 ml   ,a101
a101-22002873,0.0,,119.0,Doa Çamaşır Sodası 500 G ,a101
a101-22002874,0.0,,67.4,Doa Arap Sabunu Sprey 750 ml ,a101
a101-22002875,0.0,,119.0,Doa Temizlik Karbonatı 500 G ,a101
a101-22002876,0.0,,425.64,Sparx Diamond Bulaşık Makinesi Kapsülü 50'li,a101
a101-22002877,0.0,,314.5,Vanish Kosla Leke Çıkarıcı Beyazlar 1000 ml,a101
a101-22002878,0.0,,314.5,Vanish Kosla Leke Çıkarıcı Renkliler 1000 ml,a101
a101-22002879,0.0,,154.99,Bingo Premium Lime Bulaşık Deterjanı 1500 ml,a101
a101-22002822,0.0,,175.0,Duru Granül Matik Sabun 1 Kg ,a101
a101-22002825,0.0,,89.0,Cif Ultra Anında Etki Kireç ve Pas Çözücü Sprey 1 L,a101
a101-22002830,0.0,,113.0,Bingo Bulaşık Deterjanı Sensitive 2600 ml,a101
a101-22002863,0.0,,105.0,"Omo Cold Power Sıvı Çamaşır Deterjanı Renkliler 2,5 L",a101
a101-22002753,0.0,,184.03,Bingo Soft Sensitive Konsantre Yumuşatıcı 1440 ml,a101
a101-22002757,0.0,,87.76,Cokhosh Çok Amaçlı Temizleyici Sprey 700 ml,a101
a101-22002808,0.0,,472.68,Peros Pratik Çamaşır Kapsülü Beyazlar 26'lı,a101
a101-22002809,0.0,,472.68,Peros Pratik Çamaşır Kapsülü Siyahlar 26'lı,a101
a101-22002810,0.0,,106.0,Dalan D'Olive Sıvı Sabun 750 ml,a101
a101-22002811,0.0,,65.0,Fakir Parkett Ahşap Yüzey Temizleyici  1 L ,a101
a101-22002812,0.0,,99.75,Ariel Dağ Esintisi Beyazlar Toz Deterjan 4 Kg  ,a101
a101-22002813,0.0,,27.14,"Hyper Hypo Ultra Lavanta Bahçesi Çamaşır Suyu 3,24 L  ",a101
a101-22002814,0.0,,27.14,"Hyper Hypo Ultra Çam Tazeliği Çamaşır Suyu 3,24 L  ",a101
a101-22002815,0.0,,86.44,Miss Arap Sabunu Spreyli 750 ml ,a101
a101-22002816,0.0,,163.19,Vernel Orkide Konsantre Yumuşatıcı 1440 ml,a101
a101-22002817,0.0,,163.19,Vernel Lilyum Konsantre Yumuşatıcı 1440 ml,a101
a101-22002850,0.0,,1108.2,Fairy Platinum Fresh Bulaşık Makinesi Kapsülü 40'lı   ,a101
a101-22002820,0.0,,98.11,Yumoş Extra Konsantre Yumuşatıcı 1440 ml + Yumoş Uzman Açık Hava Etkisi Konsantre Yumuşatıcı 1200 ml,a101
a101-22002821,0.0,,42.45,Klorak Çamaşır Suyu & Beyaz Sabun Jel 1 L,a101
a101-22002782,0.0,,43.33,"Bingo Bulaşık Makinesi Tuzu 1,5 Kg ",a101
a101-22002783,0.0,,246.21,Bingo Bulaşık Makinesi Temizleyici 50 ml ,a101
a101-22002784,0.0,,420.52,Ariel Pods Kapsül Çamaşır Deterjanı 25'li,a101
a101-22002831,0.0,,113.0,Bingo Bulaşık Deterjanı Limon 2600 ml,a101
a101-22002836,0.0,,55.44,Ariel Toz Deterjan Beyazlar 9 Kg ,a101
a101-22002838,0.0,,59.67,Ariel Oxi Ekstra Toz Deterjan Renkliler 3 Kg  ,a101
a101-22002839,0.0,,41.73,"Ace Ultra Çamaşır Suyu Okaliptüs Esintisi 3,75 L ",a101
a101-22002841,0.0,,59.67,Ariel Oxi Ekstra Toz Deterjan Beyazlar 3 Kg  ,a101
a101-22002847,0.0,,750.0,Domestos WC Blok Çam 2'li ,a101
a101-22002848,0.0,,159000.0,Cif Ultra Genel Amaçlı Sıvı Temizleyici 1 L,a101
a101-22002819,0.0,,344.29,Pronto Mobilya Spreyi 300 ml ,a101
a101-23000761,0.0,,125.82,Mendiva Islak Havlu 56'lı ,a101
a101-23000843,0.0,,101.19,Papia Parfümlü Tuvalet Kağıdı 8'li,a101
a101-22002880,0.0,,131.18,Bingo Jetjel Renkliler & Beyaz Sıvı Deterjanı 1480 ml ,a101
a101-22002881,0.0,,131.18,Bingo Jetjel Ultra Beyaz Sıvı Deterjanı 1480 ml ,a101
a101-22002882,0.0,,131.18,Bingo Jetjel Koyu Renkler Sıvı Deterjanı 1480 ml ,a101
a101-23000977,0.0,,124.84,Papia 3 Katlı İpek Özlü Kağıt Havlu 6'lı,a101
a101-23001038,0.0,,551.02,Kotex Ultra Normal Hijyenik Ped 12'li,a101
a101-23001042,0.0,,1421.05,Kotex Ultra Gece Hijyenik Ped 10'lu,a101
a101-23001056,0.0,,1146.7,Orkid Günlük Hijyenik Ped 28'li,a101
a101-23001177,0.0,,264.89,Selpak 3 Katlı Yağ Emici Kağıt Havlu 8'li,a101
a101-23001185,0.0,,804.76,Kotex Natural Gece Hijyenik Ped 14'lü,a101
a101-23001195,0.0,,123.73,Sofia Parfümlü Tuvalet Kağıdı 3 Katlı 8'li,a101
a101-22002883,0.0,,124.76,Bingo Jetjel Canlı Renkler Sıvı Deterjanı 1480 ml ,a101
a101-23001197,0.0,,2000.0,Kotex Natural Normal Hijyenik Ped 12'li,a101
a101-23001198,0.0,,134.75,Selpak 3 Katlı Yağ Emici Kağıt Havlu 6'lı ,a101
a101-23001199,0.0,,129.57,Selpak 3 Kat Ferahlık Tuvalet Kağıdı 8'li,a101
a101-23001209,0.0,,96.9,Mendiva Gül Kokulu Islak Havlu 60'lı,a101
a101-23001210,0.0,,96.9,Mendiva Sabun Kokulu Islak Havlu 60'lı,a101
a101-23000157,0.0,,132.38,Solo Peçete 200'lü 30x30 Cm  ,a101
a101-23000161,0.0,,770.27,Molped Light Günlük Ped 20'li,a101
a101-23000190,0.0,,1687.5,Kotex Ultra Uzun Hijyenik Ped 12'li,a101
a101-23001235,0.0,,368.75,Kotex Gece Extra Uzun Hijyenik Ped 9'lu,a101
a101-23001240,0.0,,240.2,Papia Egzotik 3 Katlı Tuvalet Kağıdı 12'li,a101
a101-23001271,0.0,,83.81,Familia Plus Natural 3 Katlı Tuvalet Kağıdı 40'lı,a101
a101-23001272,0.0,,114.3,Familia Natural 3 Katlı Kağıt Havlu 16'lı,a101
a101-23001196,0.0,,1400.0,Kotex Natural Gece Hijyenik Ped 10'lu,a101
a101-22002889,0.0,,132.0,Stop Forte Cam Temizleyici 750 ml ,a101
a101-22002890,0.0,,132.0,Stop Forte Leke Çıkarıcı 750 ml ,a101
a101-22002892,0.0,,46.53,"Omo Sık Yıkananlar Toz Deterjan 7,5 Kg ",a101
a101-22002893,0.0,,476.59,Pantene Güç ve Parlaklık Şampuan 625 ml ,a101
a101-22002896,0.0,,97.39,Cif Genel Temizleyici 750 ml & Kireç Sökücü 750 ml ,a101
a101-22002897,0.0,,227.65,Yumoş Ekstra Lilyum Konsantre Yumuşatıcı 1008 ml & Çamaşır Parfümü 200 G,a101
a101-22002898,0.0,,69.67,Cif B&M Amonyak & Sakura Krem Temizleyici 2x750 ml ,a101
a101-22002904,0.0,,82.25,Bingo Toz Deterjan Beyaz & Renkli 4 Kg,a101
a101-23000034,0.0,,104.17,Selpak Parfümlü Tuvalet Kağıdı 8'li,a101
a101-23000050,0.0,,115.85,Papia 3 Katlı Kağıt Havlu 6'lı,a101
a101-23000066,0.0,,983.33,Kotex Lightdays Günlük Ped 34'lü ,a101
a101-23000082,0.0,,151.52,Mistral Peçete 100'lü 30x30 Cm ,a101
a101-23000721,0.0,,86.57,Mistral 2 Katlı Tuvalet Kağıdı 16'lı,a101
a101-22002858,0.0,,110.06,Domestos Ultra Çamaşır Suyu 750 ml & Domestos Köpük Gücü 450 ml,a101
a101-22002859,0.0,,64.37,"Tursil Sıvı Deterjan Siyahlar 2,7 L",a101
a101-23000194,0.0,,1237.7,Molped Ultra Gece Hijyenik Ped 7'li,a101
a101-23000195,0.0,,1237.7,Molped Ultra Normal Hijyenik Ped 10'lu,a101
a101-23000208,0.0,,901.85,Orkid Platinum Gece Hijyenik Ped 16'lı,a101
a101-23000471,0.0,,86.78,Mendiva Islak Havlu 101'li,a101
a101-23000576,0.0,,164.14,Mistral 3 Katlı Kağıt Mendil 10'lu,a101
a101-23000604,0.0,,122.17,Mistral Peçete 200'lü 24x27 Cm,a101
a101-23000636,0.0,,125.17,Mistral Çift Katlı Kağıt Havlu 6'lı,a101
a101-23000657,0.0,,590.91,Mendiva Gözlük Temizleme Mendili 40'lı,a101
a101-23000671,0.0,,160.0,Mistral Perforeli Kağıt Havlu 1 Kg,a101
a101-23000720,0.0,,91.68,Mistral 3 Katlı Tuvalet Kağıdı 12'li,a101
a101-22002856,0.0,,567.86,Cif Banyo & Mutfak Infinite Clean Sprey 280 ml,a101
a101-24005105,0.0,,995.0,Emotion Ocean Fresh Deodorant Sprey 100 ml,a101
a101-24004137,0.0,,199.9,Bioblas Sarımsak Şampuanı 1000 ml,a101
a101-24004148,0.0,,711.43,Clear Men Cool Sport Menthol Şampuan 350 ml ,a101
a101-24004149,0.0,,711.43,Clear Men Saç Dökülmesine Karşı Etkili Şampuan 350 ml,a101
a101-24005112,0.0,,603.03,Head & Shoulders Dökülme Karşıtı Şampuan 330 ml  ,a101
a101-24005139,0.0,,1987.5,Wilkinson Sword Xtreme3 Tıraş Bıçağı 3+1 ,a101
a101-24005154,0.0,,331.11,Elseve Arginine Şampuan 450 ml,a101
a101-24005167,0.0,,214.98,Gliss Oil Nutritive Besleyici Şampuan 400 ml,a101
a101-24005168,0.0,,222.5,Gliss Ultimate Repair Güçlendirici Şampuan 400 ml,a101
a101-24005183,0.0,,3330.0,Colgate Super Clean Black Diş Fırçası 2+1,a101
a101-24005184,0.0,,514.95,Colgate Total Diş Macunu 150 ml ,a101
a101-23001569,0.0,,124.5,Aqua Bambu 3 Katlı Kağıt Havlu 16’lı,a101
a101-24005194,0.0,,2375.0,Rexona Shower Fresh Roll On 20+20 ml,a101
a101-24005195,0.0,,2375.0,Rexona Xtra Cool Roll On 20+20 ml,a101
a101-24005209,0.0,,179.0,Hobby Normal Saçlar İçin Şampuan 500 ml ,a101
a101-24005210,0.0,,179.0,Hobby Kepeğe Karşı Şampuan 500 ml,a101
a101-24005228,0.0,,365.56,Bioblas Argan & Badem Yağı Besleyici Bakım Şampuanı 900 ml,a101
a101-24004350,0.0,,460.0,Duru Lüks Parfüm Orkide Özleri Duş Jeli 650 ml,a101
a101-24004381,0.0,,363.33,Head&Shoulders Supreme Şampuan 300 Ml ,a101
a101-24004383,0.0,,363.33,Head&Shoulders Old Spice Şampuan 300 Ml ,a101
a101-24005285,0.0,,316.0,Axe Duş Jeli 250 ml,a101
a101-24005286,0.0,,900.0,Privacy Addiction Kadın Deodorantı 200 ml,a101
a101-24005288,0.0,,900.0,Privacy Erkek Deodorantı 200 ml,a101
a101-24005289,0.0,,900.0,Privacy Kadın Deodorant 200 ml,a101
a101-24005193,0.0,,625.71,Elidor Saç Dökülmelerine Karşı Saç Kremi 350 Ml ,a101
a101-24004328,0.0,,547.5,Elidor Güçlü Parlak Şampuan 400 ml,a101
a101-24004329,0.0,,547.5,Elidor Dökülme Karşıtı Şampuan 400 ml,a101
a101-24004330,0.0,,547.5,Elidor Onarıcı Şampuan 400 ml,a101
a101-24004331,0.0,,547.5,Elidor Kepek Karşıtı Şampuan 400 ml,a101
a101-24004342,0.0,,1391.6,Taft Power Cashmere Saç Spreyi 250 ml,a101
a101-24004343,0.0,,1391.6,Taft Ultimate Saç Spreyi 250 ml ,a101
a101-24004344,0.0,,2319.33,Taft Curl Extra Saç Köpüğü 150 ml,a101
a101-24004345,0.0,,1326.67,Palette Blonde Saç Açıcı Sprey 150 Ml,a101
a101-24004347,0.0,,352.31,Duru Micellar Duş Jeli 650 Ml,a101
a101-24004348,0.0,,352.31,Duru Okyanus Duş Jeli 650 Ml,a101
a101-24004349,0.0,,460.0,Duru Lüks Parfüm Lotus Duş Jeli 650 ml,a101
a101-24003329,0.0,,526.67,Signal Beyazlatıcı Sistem Diş Macunu 2x75 ml,a101
a101-24005104,0.0,,995.0,Emotion Love Deodorant Sprey 100 ml,a101
a101-24003358,0.0,,4404.76,Sensodyne Derin Temizlik Diş Fırçası 1+1,a101
a101-24004420,0.0,,3995.0,Colgate Superclean Black Diş Fırçası 1+1 ,a101
a101-24004901,0.0,,207.29,İpek Saç Kremi 480 Ml,a101
a101-24004904,0.0,,137.29,İpek Normal Saçlar İçin Şampuan 480 Ml,a101
a101-24004905,0.0,,137.29,İpek Yıpranmış Saçlar İçin Şampuan 480 Ml,a101
a101-24004906,0.0,,137.29,İpek Koparak Dökülen Saçlar İçin Şampuan 480 Ml,a101
a101-24004923,0.0,,398.0,Restorex Speed Strong Saç Kremi 250 Ml,a101
a101-24004925,0.0,,398.0,Restorex Kolajen Saç Kremi 250 Ml,a101
a101-24004926,0.0,,497.5,Restorex Saç Kremi 200 Ml,a101
a101-24004950,0.0,,506.15,Elidor Anında Onarıcı Şampuan 650 ml,a101
a101-24004955,0.0,,506.15,Elidor Güçlü ve Parlak Şampuan 650 ml,a101
a101-24005093,0.0,,5833.33,Colgate Extra Clean Diş Fırçası 2+1 ,a101
a101-24003330,0.0,,1980.0,Colgate Max Beyazlık Diş Macunu 50 ml,a101
a101-24005284,0.0,,900.0,Privacy Addiction Erkek Deodorantı 200 ml,a101
a101-24005661,0.0,,397.14,Clear Ultra Hydro Boost Vini Jr. Şampuan 350 ml,a101
a101-24005663,0.0,,6500.0,Varens Caramel Kadın Parfüm 50 Ml,a101
a101-24005665,0.0,,14214.29,Mara Saç Sabitleme Jeli ,a101
a101-24005748,0.0,,1357.14,Mis İp Kürdanlı Diş İpi 50'li ,a101
a101-24005762,0.0,,4633.51,Gillette Sensor 3 4 Bıçaklı Tıraş Makinesi,a101
a101-24005793,0.0,,1126.67,L'Oreal Paris Elseve Hydra Saç Serumu 150 ml,a101
a101-24005795,0.0,,522.81,Elseve Total Repair Şampuan 285 ml,a101
a101-24005796,0.0,,522.81,Elseve Color Vive Şampuan 285 ml,a101
a101-24005797,0.0,,522.81,Elseve Oil Şampuan 285 ml,a101
a101-24005798,0.0,,522.81,Elseve Arginine Şampuan 285 ml,a101
a101-24005290,0.0,,900.0,Privacy Gold Kadın Deodorantı 200 ml,a101
a101-24005853,0.0,,42.5,Aqualin Zeytinyağlı Sıvı Sabun 2000 Ml ,a101
a101-24005854,0.0,,42.5,Aqualin Manolya Sıvı Sabun 2000 Ml ,a101
a101-24005445,0.0,,1160.0,Morfose Ultra Strong Saç Spreyi 250 Ml,a101
a101-24005446,0.0,,664.58,Morfose Milk Therapy Fön Suyu 240 ml,a101
a101-24005493,0.0,,660.0,Colgate Çürüklere Karşı Koruma Diş Macunu 150 ml ,a101
a101-24005861,0.0,,2990.0,Signal White Now Diş Fırçası+Diş Macunu 50 ml ,a101
a101-24005868,0.0,,64.0,Aqualin Vanilya Sıvı Sabun 750 Ml ,a101
a101-24005869,0.0,,64.0,Aqualin Manolya Sıvı Sabun 750 Ml ,a101
a101-24005870,0.0,,64.0,Aqualin Zeytinyağlı Sıvı Sabun 750 Ml ,a101
a101-24005876,0.0,,1495.0,Morfose Milk Therapy Saç Köpüğü 200 ml,a101
a101-24005882,0.0,,2908.33,Pierre Cardin 2'li Parfüm 100 ml+20 ml+Çanta,a101
a101-24005893,0.0,,52.5,Peros Bal Pamuk Çiçeği Sıvı Sabun 3 Kg ,a101
a101-24005799,0.0,,522.81,Elseve Dream Long Şampuan 285 ml,a101
a101-24005291,0.0,,900.0,Privacy Gold Erkek Deodorantı 200 ml,a101
a101-24005302,0.0,,1732.0,Oral-B Pro-3D White Advanced Diş Macunu 75 Ml ,a101
a101-24005414,0.0,,2160.0,Colgate Max White Kahve Çay ve Tütün Kullananlar İçin Diş Macunu 75 ml,a101
a101-24005437,0.0,,1904.35,Palette Deluxe Küllü Sarı Saç Boyası 10-1,a101
a101-24005438,0.0,,1904.35,Palette Deluxe Çikolata Kahve Saç Boyası 3-65,a101
a101-24005439,0.0,,1904.35,Palette Deluxe Gece Mavisi Saç Boyası 1-1 ,a101
a101-24005440,0.0,,1904.35,Palette Deluxe Yoğun Bakır Saç Boyası 7-77,a101
a101-24005441,0.0,,454.29,Dove Yoğun Onarıcı Şampuan 350 ml ,a101
a101-24005109,0.0,,603.03,Head & Shoulders 2 In 1 Klasik Şampuan 330 ml ,a101
a101-24005110,0.0,,603.03,Head & Shoulders 2 In 1 Mentol Şampuan 330 ml  ,a101
a101-24005111,0.0,,603.03,Head & Shoulders Kadınlara Özel Dökülme Karşıtı Şampuan 330 ml  ,a101
a101-24005521,0.0,,1986.67,Paradontax Diş Macunu 75 Ml+Sensodyne Diş Fırçası,a101
a101-24005232,0.0,,365.56,Bioblas Kepeğe Karşı Çinko & Kafein Şampuan 900 ml,a101
a101-24005576,0.0,,1237.5,Derby Plus 3 Bıçaklı Tıraş Bıçağı 10'lu,a101
a101-24005598,0.0,,1190.0,Elseve Dream Long Saç Bakım Yağı 100 Ml,a101
a101-24005609,0.0,,575.0,Axe Apollo Deodorant 200 Ml ,a101
a101-24005610,0.0,,575.0,Axe Dark Temptation Deodorant 200 Ml,a101
a101-24005614,0.0,,1180.0,Colgate Total Advanced White Diş Macunu 50 ml,a101
a101-24005643,0.0,,497.5,Pantene Dökülme Karşıtı Şampuan 400 ml,a101
a101-24005644,0.0,,497.5,Pantene Kepek Karşıtı Şampuan 400 ml,a101
a101-24005645,0.0,,568.57,Pantene Onarıcı & Koruma Şampuan 400 ml,a101
a101-24005646,0.0,,568.57,Pantene Güç & Parlaklık Şampuan 400 ml,a101
a101-24005647,0.0,,276.39,Elseve Hydra Şampuan 360 Ml,a101
a101-24005648,0.0,,1357.14,Derby+Samurai Tıraş Bıçağı 10+3 ,a101
a101-24005231,0.0,,365.56,Bioblas Keratin & Biotin Onarıcı Bakım Şampuanı 900 ml,a101
a101-24005526,0.0,,1690.0,Emotion Ocean Fresh Roll On 50+50 Ml,a101
a101-23001618,0.0,,83.42,Bingo Lovely Yüzey Temizleme Havlusu 96'lı,a101
a101-23001624,0.0,,137.57,Sleepy Yüzey Temizlik Havlusu Manolya 100'lü,a101
a101-23001625,0.0,,108.33,Sleepy Mopa Uyumlu Yer Temizlik Havlusu Kiraz Çiçeği 20'li,a101
a101-23001629,0.0,,309.52,Sofia Kumaş Dokulu Beyaz Peçete 30'lu ,a101
a101-23001630,0.0,,114.81,Maylo Bambu 3 Katlı Tuvalet Kağıdı 40'lı,a101
a101-23001631,0.0,,133.13,Selpak Kaşmir Özlü 3 Katlı Tuvalet Kağıdı 32'li  ,a101
a101-23001632,0.0,,124.34,Maylo Bambu 3 Katlı Kağıt Havlu 16'lı,a101
a101-23001633,0.0,,484.51,Dalin Islak Havlu 3x56'lı ,a101
a101-23001576,0.0,,116.75,Turco Limon Yüzey Temizleme Havlusu 100'lü,a101
a101-23001577,0.0,,110.63,Familia Natural 3 Katlı Tuvalet Kağıdı 48'li,a101
a101-23001578,0.0,,125.0,Solo AquaBlock Cam Yüzeylere Özel Temizlik Havlusu 30'lu  ,a101
a101-24004151,0.0,,568.57,Clear Kadın Dökülme Karşıtı Şampuan 350 ml ,a101
a101-23001647,0.0,,159.03,Solo Ultra 2 Katlı Tuvalet Kağıdı 16'lı,a101
a101-23001648,0.0,,178.39,Solo Ultra 2 Katlı Kağıt Havlu 6'lı,a101
a101-23001653,0.0,,170.26,Sleepy Kişisel Bakım Havlusu Floral 25'li ,a101
a101-23001655,0.0,,1144.07,Kotex Hijyenik Ped Ultra Extra Pro Gece 10'lu ,a101
a101-23001656,0.0,,95.73,Sleepy Islak Havlu Lilyum 3x50 Adet  ,a101
a101-23001657,0.0,,277.3,Papia Silky Soft Tuvalet Kağıdı 3 Katlı 12'li,a101
a101-23001658,0.0,,221.11,Solo Pink Power  Yüzey Temizleme Havlusu 50'li ,a101
a101-24000202,0.0,,1979.17,Derby Banyo Tıraş Bıçağı 5'li,a101
a101-24000221,0.0,,1979.17,Derby Tek Bıçak Tıraş Bıçağı 5'li,a101
a101-24000438,0.0,,2780.0,Garnier Saf & Temiz Kadın Roll On 50 ml ,a101
a101-24000439,0.0,,2780.0,Garnier Termal Koruma Kadın Roll On 50 ml ,a101
a101-24000448,0.0,,926.67,Garnier Saf & Temiz Kadın Deodorant 150 ml ,a101
a101-23001646,0.0,,157.62,Sleepy Yüzey Temizleme Havlusu Mango 100'lü,a101
a101-23001574,0.0,,240.34,Sleepy Beyaz Sabun Kokulu Islak Havlu 4x90 ,a101
a101-23001575,0.0,,131.25,Logi Dev Kağıt Havlu 2'li,a101
a101-23001511,0.0,,82.92,Select Nature Tuvalet Kağıdı 2 Katlı 24'lü,a101
a101-23001512,0.0,,98.27,Sofia 3 Katlı Parfümlü Tuvalet Kağıdı 12'li,a101
a101-23001513,0.0,,185.19,Maylo 3 Katlı Dev Kağıt Havlu,a101
a101-23001579,0.0,,96.12,Fairy Limon Yüzey Temizlik Havlusu 100'lü,a101
a101-23001580,0.0,,99.44,Fairy Yasemin Çiçeği Yüzey Temizlik Havlusu 100'lü  ,a101
a101-23001581,0.0,,71.86,Logi Beyaz Sabun & Okaliptus Yüzey Temizleme Havlusu 100'lü,a101
a101-23001582,0.0,,1133.0,Orkid Platinum Özel Seri Hijyenik Ped Uzun Extra 14'lü,a101
a101-23001583,0.0,,1627.29,Orkid Platinum Gece Extra Plus Hijyenik Ped 10'lu,a101
a101-23001588,0.0,,1111.89,Molped Hijyen Max Hijyenik Ped Gece 14'lü,a101
a101-23001589,0.0,,1571.43,Molped Hijyen Max Günlük Hijyenik Ped 30'lu ,a101
a101-23001617,0.0,,83.42,Bingo Ferah Evim Yüzey Temizleme Havlusu 96'lı,a101
a101-23001591,0.0,,777.78,Molped Slay Hijyenik Günlük Ped 30'lu  ,a101
a101-23001592,0.0,,198.28,Familia 3 Katlı Kağıt Mendil 10'lu ,a101
a101-23001593,0.0,,351.35,La Belle Hijyenik Ped Uzun 18'li  ,a101
a101-23001600,0.0,,481.85,Kotex Ultra Hijyenik Ped Gece 22'li,a101
a101-23001603,0.0,,191.94,Sleepy Yüzey Temizlik Havlusu Şakayık 100'lü,a101
a101-23001533,0.0,,143.37,Bingo Yüzey Temizlik Havlusu Lavanta 96'lı,a101
a101-23001534,0.0,,143.37,Bingo Yüzey Temizlik Havlusu Beyaz Sabun 96'lı,a101
a101-23001535,0.0,,948.97,Molped Pure & Soft Süper Gece Hijyenik Ped 20'li,a101
a101-23001608,0.0,,716.49,Sleepy Bio Naturel Premium Plus Gece Ekstra Hijyenik Ped 8'li,a101
a101-23001609,0.0,,239.97,Papia Egzotik 3 Katlı Tuvalet Kağıdı 16'lı,a101
a101-23001610,0.0,,239.97,Papia Biocare 3 Katlı Tuvalet Kağıdı 16'lı,a101
a101-23001616,0.0,,83.42,Bingo Mutlu Yuvam Yüzey Temizleme Havlusu 96'lı,a101
a101-23001590,0.0,,521.47,Molped Slay Hijyenik Ped Gece 16'lı  ,a101
a101-24003259,0.0,,3980.0,Palette Göz Alıcı Renkler Küllü Kumral Saç Boyası 7-1,a101
a101-24003260,0.0,,3980.0,Palette Göz Alıcı Renkler Kumral Saç Boyası 7-0,a101
a101-24003261,0.0,,3980.0,Palette Göz Alıcı Renkler Kestane Saç Boyası 5-68,a101
a101-24003267,0.0,,1998.46,Oral-B Diş Eti Bakımı Diş Macunu 65 Ml,a101
a101-24003305,0.0,,2866.67,Sensodyne Hassas Beyazlık Diş Macunu 75 ml,a101
a101-24000449,0.0,,926.67,Garnier Termal Koruma Kadın Deodorant 150 ml ,a101
a101-24000589,0.0,,2390.0,Signal Diş Fırçası Performance Black 1+1 Bedava,a101
a101-24001071,0.0,,6857.14,Gillette Blue 3 Tıraş Bıçağı 3'lü,a101
a101-24003370,0.0,,1933.33,Signal White System Diş Macunu 75 ml,a101
a101-24003492,0.0,,860.0,Listerine Cool Mint Hafif Tat Ağız Bakım Suyu 250 ml ,a101
a101-24003587,0.0,,1800.0,Colgate Charcoal Diş Macunu 75 ml,a101
a101-24003588,0.0,,2603.23,Old Spice Captain Deo Stick 50 ml,a101
a101-23001604,0.0,,112.32,Aqua Bambu 3 Katlı Tuvalet Kağıdı 48'li,a101
a101-24003621,0.0,,129.0,Restorex Saç Dökülmesine Karşı Pompalı Şampuan 1000 Ml,a101
a101-24003626,0.0,,3375.0,Permatik Banyo Tıraş Bıçağı,a101
a101-24003748,0.0,,775.0,Arko Klasik Tıraş Köpüğü 200 ml,a101
a101-24003749,0.0,,1145.0,Arko Klasik Tıraş Jeli 200 ml,a101
a101-24003998,0.0,,1331.82,Palette Basic Gümüş Sarı Saç Boyası 12-21 ,a101
a101-24003999,0.0,,1809.09,Palette Göz Alıcı Renkler Yoğun Bakır Saç Boyası 7-77 ,a101
a101-24004115,0.0,,532.67,Colgate White Teeth Diş Macunu 2x75 Ml,a101
a101-24004136,0.0,,199.9,Bioblas Argan Şampuanı 1000 ml,a101
a101-24003204,0.0,,6875.0,Permatik Tek Bıçak Tıraş Bıçağı ,a101
a101-24003224,0.0,,649.0,Signal Çürüklere Karşı Diş Macunu 100 ml ,a101
a101-24003231,0.0,,350.0,Blendax Isırgan Özlü Şampuan 500 ml,a101
a101-24004150,0.0,,568.57,Clear Yumuşak Ve Parlak Kiraz Çiçeği Şampuan 350 ml,a101
a101-24003620,0.0,,129.0,Restorex Kuru ve Yıpranmış Saçlar için Pompalı Şampuan 1000 Ml,a101
a101-23001605,0.0,,169.51,Aqua Bambu Jumbo Kağıt Havlu 1=6,a101
a101-23001606,0.0,,159.68,Turco Lotus Yüzey Temizleme Havlusu 100'lü,a101
a101-24001683,0.0,,2330.0,Parodontax Diş Macunu 50 ml,a101
a101-24001939,0.0,,1980.0,Colgate Anticavity Çocuk Diş Macunu 50 ml,a101
a101-24002224,0.0,,2100.0,Mentor Tek Bıçak Tıraş Bıçağı 6'lı,a101
a101-24002225,0.0,,2100.0,Mentor Banyo Tıraş Bıçağı 6'lı,a101
a101-24002350,0.0,,1785.0,Sensodyne Naneli Diş Macunu 100 Ml,a101
a101-24002356,0.0,,1785.0,Sensodyne Ekstra Ferah Diş Macunu 100 ml,a101
a101-24002682,0.0,,3653.85,Derby Samurai 3 Bıçak Tıraş Bıçağı 10'lu ,a101
a101-24002694,0.0,,2250.0,Mentor Üç Bıçak Tıraş Bıçağı 4'lü,a101
a101-24002695,0.0,,1833.33,Mentor Çift Bıçak Tıraş Bıçağı 10'lu,a101
a101-24002719,0.0,,2076.92,Mentor Üç Bıçak Tıraş Bıçağı 4'lü,a101
a101-24003258,0.0,,3980.0,Palette Göz Alıcı Renkler Koyu Sarı Saç Boyası 8-0,a101
a101-24002743,0.0,,370.0,Colgate Üçlü Etki Ağız Bakım Suyu 500 ml,a101
a101-24002942,0.0,,2160.0,Colgate Max White Kalıcı Beyazlık Diş Macunu 75 ml,a101
a101-23001641,0.0,,92.69,Clean&Fun Yüzey Temizleme Havlusu Kiraz Çiçeği 100'lü ,a101
a101-23001642,0.0,,92.69,Clean&Fun Yüzey Temizleme Havlusu 100'lü ,a101
a101-23001643,0.0,,125.48,Sleepy Islak Havlu Lavanta 120'li ,a101
a101-24003233,0.0,,350.0,Blendax Limon Özlü Şampuan 500 ml,a101
a101-24003234,0.0,,350.0,Blendax Yasemin Özlü Şampuan 500 ml,a101
a101-24003252,0.0,,3980.0,Palette Göz Alıcı Renkler Çikolata Kahve Saç Boyası 3-65,a101
a101-24003253,0.0,,3980.0,Palette Göz Alıcı Renkler Koyu Kahve Saç Boyası 3-0,a101
a101-24003254,0.0,,3980.0,Palette Göz Alıcı Renkler Siyah Saç Boyası 1-0,a101
a101-24003255,0.0,,3980.0,Palette Göz Alıcı Renkler Açık Sarı Saç Boyası 10-1,a101
a101-24003256,0.0,,3980.0,Palette Göz Alıcı Renkler Yoğun Kızıl Saç Boyası 6-88,a101
a101-24002720,0.0,,2000.0,Mentor Çift Bıçak Tıraş Bıçağı 10'lu,a101
a101-22002225,0.0,,129.5,Bingo Canlandırıcı Sıvı Deterjan 2 L,a101
a101-22002226,0.0,,20.5,Hyper Hypo Kızılçam Ultra Çamaşır Suyu 3 Kg,a101
a101-22002227,0.0,,39.95,Q Clean Tuz Ruhu 2 Kg,a101
a101-22002229,0.0,,20.83,Hyper Hypo Lavanta Ultra Çamaşır Suyu 3 Kg,a101
a101-22002235,0.0,,13.78,Alley Toz Deterjan 9 Kg,a101
a101-22002237,0.0,,56.67,Hyper Active Lavabo Açıcı Jel 750 G,a101
a101-22002238,0.0,,224.75,Finish Limon Ferahlığı Bulaşık Makinesi Parlatıcı ve Kurutucu 400 Ml,a101
a101-22002239,0.0,,179.8,Marc Çamaşır Makinesi Temizleyici 500 ml ,a101
a101-22002240,0.0,,278.56,Fairy Platinum Plus Bulaşık Makinesi Kapsülü 40'lı,a101
a101-22002118,0.0,,39.6,"Asperox Gün Işığı Yüzey Temizleyici 2,5 L",a101
a101-22002119,0.0,,39.6,"Asperox Temizliğin Kokusu Yüzey Temizleyici 2,5 L",a101
a101-22002751,0.0,,45.82,Çiçeğim Sensitive Yumuşatıcı 3 L	,a101
a101-22002245,0.0,,26.65,Aquabor Renkli Toz Deterjan 6 Kg,a101
a101-22002257,0.0,,110.5,Vanish Kosla Leke Çıkarıcı Sprey 500 Ml ,a101
a101-22002258,0.0,,120.0,"Finish Bulaşık Makinesi Tuzu 1,3 Kg",a101
a101-22002259,0.0,,458.67,Fairy Hepsi 1 Arada Bulaşık Makinesi Kapsülü 60'lı,a101
a101-22002262,0.0,,36.11,Omo Renkli Toz Deterjanı 9 Kg,a101
a101-22002269,0.0,,35.87,"Omo Active Oxygen Beyazlar İçin Toz Deterjan 7,5 Kg",a101
a101-22002273,0.0,,193.75,Duru Türk Hamamı Banyo Sabunu 4x200 G,a101
a101-22002282,0.0,,52.5,Peros Amber & Rose Sıvı Sabun 3 Kg,a101
a101-22002283,0.0,,52.5,Peros Aqua & Sea Breze Sıvı Sabun 3 Kg,a101
a101-22002284,0.0,,18.62,Renax Beyazlar ve Renkliler İçin Toz Deterjan 8 Kg,a101
a101-22002285,0.0,,18.62,Renax Renkli Toz Deterjan 8 Kg,a101
a101-22002288,0.0,,152.24,Persil Grileşme Karşıtı Sıvı Deterjan 1690 ml,a101
a101-22002120,0.0,,18.78,Halk Beyaz ve Renkliler için Toz Deterjan 9 Kg,a101
a101-22002114,0.0,,31.8,"Hypo Çamaşır Suyu 2,5 L",a101
a101-22002116,0.0,,63.98,"Asperox Aşk Masalı Yüzey Temizleyici 2,5 L",a101
a101-22002117,0.0,,39.6,"Asperox Bahar Esintisi Yüzey Temizleyici 2,5 L",a101
a101-22001972,0.0,,594.65,Finish Quantum Max Bulaşık Makinesi Kapsülü 65'li,a101
a101-22001980,0.0,,86.0,Çiçeğim Banyo ve Mutfak Krem Temizleyici 750 Ml,a101
a101-22001987,0.0,,45.62,Finish Limon Bulaşık Makinesi Parlatıcısı 800 Ml,a101
a101-22002124,0.0,,56.33,Dalan Family Zeytin Mucizesi Sıvı Sabun 3 L,a101
a101-22002156,0.0,,39.11,Viking Gül ve Zambaklı Konsantre Yumuşatıcı 1400 Ml,a101
a101-22002157,0.0,,53.57,Viking Sensitive Konsantre Yumuşatıcı 1400 ml,a101
a101-22002158,0.0,,53.57,Viking Leylak ve Lavantalı Konsantre Yumuşatıcı 1400 Ml,a101
a101-22002161,0.0,,54.35,ABC Manolya Konsantre Yumuşatıcı 1200 Ml,a101
a101-22002162,0.0,,23.65,Porçöz Yağ Çözücü 2000 Ml ,a101
a101-22002224,0.0,,176.04,Bingo Soft Manolya Konsantre Yumuşatıcı 960 ml ,a101
a101-22002166,0.0,,14.75,Viking Floral Yüzey Temizleyici 4 L ,a101
a101-22002177,0.0,,49.21,Miss Limon Kokulu Bulaşık Deterjanı 500 Ml,a101
a101-22002187,0.0,,32.14,HighGenic Siyah Sıvı Deterjan 3 L,a101
a101-22002188,0.0,,32.14,HighGenic Renkli Sıvı Deterjan 3 L,a101
a101-22002190,0.0,,427.5,Bref Okyanus Kokulu Jel Klozet Blok 2'li,a101
a101-22002198,0.0,,285.15,Fairy Power Sprey 500 ml,a101
a101-22002055,0.0,,134.38,Vernel Lavanta Konsantre Yumuşatıcı 960 ml,a101
a101-22002056,0.0,,67.71,Vernel Max Sensitive Konsantre Yumuşatıcı 960 ml,a101
a101-22002058,0.0,,25.9,ABC Canlı Renkler Toz Deterjan 10 Kg,a101
a101-22002215,0.0,,645.54,Finish Quantum Max Bulaşık Makinesi Kapsül Tableti 48'li,a101
a101-22002221,0.0,,176.04,Bingo Soft Lovely Konsantre Yumuşatıcı 960 ml ,a101
a101-22002223,0.0,,176.04,Bingo Gül Konsantre Yumuşatıcı 960 ml ,a101
a101-22002165,0.0,,14.75,Viking Fresh Yüzey Temizleyici 4 L ,a101
a101-22002358,0.0,,46.0,Doa Orkideli Konsantre Yumuşatıcı 1500 Ml,a101
a101-22002360,0.0,,46.0,Doa Lilyumlu Lotuslu Konsantre Yumuşatıcı 1500 Ml,a101
a101-22002361,0.0,,104.56,Peros Yasemin & Neroli Çiçeği Konsantre Yumuşatıcı 1440 ml,a101
a101-22002362,0.0,,15.75,Hypo Çamaşır Suyu 1 Kg,a101
a101-22002368,0.0,,25.8,Yumoş Çiçek Bahçesi Yumuşatıcı 5 L,a101
a101-22002369,0.0,,54.09,Asperox Sarı Güç&Yüzey Temizleyici 1+1 L,a101
a101-22002291,0.0,,117.77,ABC Gül Konsantre Yumuşatıcı 1440 ml,a101
a101-22002292,0.0,,117.77,ABC Lotus Konsantre Yumuşatıcı 1440 ml,a101
a101-22002296,0.0,,634.34,Finish Quantum Özel Seri Bulaşık Makinesi Kapsül Tableti 36'lı,a101
a101-22002407,0.0,,126.53,Tursil Sıvı Çamaşır Deterjanı Leylak Bahçesi 2145 ml,a101
a101-22002410,0.0,,76.7,Perwoll Siyah Sıvı Deterjan 1 L,a101
a101-22002289,0.0,,132.13,Persil Renkliler İçin Sıvı Deterjan 1690 ml ,a101
a101-22002422,0.0,,23.25,Çiçeğim Renkli Toz Deterjan 12 Kg,a101
a101-22002423,0.0,,23.25,Çiçeğim Beyaz Toz Deterjanı 12 Kg,a101
a101-22002425,0.0,,24.72,Çiçeğim Gül Çamaşır Yumuşatıcısı 6 Kg,a101
a101-22002426,0.0,,24.72,Çiçeğim Lavanta Çamaşır Yumuşatıcısı 6 Kg,a101
a101-22002427,0.0,,23.75,Çiçeğim Gül Yüzey Temizleyici 4 L,a101
a101-22002428,0.0,,23.75,Çiçeğim Lavanta Yüzey Temizleyici 4 L,a101
a101-22002432,0.0,,58.32,Fairy Elma Bulaşık Deterjanı 1500 Ml,a101
a101-22002433,0.0,,23.0,Alley Genel Amaçlı Sıvı Temizlik 5 L,a101
a101-22002435,0.0,,27.0,Peros Lavanta Bahçesi Yumuşatıcı 5 L,a101
a101-22002436,0.0,,27.0,Peros Beyaz Çiçekler Yumuşatıcı 5 L,a101
a101-22002328,0.0,,706.86,Finish Quantum Max Soda Bulaşık Makinesi Kapsül Tableti 30'lu,a101
a101-22002339,0.0,,147.87,Peros Lavanta Konsantre Yumuşatıcı 960 ml,a101
a101-22002411,0.0,,76.7,Perwoll Renkli Sıvı Deterjan 1 L,a101
a101-22002204,0.0,,16.5,Viking Tutkulu Yumuşatıcı 3 L,a101
a101-22002212,0.0,,16.5,Viking Sensitive Yumuşatıcı 3 L,a101
a101-22002214,0.0,,645.54,Finish Quantum Max Limonlu Bulaşık Makinesi Tableti 48'li,a101
a101-22002298,0.0,,80.96,Çiçeğim Limon Bulaşık Deterjanı 750 Ml,a101
a101-22002301,0.0,,80.96,Çiçeğim Elma Bulaşık Deterjanı 750 Ml,a101
a101-22002305,0.0,,104.56,Peros Amber Çiçeği & Sandal Ağacı Konsantre Yumuşatıcı 1440 ml,a101
a101-22002308,0.0,,46.87,Omo Sık Yıkananlar İçin Sıvı Deterjan 2470 Ml,a101
a101-22002313,0.0,,108.64,Cif Mutfak Temizleme Spreyi+Serum 750 Ml ,a101
a101-22002314,0.0,,900.0,Calgon Kireç Önleyici 250 G,a101
a101-22002315,0.0,,134.06,"Perwoll Siyahlar Sıvı Çamaşır Deterjanı 2,97 L",a101
a101-22002316,0.0,,134.06,"Perwoll Renkliler Sıvı Çamaşır Deterjanı 2,97 L",a101
a101-22002317,0.0,,35.3,Çiçeğim Siyah Sıvı Deterjan 3 L,a101
a101-22002357,0.0,,62.5,Doa Arap Sabunu 1 L,a101
a101-22002319,0.0,,35.3,Çiçeğim Hassas Sıvı Deterjan 3 L,a101
a101-22002322,0.0,,624.0,Finish Limon Kokulu Bulaşık Makinesi Temizleyici 250 ml,a101
a101-22002325,0.0,,25.86,"Viking Tüm Renkler Sıvı Deterjan 2,7 L",a101
a101-22002241,0.0,,63.75,Asperox Sarı&Mavi Güç Genel Amaçlı Temizleyici 1+1 ,a101
a101-22002242,0.0,,37.42,Ariel Toz Deterjan 12 Kg,a101
a101-22002244,0.0,,26.65,Aquabor Beyaz Toz Deterjan 6 Kg,a101
a101-22002346,0.0,,28.33,Rinso Aloe Vera Sıvı Deterjan 5 L,a101
a101-22002347,0.0,,24.06,"Cif Banyo&Mutfak Krem Temizleyici 1,5 L",a101
a101-22002349,0.0,,722.41,Finish Quantum Özel Seri Bulaşık Makinesi Kapsülü 50'li,a101
a101-22002350,0.0,,45.39,Viking Premium Mutfak Spreyi 750 Ml,a101
a101-22002352,0.0,,45.39,Viking Premium Banyo Spreyi 750 Ml,a101
a101-22002353,0.0,,85.53,Viking Premium Çok Amaçlı Sprey 750 Ml,a101
a101-22002318,0.0,,35.3,Çiçeğim Renkli Sıvı Deterjan 3 L,a101
a101-22000898,0.0,,163.19,Vernel Konsantre Yumuşatıcı Gül 1440 ml,a101
a101-22000899,0.0,,109.9,Porçöz Pas ve Kireç Çözücü 1 L,a101
a101-22000953,0.0,,167.69,Pril Bulaşık Deterjanı 653 ml,a101
a101-22001487,0.0,,65.0,Miss Sirkeli Kireç Giderici 1 L,a101
a101-22001505,0.0,,180.0,Brid Bulaşık Makinesi Temizleyici 250 Ml,a101
a101-22001518,0.0,,17.7,Viking Premium Sprey Banyo Temizleyici 1 L,a101
a101-22001521,0.0,,17.7,Viking Premium Mutfak Temizlik Spreyi 1 L,a101
a101-22001537,0.0,,55.1,Fairy Bulaşık Deterjanı 6x650 Ml,a101
a101-22001554,0.0,,56.07,Peros Canlı Renkler Toz Deterjan 7 Kg,a101
a101-22001572,0.0,,327.11,Fairy Platinum Bulaşık Makinesi Kapsülü 90'lı,a101
a101-22001641,0.0,,362.5,Clean&Fun Bulaşık Ovma Teli 4x20 G,a101
a101-22002106,0.0,,21.88,Yetiş Okyanus Esintisi Ultra Çamaşır Suyu 4 Kg,a101
a101-22001668,0.0,,24.92,Peros Renkli Toz Deterjan 12 Kg ,a101
a101-22001671,0.0,,300.0,Marc Çamaşır Makinesi Temizleyici 250 ml,a101
a101-22001672,0.0,,119.33,Bingo Oxyjen Oksijenli Çamaşır Suyu 750 ml,a101
a101-22001676,0.0,,184.03,Bingo Soft Manolya Konsantre Yumuşatıcı 1440 ml,a101
a101-22001292,0.0,,177.5,Dalan Sultan Hamamı Klasik Banyo Sabunu 4x200 G,a101
a101-22001298,0.0,,84.5,Miss Arap Sabunu 1 L,a101
a101-22001318,0.0,,96.53,Viking Yumuşatıcı Konsantre 1440 Ml,a101
a101-22001803,0.0,,89.5,Miss Bulaşık Deterjanı 1 L,a101
a101-22001812,0.0,,117.48,Ariel Dağ Esintisi Renkliler Toz Deterjan 4 Kg,a101
a101-22001813,0.0,,88.12,Alo Toz Deterjan 4 Kg,a101
a101-22001821,0.0,,54.5,Çiçeğim Kireç Çözücü 1000 Ml,a101
a101-22001836,0.0,,548.0,Fairy Hepsi Bir Arada Bulaşık Makinesi Kapsülü 36'lı,a101
a101-22001667,0.0,,24.92,Peros Toz Deterjan Beyaz 12 Kg,a101
a101-22001001,0.0,,164.29,Dalan Zeytinyağlı Banyo Sabunu 4x175 G,a101
a101-22001012,0.0,,88.3,Finish Bulaşık Makinesi Tableti 101'li,a101
a101-22001032,0.0,,1326.67,Bref Power Aktiv Klozet Blok 3'lü ,a101
a101-22001091,0.0,,38.25,"Çiçeğim Ultra Çamaşır Suyu 3,7 L",a101
a101-22001092,0.0,,21.6,"ABC Yüzey Temizleyici 2,5 L",a101
a101-22001119,0.0,,26.33,"Brid Bulaşık Makinesi Tuzu 1,5 Kg",a101
a101-22001120,0.0,,102.22,Brid Bulaşık Makinası Parlatıcı 450 Ml,a101
a101-22001176,0.0,,160.0,Calgon 3'ü 1 Arada Kireç Önleyici 500 G,a101
a101-22001187,0.0,,42.5,Çiçeğim Bulaşık Deterjanı 4 Kg,a101
a101-22001229,0.0,,98.0,"Pril Sıvı Bulaşık Deterjanı 2,5 Kg",a101
a101-22000467,0.0,,65.33,Çiçeğim Yağ Çözücü Sprey 750 Ml,a101
a101-22000468,0.0,,65.33,Çiçeğim Limonlu Yağ Çözücü Sprey 750 Ml,a101
a101-22001477,0.0,,197.74,Brid Bulaşık Makinesi Tableti 50'li,a101
a101-22001348,0.0,,16000.0,Finish Deo Limon Ferahlığı Bulaşık Makinesi Kokusu 4 Ml,a101
a101-22001350,0.0,,53.5,Bingo Soft Sensitive Yumuşatıcı 5 L,a101
a101-22001351,0.0,,41.38,"Persil Hijyen Toz Deterjan 6,5 Kg",a101
a101-22001355,0.0,,38.9,Peros Sık Yıkananlar Yıldız Çiçeği Toz Deterjan 10 Kg,a101
a101-22001358,0.0,,19.75,Yetiş Bulaşık Deterjanı 4 Kg,a101
a101-22001367,0.0,,14.3,Dixi Yabangülü Yüzey Temizleyici 5 L,a101
a101-22001395,0.0,,129.5,Bingo Renkliler İçin Sıvı Deterjan 2 L,a101
a101-22001407,0.0,,85.0,Fairy Sıvı Bulaşık Deterjanı 1 L,a101
a101-22001430,0.0,,50.0,Çiçeğim Cam Temizleyici 1 L,a101
a101-22001442,0.0,,138.0,Highgenic Fırın & Ocak Köpük Temizleyici 500 ml,a101
a101-22001443,0.0,,75.0,HighGenic Silikonlu Yüzey Temizleyici 1 L,a101
a101-22001471,0.0,,79.33,Highgenic Duşakabin & Banyo Temizleyici Sprey 750 ml ,a101
a101-22000477,0.0,,66.33,Çiçeğim Orkide Ferahlığı Konsantre Yumuşatıcı 1500 ml,a101
a101-22001992,0.0,,314.5,Vanish Kosla Renkliler İçin Leke Çıkarıcı 1 L,a101
a101-22001995,0.0,,55.44,Ariel Dağ Esintisi Toz Deterjan Renkliler 9 Kg,a101
a101-22001996,0.0,,153.81,Fairy Sıvı Bulaşık Deterjanı 2600 ml,a101
a101-22002001,0.0,,118.0,"Omo Renkliler Toz Deterjan 5,5 Kg",a101
a101-22002021,0.0,,18.12,Hypo Çamaşır Suyu 4 Kg,a101
a101-22002022,0.0,,27.25,Miss Bulaşık Deterjanı 4 Kg,a101
a101-22002024,0.0,,91.05,Domestos Ultra Çamaşır Suyu 3240 ml,a101
a101-22002034,0.0,,155.71,Aqualin Zeytinyağlı Sabun Banyo  4x175 G,a101
a101-22002035,0.0,,136.25,Aqualin Banyo Sabunu 4x200 G,a101
a101-22002039,0.0,,21.88,Yetiş Magical Yumuşatıcı 4 L,a101
a101-22002040,0.0,,21.88,Yetiş Soft Yumuşatıcı 4 L,a101
a101-22002041,0.0,,45.8,Domestos Ultra Çamaşır Suyu 5 L,a101
a101-22001846,0.0,,57.69,Vernel Sensitive Yumuşatıcı Konsantre 1300 Ml,a101
a101-22001913,0.0,,199.0,Finish Hepsi 1 Arada Jel Bulaşık Makinesi Deterjanı 1000 Ml,a101
a101-22001914,0.0,,199.0,Finish Hepsi 1 Arada Limonlu Jel Bulaşık Makinesi Deterjanı 1000 Ml,a101
a101-22001918,0.0,,499.17,Parex Trend Konfor Oluklu Bulaşık Süngeri 4'lü,a101
a101-22002059,0.0,,20.83,Hyper Hypo Çam Ultra Çamaşır Suyu 3 Kg,a101
a101-22002086,0.0,,39.0,Biotol Yağ Çözücü Sprey 1 L,a101
a101-22002088,0.0,,647.16,Finish Ultimate Bulaşık Makinesi Tableti 40'lı,a101
a101-22002089,0.0,,144.79,Peros Yasemin Konsantre Yumuşatıcı 960 ml,a101
a101-22002090,0.0,,144.79,Peros Amber Konsantre Yumuşatıcı 960 ml ,a101
a101-22002091,0.0,,144.79,Peros Orkide Konsantre Yumuşatıcı 960 ml ,a101
a101-22002102,0.0,,52.67,Hyper Hypo Ultra Lavanta Çamaşır Suyu 694 ml,a101
a101-22002104,0.0,,52.67,Hyper Hypo Ultra Çam Çamaşır Suyu 694 ml,a101
a101-22002105,0.0,,21.88,Yetiş Dağ Esintisi Ultra Çamaşır Suyu 4 Kg,a101
a101-22002042,0.0,,17.67,Yetiş Renkliler için Toz Deterjan 9 Kg,a101
a101-22001867,0.0,,91.5,Rinso Aloe Vera Sıvı Deterjan 3 L,a101
a101-22001873,0.0,,52.67,Çiçeğim Bahar Esintisi Banyo & Mutfak Jel Temizleyici 750 ml,a101
a101-22001874,0.0,,52.67,Çiçeğim Çiçek Bahçesi Banyo & Mutfak Jel Temizleyici 750 ml,a101
a101-22001898,0.0,,23.8,ABC Ege Sahilleri Yumuşatıcı 5 L,a101
a101-22001910,0.0,,68.5,Bingo Toz Deterjan 10 Kg,a101
a101-22001911,0.0,,359.6,Finish Bulaşık Makinesi Temizleyici 250 ml,a101
a101-22001912,0.0,,359.6,Finish Limonlu Bulaşık Makinesi Temizleyici 250 ml,a101
a101-22001480,0.0,,96.67,Klorak Sprey Duşakabin Temizleyici 750 ml,a101
a101-22001481,0.0,,26.0,"Viking Gül ve Sardunya Yüzey Temizleyici 2,5 L",a101
a101-22001482,0.0,,238.1,Çiçeğim Lavabo Açıcı 3x70 G,a101
a101-22001923,0.0,,159.0,Asperox Mavi Güç Ultra Kireç ve Pas Sökücü Sprey 1 L,a101
a101-22001930,0.0,,645.0,Bref Power Aktiv Klozet Blok 4'lü,a101
a101-22001725,0.0,,183.08,Fairy Sıvı Bulaşık Deterjanı 650 ml,a101
a101-22001941,0.0,,842.7,Clean&Fun Bulaşık Eldiveni,a101
a101-22001945,0.0,,99.82,"Bingo Toz Deterjan 5,5 Kg",a101
a101-22001953,0.0,,39.33,Wind Prestige Konsantre Yumuşatıcı 1500 Ml,a101
a101-22001954,0.0,,39.33,Wind Fantastic Konsantre Yumuşatıcı 1500 Ml,a101
a101-22001956,0.0,,39.33,Wind Magic Konsantre Yumuşatıcı 1500 Ml,a101
a101-22001961,0.0,,138.0,Miss Soda Plus Çamaşır Sodası 500 G,a101
a101-22001966,0.0,,433.33,Clean&Fun Renkli Konfor Bulaşık Süngeri 3'lü,a101
a101-22001967,0.0,,1058.82,Clean&Fun Mucize Bulaşık Süngeri,a101
a101-22001968,0.0,,48.52,Çiçeğim Çamaşır Suyu Ultra 1250 ml,a101
a101-22001969,0.0,,850.0,Clean&Fun Oluklu Bulaşık Süngeri 5'li,a101
a101-22001703,0.0,,51.72,HighGenic Leke Çıkarıcı Sprey 1 L,a101
a101-22001713,0.0,,74.88,Pril Bulaşık Deterjanı 4 Kg,a101
a101-22001931,0.0,,137.08,Finish Hepsi 1 Arada Bulaşık Makinesi Tableti 110'lu ,a101
a101-22002689,0.0,,38.16,Bingo Premium Beyaz Toz Deterjan 7 Kg,a101
a101-22002690,0.0,,38.16,Bingo Premium Renkli Toz Deterjan 7 Kg,a101
a101-22002691,0.0,,150.0,Sır Fırın Ocak Temizleme Köpüğü 500 ml,a101
a101-22002692,0.0,,27.14,Hypo Ultra Beyaz Sabun Çamaşır Suyu 3240 Ml ,a101
a101-22002693,0.0,,48.52,Çiçeğim Ultra Limon Çamaşır Suyu 1250 Ml,a101
a101-22002694,0.0,,179.8,Marc Çamaşır Makinesi Temizleyici 500 ml,a101
a101-22002696,0.0,,20.0,Viking Soft Ruby Yumuşatıcı 5 L,a101
a101-22002697,0.0,,79.17,Yumoş Lotus Konsantre Yumuşatıcı 1440 Ml,a101
a101-22002698,0.0,,43.22,Persil Sık Yıkananlar Toz Deterjan 9 KG,a101
a101-22002700,0.0,,26.5,ABC Toz Deterjan 3 KG Beyazlar & Renkliler,a101
a101-22002701,0.0,,38.12,Çiçeğim Renkli Toz Deterjan 8 Kg,a101
a101-22002340,0.0,,49.58,Yumoş Konsantre Yumuşatıcı 1200 Ml,a101
a101-22002667,0.0,,42.48,Logi Mango & Kavun Sıvı Sabun 750 ml ,a101
a101-22002668,0.0,,42.48,Logi Zeytinyağlı Sıvı Sabun 750 ml,a101
a101-22002669,0.0,,42.48,Logi Gül Bahçesi Sıvı Sabun 750 ml ,a101
a101-22002707,0.0,,36.12,ABC Ultra Çamaşır Suyu 1850 ml,a101
a101-22002708,0.0,,64.71,Miss Banyo Temizleyici Sprey 750 ml,a101
a101-22002709,0.0,,24.24,ABC Frezya Yumuşatıcı 5 L,a101
a101-22002710,0.0,,79.33,Hypo Lavabo Açıcı Jel 560 ml,a101
a101-22002714,0.0,,238.39,Domestos Banyo & Mutfak Köpük Gücü 450 ml,a101
a101-22002715,0.0,,153.08,Asperox Sarı Güç & Mavi Güç Sprey Temizleyici 650 ml + 650 ml,a101
a101-22002717,0.0,,831.2,Finish Quantum Özel Seri Bulaşık Makinesi Kapsülü 45'li,a101
a101-22002718,0.0,,43.33,"Sparx Bulaşık Makinesi Tuzu 1,5 Kg",a101
a101-22002719,0.0,,260.0,Sparx Bulaşık Makinesi Temizleyici 250 ml,a101
a101-22002702,0.0,,38.12,Çiçeğim Beyaz Toz Deterjan 8 Kg,a101
a101-22002660,0.0,,72.67,Cif Banyo&Mutfak Krem Temizleyici 2x750 Ml,a101
a101-22002662,0.0,,23.9,Logi Beyaz & Renkli Toz Deterjan 10 Kg,a101
a101-22002663,0.0,,45.45,Çiçeğim Nar Bulaşık Deterjanı 750 Ml,a101
a101-22002664,0.0,,45.45,Çiçeğim Portakal Bulaşık Deterjanı 750 Ml,a101
a101-22002665,0.0,,23.89,Logi Bulaşık Deterjanı 4 KG,a101
a101-22002666,0.0,,42.48,Logi Okyanus Esintisi Sıvı Sabun 750 ml ,a101
a101-22002613,0.0,,59.67,"Rinso Aloe Vera Sıvı Çamaşır Deterjanı 1,5 L ",a101
a101-22002614,0.0,,313.0,Omo Express Fresh Renkli ve Siyahlar Sıvı Çamaşır Deterjanı 1480 ml,a101
a101-22002616,0.0,,313.0,Omo Express Fresh Beyaz ve Renkliler Sıvı Çamaşır Deterjanı 1480 ml,a101
a101-22002670,0.0,,23.16,Logi Gül Bahçesi Sıvı Sabun 4 L  ,a101
a101-22002671,0.0,,23.16,Logi Mango & Kavun Sıvı Sabun 4 L,a101
a101-22002672,0.0,,23.16,Logi Okyanus Esintisi Sıvı Sabun 4 L,a101
a101-22002688,0.0,,112.67,"Bingo Sensitive Bulaşık Deterjanı 1,5 L",a101
a101-22002675,0.0,,50.0,"Logi Bahar Esinitisi Konsantre Yumuşatıcı 1,5 L",a101
a101-22002676,0.0,,50.0,"Logi Manolya Çiçeği Konsantre Yumuşatıcı 1,5 L",a101
a101-22002677,0.0,,50.0,"Logi Okyanus Esintisi Konsantre Yumuşatıcı 1,5 L",a101
a101-22002678,0.0,,50.0,"Logi Sensitive Konsantre Yumuşatıcı 1,5 L",a101
a101-22002679,0.0,,176.04,Bingo Soft Lilyum Konsantre Yumuşatıcı 960 ml ,a101
a101-22002681,0.0,,66.0,Hypo Gider Açıcı Çamaşır Suyu 750 G,a101
a101-22002682,0.0,,123.75,Aqualin Beyaz Sabun Köpük Sabun 400 ml,a101
a101-22002683,0.0,,123.75,Aqualin Manolya Köpük Sabun 400 ml,a101
a101-22002684,0.0,,123.75,Aqualin Zeytinyağlı Köpük Sabun 400 ml,a101
a101-22002646,0.0,,33.46,Ace Çamaşır Suyu 5 L,a101
a101-22002648,0.0,,72.42,Sır Bio Bulaşık Makinesi Jeli 1 L+Parlatıcı 500 Ml,a101
a101-22002652,0.0,,702.99,Asperox Sparx Diamond Bulaşık Makinesi Kapsülü 40'lı,a101
a101-22002673,0.0,,23.16,Logi Zeytinyağlı Sıvı Sabun 4 L ,a101
a101-22002764,0.0,,51.03,Domestos Ultra Beyaz Çamaşır Suyu 1850 ml,a101
a101-22002766,0.0,,71.59,"Perwoll Açık Renkliler Sıvı Deterjan 2,97 L",a101
a101-22002769,0.0,,209.36,Persil Okyanus Ferahlığı Sıvı Çamaşır Deterjanı 1690 ml,a101
a101-22002770,0.0,,115.53,Omo Express Leke Çıkarıcı Renkliler 1 L,a101
a101-22002773,0.0,,125.97,Bingo Kırışıklık Karşıtı Sıvı Deterjan 2 L ,a101
a101-22002774,0.0,,125.97,Bingo Canlandırıcı Etki Sıvı Deterjan 2 L ,a101
a101-22002779,0.0,,161.17,Omo Beyaz & Renkliler Sıvı Deterjan 1500 ml,a101
a101-22002780,0.0,,93.19,Omo Express Fresh Sıvı Çamaşır Deterjanı 1480 ml + Yumoş Açık Hava Etkisi Konsantre Yumuşatıcı 1440 ml,a101
a101-22002781,0.0,,159.31,Bingo Bulaşık Makinesi Parlatıcısı 400 ml ,a101
a101-22002727,0.0,,163.19,Vernel Lavanta Konsantre Yumuşatıcı 1440 ml,a101
a101-22002728,0.0,,163.19,Vernel Konsantre Yumuşatıcı Sensitive 1440 ml,a101
a101-22002729,0.0,,124.59,Omo Express Fresh Beyazlar Sıvı Deterjan 1480 ml,a101
a101-22002720,0.0,,162.5,Sparx Bulaşık Makinesi Parlatıcısı 400 ml,a101
a101-22002787,0.0,,86.9,"Yumoş Ekstra Konsantre Yumuşatıcı Orkide 2,5 L  ",a101
a101-22002789,0.0,,237.5,Vanish Kosla Leke Çıkarıcı Kristal Beyaz 2000 ml,a101
a101-22002790,0.0,,237.5,Vanish Kosla Leke Çıkarıcı Renkli Kıyafetler 2000 ml,a101
a101-22002793,0.0,,91.39,All Natura Mutfak Spreyi 750 ml,a101
a101-22002794,0.0,,100.0,All Natura Çok Amaçlı Temizleyici 750 ml,a101
a101-22002795,0.0,,77.12,All Natura Sıvı Bulaşık Deterjanı 750 ml,a101
a101-22002796,0.0,,91.03,All Natura Banyo Spreyi 750 ml,a101
a101-22002797,0.0,,98.3,All Natura WC Temizleyici 750 ml,a101
a101-22002800,0.0,,37.9,"Asperox Doğaya Kaçış Yüzey Temizleyici 2,5 L  ",a101
a101-22002801,0.0,,37.9,"Asperox Okyanus Maviliği Yüzey Temizleyici 2,5 L  ",a101
a101-22002803,0.0,,175.49,Bingo Soft Begonvil Konsantre Yumuşatıcı 960 ml,a101
a101-22002804,0.0,,852.99,Asperox Sparx Diamond Plus Bulaşık Makinesi Kapsülü 50'li,a101
a101-22002785,0.0,,86.9,"Yumoş Ekstra Konsantre Yumuşatıcı Lilyum 2,5 L  ",a101
a101-22002721,0.0,,38.56,Logi Bulaşık Deterjanı Limon 750 ml,a101
a101-22002722,0.0,,38.56,Logi Bulaşık Deterjanı Elma 750 ml,a101
a101-22002723,0.0,,1171.57,Vanish Kosla Konsantre Leke Çıkarıcı 200 ml,a101
a101-22002685,0.0,,25.9,ABC Beyazlar & Renkliler Sık Yıkananlar Toz Deterjan 10 Kg,a101
a101-22002686,0.0,,112.67,"Bingo Limon Kokulu Bulaşık Deterjanı 1,5 L",a101
a101-22002687,0.0,,112.67,"Bingo Mandalina Kokulu Bulaşık Deterjanı 1,5 L",a101
a101-22002731,0.0,,70.29,Yumoş Tüm Renkliler Sıvı Çamaşır Deterjanı 1690 ml,a101
a101-22002732,0.0,,95.0,Perwoll Hızlı Yıkama Sıvı Deterjan 2 L,a101
a101-22002734,0.0,,78.42,Persil Sık Yıkananlar Sıvı Deterjan 2470 ml ,a101
a101-22002736,0.0,,121.11,Bingo Tek Fısta Sprey Yağ Çözücü Temizleyici 900 ml,a101
a101-22002737,0.0,,121.11,Bingo Tek Fısta Sprey Kireç Çözücü Temizleyici 900 ml,a101
a101-22002741,0.0,,761.04,Fairy Platinum Bulaşık Makinesi Kapsülü 30'lu,a101
a101-22002763,0.0,,115.41,"Pril Sıvı Bulaşık Deterjanı Limon 1,5 L",a101
a101-22002743,0.0,,86.54,Cif Ultra Anında Etki Kir ve Yağ Çözücü Sprey Sakura Parfümlü 1025 ml,a101
a101-22002746,0.0,,45.0,Çiçeğim Gül Yumuşatıcı 3 L	,a101
a101-22002747,0.0,,45.0,Çiçeğim Lavanta Yumuşatıcı 3 L,a101
a101-22002748,0.0,,45.0,Çiçeğim Sensitive Yumuşatıcı 3 L,a101
a101-22002749,0.0,,45.82,Çiçeğim Lavanta Yumuşatıcı 3 L	,a101
a101-22002750,0.0,,45.82,Çiçeğim Gül Yumuşatıcı 3 L	,a101
a101-22002703,0.0,,64.71,Miss Mutfak Temizleyici Sprey 750 ml,a101
a101-22002705,0.0,,62.66,Miss Yağ Çözücü Sprey 750 ml,a101
a101-22002706,0.0,,64.71,Miss Derz Temizleyici Sprey 750 ml,a101
a101-22002759,0.0,,832.14,Bingo Pro Max Bulaşık Makinesi Kapsülü 60'lı,a101
a101-22002760,0.0,,113.96,"Rinso Sıvı Deterjan Argan Özü 2,5 L",a101
a101-22002762,0.0,,115.71,"Pril Sıvı Bulaşık Deterjanı Sirke Etkili 1,5 L",a101
a101-22002742,0.0,,67.87,Cillit Bang Lavabo Açıcı Jel 1 L,a101
a101-22002518,0.0,,24.0,Çiçeğim Portakallı Banyo&Mutfak Krem Temizleyici 750 Ml,a101
a101-22002520,0.0,,66.33,Peros Renkliler Sıvı Deterjan 3 L,a101
a101-22002521,0.0,,49.67,Peros Siyahlar Sıvı Deterjan 3 L,a101
a101-22002437,0.0,,27.0,Peros Pembe Güller Yumuşatıcı 5 L,a101
a101-22002441,0.0,,17.6,Sio Bulaşık Deterjanı 4 Kg,a101
a101-22002442,0.0,,53.2,Viking Aroma Konsantre Yumuşatıcı 750 Ml,a101
a101-22002529,0.0,,19.75,Max Rosa Zeytinyağlı Sıvı Sabun 4 L,a101
a101-22002530,0.0,,19.75,Max Rosa Lavantalı Sıvı Sabun 4 L,a101
a101-22002535,0.0,,182.04,ABC Çamaşır Suyu 4 L,a101
a101-22002536,0.0,,56.16,Pril Bulaşık Deterjanı 2x675 Ml+750 Ml ,a101
a101-22002542,0.0,,58.1,Domestos Ultra Çamaşır Suyu 750 Ml,a101
a101-22002659,0.0,,78.0,Mr. Oxy Yaban Mersinli Bulaşık Deterjanı 500 M,a101
a101-22002546,0.0,,91.5,Rinso Argan Sıvı Deterjan 3 L,a101
a101-22002547,0.0,,105.96,Cif Power&Shine Mutfak veya Banyo Temizleyici Sprey+Serum 750 Ml,a101
a101-22002549,0.0,,277.41,Duru Hydro Pure Sabun 2x135 G,a101
a101-22002550,0.0,,29.0,"Fakir Ahşap Temizleyici 2,5 L",a101
a101-22002553,0.0,,52.37,Domestos Ultra Beyaz Sabun Çamaşır Suyu 1850 ml ,a101
a101-22002555,0.0,,56.33,Fairy Bulaşık Deterjanı 2x1500 Ml,a101
a101-22002556,0.0,,401.73,Renax Bulaşık Makinesi Kapsülü 33'lü,a101
a101-22002490,0.0,,20.94,Komili Gül Bahçesi Sıvı Sabun 4 L,a101
a101-22002491,0.0,,21.25,Komili Zeytin Çiçeği Sıvı Sabun 4 L,a101
a101-22002500,0.0,,638.87,Finish Quantum Max Soda Bulaşık Makinesi Tableti 62'li,a101
a101-22002561,0.0,,31.25,Rinso Beyaz Sirke&Çamaşır Sodası Toz Deterjan 4 Kg,a101
a101-22002563,0.0,,92.5,Peros Renkliler Sıvı Deterjan 2 L,a101
a101-22002545,0.0,,71.88,Cif Gold Banyo&Mutfak Krem Temizleyici 750 Ml,a101
a101-22002443,0.0,,53.2,Viking Therapy Konsantre Yumuşatıcı 750 Ml,a101
a101-22002452,0.0,,47.6,Cif Banyo&Mutfak Krem Temizleyici 750+750 Ml,a101
a101-22002454,0.0,,133.0,Bingo Renkli Sıvı Çamaşır Deterjanı 3 L,a101
a101-22002455,0.0,,133.0,Bingo Tüm Renkler Sıvı Çamaşır Deterjanı 3 L,a101
a101-22002461,0.0,,314.5,Vanish Kosla Beyazlar İçin Leke Çıkarıcı 1 L,a101
a101-22002462,0.0,,31.35,Renax Renkli&Beyaz Sıvı Deterjan 2520 Ml,a101
a101-22002463,0.0,,31.35,Renax Siyah Sıvı Deterjan 2520 Ml,a101
a101-22002464,0.0,,55.03,Persil Renkli Sıvı Deterjanı 2460 Ml,a101
a101-22002465,0.0,,18.59,Dixi Bref Gül Yüzey Temizleyici 5 L,a101
a101-22002469,0.0,,39.67,Peros Zeytinyağlı Bergamotlu Sıvı Sabun 3 Kg,a101
a101-22002473,0.0,,360.0,Macromax Konfor Bulaşık Süngeri 2'li,a101
a101-22002474,0.0,,497.5,Macromax Bubble Bulaşık Süngeri 5'li,a101
a101-22002517,0.0,,24.0,Çiçeğim Narlı Banyo&Mutfak Krem Temizleyici 750 Ml,a101
a101-22002397,0.0,,19.6,"Doa Pudralı Yüzey Temizleyici 2,5 L",a101
a101-22002399,0.0,,69.25,Vanish Kosla Oxi Action Beyaz Leke Çıkarıcı 3 L,a101
a101-22002401,0.0,,26.85,"Viking Sonbahar Tüm Renkler Sıvı Deterjan 2,7 L",a101
a101-22002501,0.0,,125.97,Bingo Yıpranma Karşıtı Sıvı Deterjan 2 L,a101
a101-22002502,0.0,,47.39,"Bingo Mutlu Yuvam Yüzey Temizleyici 2,5 L",a101
a101-22002507,0.0,,77.86,"Vanish Multipower Renkliler İçin Leke Çıkarıcı 1,4 L",a101
a101-22002509,0.0,,77.86,"Vanish Multipower Beyazlar İçin Leke Çıkarıcı 1,4 L",a101
a101-22002510,0.0,,84.92,ABC Sıvı Çamaşır Deterjanı 3 L,a101
a101-22002512,0.0,,11.96,"Simpak Maria Yüzey Temizleyici 2,5 L",a101
a101-22002513,0.0,,11.96,"Simpak Çam Yüzey Temizleyici 2,5 L",a101
a101-22002514,0.0,,42.9,"Perwoll Renkli Sıvı Deterjan 3,96 L",a101
a101-22002515,0.0,,42.9,"Perwoll Siyah Sıvı Deterjan 3,96 L",a101
a101-22002485,0.0,,53.0,Por-Çöz Fırın ve Ocak Temizleyici Sprey 750 Ml,a101
a101-22002557,0.0,,26.0,"Viking Yasemin ve Vanilya Yüzey Temizleyici 2,5 L",a101
a101-22002558,0.0,,48.78,Omo Beyazlar ve Renkliler Toz Deterjan 9 Kg,a101
a101-22002560,0.0,,127.22,Omo Active Oxygen Etkisi Sıvı Deterjan 1690 Ml,a101
a101-22002617,0.0,,624.0,Finish Limon Kokulu Bulaşık Makinesi Parlatıcısı 250 ml,a101
a101-22002618,0.0,,1725.96,Bref Power Aktiv Klozet Blok 2'li ,a101
a101-22002619,0.0,,87.8,Cif Ultra Anında Etki Kir ve Yağ Çözücü Sprey 1025 ml,a101
a101-22002620,0.0,,45.31,"Perwoll Sport Sıvı Deterjan 2,97 L",a101
a101-22002623,0.0,,633.33,Domestos Klozet Blok 3'lü Çam Ormanı,a101
a101-22002625,0.0,,906.3,Finish Quantum Bulaşık Makinesi Kapsülü 40'lı,a101
a101-22002634,0.0,,149.0,Pril H1A Bulaşık Makinesi Jeli 1080 ml,a101
a101-22002639,0.0,,24.23,ABC Huzur Yumuşatıcı 5 L,a101
a101-22002640,0.0,,50.9,Domestos Ultra Çam Ferahlığı Çamaşır Suyu 1850 ml,a101
a101-22002564,0.0,,92.5,Peros Siyahlar Sıvı Deterjan 2 L,a101
a101-22002642,0.0,,42.67,"Çiçeğim Lavanta Yüzey Temizleyici 1,5 L",a101
a101-22002643,0.0,,42.67,"Çiçeğim Gül Yüzey Temizleyici 1,5 L",a101
a101-22002645,0.0,,21.8,Viking Soft Gül Zambak Yumuşatıcı 5 L,a101
a101-22002586,0.0,,82.5,Yumoş Pouch Amber Konsantre Yumuşatıcı 1200 ml,a101
a101-22002588,0.0,,62.34,Aqualin Manolya Sıvı Sabun 750 Ml,a101
a101-22002589,0.0,,62.34,Aqualin Vanilya Sıvı Sabun 750 Ml,a101
a101-22002653,0.0,,636.11,Renax Gold Bulaşık Makinesi Kapsülü 30'lu,a101
a101-22002654,0.0,,83.33,Çiçeğim Limon Kokulu Bulaşık Deterjanı 750 ml,a101
a101-22002655,0.0,,83.33,Çiçeğim Elma Kokulu Bulaşık Deterjanı 750 ml,a101
a101-22002656,0.0,,23.6,"HighGenic Beyaz Sabun Yüzey Temizleyici 2,5 L",a101
a101-22002657,0.0,,23.6,"HighGenic Pembe Aşk Yüzey Temizleyici 2,5 L",a101
a101-22002658,0.0,,78.0,Mr. Oxy Limonlu Bulaşık Deterjanı 500 ml,a101
a101-22002641,0.0,,49.02,Miss Bubble Bulaşık Deterjanı 500 Ml ,a101
a101-22002565,0.0,,92.5,Peros Narinler Sıvı Deterjan 2 L,a101
a101-22002566,0.0,,674.48,Asperox Sparx Diamond Bulaşık Makinesi Kapsülü 30'lu,a101
a101-22002571,0.0,,35.9,Rinso Argan Özlü Sıvı Deterjan 5 L,a101
a101-22002572,0.0,,176.04,Bingo Soft Sensitive Konsantre Yumuşatıcı 960 ml,a101
a101-22002574,0.0,,649.09,Bingo Pro Bulaşık Makinesi Kapsülü 36'lı,a101
a101-22002575,0.0,,787.67,Bingo Pro Max Bulaşık Makinesi Kapsülü 32'li,a101
a101-22002576,0.0,,95.0,Perwoll Renkli Sıvı Deterjan 2 L,a101
a101-22002577,0.0,,95.0,Perwoll Siyah Sıvı Deterjan 2 L,a101
a101-22002578,0.0,,95.0,Perwoll Beyaz Sıvı Deterjan 2 L,a101
a101-22002579,0.0,,83.33,Bingo Mutlu Yuvam Beyazlar ve Renkliler Toz Deterjan 3 Kg,a101
a101-22002522,0.0,,49.67,Peros Narinler Sıvı Deterjan 3 L,a101
a101-22002524,0.0,,31.0,Persil Beyazlar İçin Toz Deterjan 9 Kg,a101
a101-22002612,0.0,,59.67,"Rinso Argan Özü Sıvı Çamaşır Deterjanı 1,5 L ",a101
a101-22002590,0.0,,62.34,Aqualin Zeytinyağlı Sıvı Sabun 750 Ml,a101
a101-22002592,0.0,,29.86,Persil Renkliler ve Beyazlar Toz Deterjan 7 Kg ,a101
a101-22002593,0.0,,126.82,Vip Ahmet Temizlik Seti Mop+ Yüzey Temizleme Mendili 50'li,a101
a101-22002598,0.0,,19.6,"Doa Hanımeli Yüzey Temizleyici 2,5 L",a101
a101-22002600,0.0,,47.41,"Bingo Ferah Evim Yüzey Temizleyici 2,5 L",a101
a101-22002601,0.0,,90.48,Cif Krem 2x750 ml + Domestos Ultra Çamaşır Suyu 750 ml,a101
a101-22002603,0.0,,249.17,Yumoş Uzman Renk Koruma Konsantre Yumuşatıcı 1200 ml ,a101
a101-22002604,0.0,,249.17,Yumoş Uzman Kolay Ütü Konsantre Yumuşatıcı 1200 ml,a101
a101-22002605,0.0,,249.17,Yumoş Uzman Açık Hava Etkisi Konsantre Yumuşatıcı 1200 ml,a101
a101-22002606,0.0,,61.75,"Bingo Pembe Düşler Yüzey Temizleyici 2,5 L",a101
a101-22002608,0.0,,369.54,Tems Bulaşık Makinesi Kapsülü 36'lı ,a101
a101-22002611,0.0,,99.67,Omo Sık Yıkananlar Toz Deterjan 3 Kg,a101
a101-22002525,0.0,,155.23,Ariel Oxi Sıvı Deterjan 1200 Ml,a101
a101-27002357,0.0,,396.67,Ogaş Kaplamalı Saray Helvası 300 G ,a101
a101-27002358,0.0,,790.0,Patiswiss Kadayıflı Dubai Çikolatası 100 G,a101
a101-27002379,0.0,,589.23,"First Infinity Naneli Sakız 29,7 G ",a101
a101-27002380,0.0,,219.3,Bubblicious Çilek Aromalı Sakız 3x38 G,a101
a101-27002381,0.0,,348.26,"Kent Tofita Yumiyum Çilekli Yumuşak Şeker 15x6,7 G",a101
a101-27002382,0.0,,408.33,Evliya Kadayıflı Dubai Çikolata 120 G,a101
a101-27002383,0.0,,526.67,Gold Fındıklı Top Çikolata 150 G,a101
a101-27002384,0.0,,964.91,Rocket Fenomen Spin Şeker Hediyeli Roket 57 G ,a101
a101-27002385,0.0,,1000.0,Todix Choco Oyuncaklı Çikolata 35 G,a101
a101-27002287,0.0,,916.67,Torku Çokofest Frambuazlı Çikolata Bar 30 G,a101
a101-27002296,0.0,,816.67,Ülker Bademli Krokanlı Çikolata 60 G,a101
a101-24005894,0.0,,52.5,Peros Lavanta & Neroli Çiçeği Sıvı Sabun 3 Kg   ,a101
a101-27002389,0.0,,618.75,Kent Jelibon Sour Patch Kids Tropikal Yumuşak Şeker 160 G,a101
a101-27002393,0.0,,180.56,Haribo Dev Timsah Yumuşak Şeker 18 G,a101
a101-27002394,0.0,,180.56,Haribo Dev Köpek Balığı Yumuşak Şeker 18 G,a101
a101-27002395,0.0,,180.56,Haribo Dev Balık Yumuşak Şeker 18 G,a101
a101-27002396,0.0,,180.56,Haribo Dev Cola Yumuşak Şeker 18 G,a101
a101-27002398,0.0,,988.89,Vince Dubai Kadayıflı Çikolata 90 G,a101
a101-27002399,0.0,,1687.66,Kahve Dünyası Tambol Antep Fıstıklı Sütlü Çikolata 77 G,a101
a101-27002401,0.0,,900.0,Lokum Aşkı Dubai Sultanı Lokum 250 G,a101
a101-27002402,0.0,,1227.27,Kahve Dünyası Tambol Fındıklı Sütlü Çikolata 77 G,a101
a101-27002403,0.0,,1292.21,Kahve Dünyası Tambol Bademli Sütlü Çikolata 77 G,a101
a101-27002404,0.0,,266.67,Nutschoco Çikolata Bar 30 G,a101
a101-27002408,0.0,,966.67,Patiswiss Kadayıflı Dubai Çikolata 30 G,a101
a101-27002297,0.0,,300.0,Ülker Yupo Metre Çilekli Yumuşak Şeker 50 G,a101
a101-27002280,0.0,,491.67,Şölen Nutymax Ekstra Fındıklı Çikolata Bar 3x40 G,a101
a101-27002281,0.0,,784.09,Şölen Ozmo Farm Parmak Çikolata 4x11 G,a101
a101-27002283,0.0,,250.0,Toy Joy Karpuz Aromalı Sakız 5x4 G,a101
a101-27002150,0.0,,883.33,Milka Badem Karamel Çikolata 300 G ,a101
a101-27002167,0.0,,1650.0,Nestle Damak Lokum Çikolata 60 G,a101
a101-27002169,0.0,,150.0,Togo Yer Fıstıklı Karamelli Beyaz Çikolata Bar 60 G ,a101
a101-27002298,0.0,,490.0,Ülker Yupo Metre Kolalı Yumuşak Şeker 50 G,a101
a101-27002301,0.0,,1285.71,Ozibox Sakız Hediyeli Telefon 35 G,a101
a101-27002304,0.0,,625.0,Granio Tiramisulu Çikolata Bar 40 G,a101
a101-27002305,0.0,,1158.33,Nestle Corn Flakes Çikolata 60 G ,a101
a101-27002312,0.0,,990.0,Toblerone Kuru Meyveli Çikolata 100 G,a101
a101-27002313,0.0,,1981.48,First 60 Dk Keskin Nane Sakız 27 G,a101
a101-27002356,0.0,,316.0,Ogaş Vanilya Aromalı Pişmaniye 250 G,a101
a101-27002319,0.0,,625.0,Big Babol Fruit Mix Sakız 20 G,a101
a101-27002321,0.0,,600.0,Xroll Fındıklı Çikolata Bar 30 G,a101
a101-27002322,0.0,,1322.58,Ülker Kadayıflı Dubai Çikolatası 93 G,a101
a101-27002323,0.0,,422.22,Ülker Rodeo Yer Fıstıklı Çikolata Bar 45 G ,a101
a101-27002327,0.0,,767.44,Ülker Çikolata Çilekli Magnolia Tadında 215 G,a101
a101-27002333,0.0,,680.56,M&M's Salted Caramel Draje 36 G,a101
a101-27002246,0.0,,838.46,Nestle Nostalji Beyaz Çikolata 65 G,a101
a101-27002253,0.0,,250.0,Togo Antep Fıstıklı Çikolata 40 G,a101
a101-27002254,0.0,,187.5,Togo Lotus Kremalı Bisküvi Çikolata 40 G,a101
a101-27002351,0.0,,828.57,Beyoğlu Kadayıflı Dubai Çikolatası 35 G,a101
a101-27002352,0.0,,947.62,Beyoğlu Dubaco Dubai Çikolatası 200 G ,a101
a101-27002353,0.0,,837.66,Şölen Ozmo Mini Eggs Çikolata 154 G,a101
a101-27002318,0.0,,625.0,Big Babol Fruit Mix Karpuz Aromalı Sakız 20 G,a101
a101-27002472,0.0,,250.0,Şekerci Mustafa Antep Fıstıklı Pişmaniye 220 G,a101
a101-27002473,0.0,,357.14,Jox Chewy Ahududu Yumuşak Şeker 7 G,a101
a101-27002477,0.0,,148.81,Sweet Route Karışık Meyveli Yumuşak Şeker 500 G,a101
a101-27002479,0.0,,314.29,Miskos Yer Fıstıklı Krokan Bar 35 G,a101
a101-27002480,0.0,,956.73,Ülker Buklet Madlen Kutu Çikolata 208 G ,a101
a101-27002481,0.0,,833.33,Ülker Ece Bütün Fıstıklı Kadayıf Çikolata 300 G,a101
a101-27002410,0.0,,408.26,Ritter Sport Tuzlu Karamelli Çikolata 218 G,a101
a101-27002411,0.0,,408.26,Ritter Sport Meyveli Dolgulu Çikolata 218 G,a101
a101-27002418,0.0,,428.57,Helbi Bisküvi Arası Helva 35 G,a101
a101-27002486,0.0,,536.36,Torku Çokofest Karamel Dolgulu Çikolata 55 G,a101
a101-27002487,0.0,,966.67,Damak Antep Fıstıklı Baklava Çikolata 30 G,a101
a101-27002409,0.0,,541.67,Haribo Miami Şerit Yumuşak Şeker 120 G,a101
a101-27002489,0.0,,1833.33,Nestle Damak İnci Antep Fıstıklı Beyaz Çikolata 60 G,a101
a101-27002490,0.0,,405.41,Vince Beyaz Bütün Fındıklı Kutu Çikolata 370 G,a101
a101-27002491,0.0,,405.41,Vince Sütlü Bütün Fındıklı Kutu Çikolata 370 G,a101
a101-27002493,0.0,,964.29,Chupa Chups Patlayan Şeker Lolipop Kola 14 G,a101
a101-27002495,0.0,,159.0,Togo Pirinç Patlaklı Dolgulu Çikolata 500 G,a101
a101-27002497,0.0,,168.57,Togo Mini Karışık Çikolata 350 G,a101
a101-27002499,0.0,,1181.82,Nestle Damak Ezme Çikolata 60 G,a101
a101-27002500,0.0,,230.77,Haribo Mix Yumuşak Şeker 325 G,a101
a101-27002501,0.0,,333.33,Bebeto Sour Blast Cola Licorice Yumuşak Şeker 15 G,a101
a101-27002502,0.0,,995.0,Tambol Caffe Latte Dolgulu Çikolata 100 G,a101
a101-27002455,0.0,,111.43,Tayaş Milkquick Kahve Dolgulu Sert Şeker 350 G,a101
a101-27002457,0.0,,199.0,Evliya Tofiş Karışık Meyve Aromalı Yumuşak Şeker 1 Kg ,a101
a101-27002488,0.0,,290.7,Missbon Çilek & Elma Sert Şeker 43 G,a101
a101-27002340,0.0,,833.33,Cino File Para Çikolata 33 G,a101
a101-27002343,0.0,,1111.11,Toy Joy Jelly Göz Yumuşak Şeker 18 G,a101
a101-27002350,0.0,,555.56,Vitassist Guarana&Ginseng Sakız 27 G,a101
a101-27002423,0.0,,722.22,Ülker Napoliten Kalpli Çikolata 90 G,a101
a101-27002424,0.0,,1166.67,Torku Sütlü Çikolata 60 G,a101
a101-27002425,0.0,,1166.67,Torku Bitter Çikolata 60 G,a101
a101-27002426,0.0,,1208.33,Torku Fındıklı Çikolata 60 G,a101
a101-27002428,0.0,,250.0,Torku Yer Fıstıklı Kremalı Çikolata Bar 40 G,a101
a101-27002429,0.0,,218.75,Torku Yer Fıstıklı Çikolata Bar 4x40 G,a101
a101-27002431,0.0,,1250.0,Oneo 60 Dk Nane Aromalı Sakız 14 G,a101
a101-27002437,0.0,,1114.29,Bonucci Kadayıflı Dubai Çikolatası 35 G,a101
a101-27002439,0.0,,536.36,Torku Çokofest Frambuazlı Çikolata 55 G,a101
a101-27002471,0.0,,1500.0,Kahve Dünyası Nello Fındıklı Bar Çikolata 33 G,a101
a101-27002442,0.0,,212.5,Haribo Dinozor Yumuşak Şeker 200 G ,a101
a101-27002443,0.0,,1833.33,Nestle Damak Klasik Antep Fıstıklı Sütlü Çikolata 60 G,a101
a101-27002449,0.0,,482.86,Lokum Aşkı Fındıklı Sarma Lokum 350 G,a101
a101-27002386,0.0,,300.0,Todix Dips Stick Çikolata 40 G,a101
a101-27002387,0.0,,168.75,SPK Jelibon Çilek Yumuşak Şeker 160 G,a101
a101-27002388,0.0,,618.75,Kent Spk Jelibon Şeftali Yumuşak Şeker 160 G,a101
a101-27002459,0.0,,218.0,Evliya Herman Meyveli Hindistan Cevizli Çikolata Bar 500 G,a101
a101-27002460,0.0,,325.0,Eti Remixx Bar Çikolata Nuga Karamel 20 G,a101
a101-27002461,0.0,,325.0,Eti Remixx Bar Çikolata Bisküvi Karamel 20 G,a101
a101-27002462,0.0,,745.83,Torku Nice Antep Fıstıklı Çikolata 240 G ,a101
a101-27002463,0.0,,356.0,Evliya 1960 Sütlü Karamelli Çikolata 250 G,a101
a101-27002465,0.0,,478.26,Haribo Party Mix Yumuşak Şeker 115 G,a101
a101-27002441,0.0,,594.83,Ülker Pirinç Patlaklı Sütlü Çikolata 4x29 G,a101
a101-27001797,0.0,,300.0,Ülker Lokumcuk Bayram Şekeri 350 G,a101
a101-27001798,0.0,,842.86,Ülker Ece Bütün Fındıklı Çikolata 350 G,a101
a101-27001801,0.0,,92.86,Ödül Fındıklı Çikolata 350 G,a101
a101-27001944,0.0,,695.0,Eti Yer Fıstıklı Çikolata 100 G,a101
a101-27001946,0.0,,650.0,Eti Fındıklı Çikolata 100 G,a101
a101-27001951,0.0,,822.22,Bigbabol Fantastic World Meyve Aromalı Sakız 90 G ,a101
a101-27001952,0.0,,822.22,Big Babol World Dino Eggs Ekşi Sakız 90 G ,a101
a101-27001953,0.0,,933.33,Chupa Chups Çilek Limon Sert Şeker 15 G,a101
a101-27001954,0.0,,966.67,Chupa Chups Cola Lolipop Şeker 15 G ,a101
a101-27001960,0.0,,1785.71,Mentos Clean Breath Orman Meyveli Aromalı Şeker 21 G,a101
a101-27001961,0.0,,1666.67,Mentos Clean Breath Şeker Vişne 21 G ,a101
a101-27002278,0.0,,350.0,Jox Minies Ahududulu Ekşi Yumuşak Şeker 10 G,a101
a101-27001986,0.0,,597.83,Milka Oreo Sandwich Çikolata 92 G,a101
a101-27001987,0.0,,990.0,Toblerone Bitter Çikolata 100 G ,a101
a101-27001998,0.0,,487.5,Şölen Boombastic Yer Fıstıklı Çikolata 40 G,a101
a101-27002006,0.0,,163.89,Torku Meyve Aromalı Kuş Lokumu 180 G,a101
a101-27001872,0.0,,785.71,Nestle Nesquik Kare Çikolata 70 G,a101
a101-27001877,0.0,,217.5,Seven Stick Halka Şeftali Yumuşak Şeker 100 G,a101
a101-27001884,0.0,,928.57,Falım Meyveli Şekersiz Sakız 5’li 35 G,a101
a101-27002052,0.0,,202.13,Beyoğlu Gala Yer Fıstıklı Çikolata 47 G,a101
a101-27002053,0.0,,1250.0,Toybox Max Erkek Oyuncaklı Kakao ve Süt Kreması 20 G ,a101
a101-27002055,0.0,,1250.0,Toybox Max Kız Oyuncaklı Kakao ve Süt Kreması 20 G ,a101
a101-27002059,0.0,,340.91,Frogger Meyve Aromalı Top Sakız 8'li 22 G,a101
a101-27002066,0.0,,738.64,Ülker Be Happy Çilekli Tablet Çikolata 88 G,a101
a101-27001980,0.0,,3400.0,Toblerone Sütlü Çikolata 100 G ,a101
a101-27001817,0.0,,214.29,Evliya Favori Yumuşak Şeker 350 G,a101
a101-27001818,0.0,,111.43,Evliya Favori Karamel Dolgulu Yumuşak Şeker 350 G,a101
a101-27001825,0.0,,925.0,Cosby Fun Pembe Yumurta Çikolata 20 G,a101
a101-27001826,0.0,,925.0,Cosby Fun Mavi Yumurta Çikolata 20 G,a101
a101-27001827,0.0,,766.67,Torku Antep Fıstıklı Baton Çikolata 30 G,a101
a101-27001840,0.0,,1475.0,Cosby Şemsiye Çikolata 20 G,a101
a101-27001853,0.0,,550.0,Ülker Coco Star Crisp Çikolata Bar 20 G,a101
a101-27001856,0.0,,1283.33,Nestle Classic Beyaz Çikolata 60 G,a101
a101-27001857,0.0,,1658.33,Nestle Damak Karamel Krokan Çikolata 60 G,a101
a101-27001867,0.0,,233.33,Bebeto Şeftali Kalpli Yumuşak Şeker 150 G,a101
a101-27001577,0.0,,761.9,"Nestle Crunch Pirinç Patlaklı Beyaz Çikolata 31,5 G",a101
a101-27001590,0.0,,1000.0,Oneo Bubble Mini Sakız 60 G,a101
a101-27001918,0.0,,1333.33,Godiva Bol Sütlü Kare Çikolata 60 G ,a101
a101-27001885,0.0,,928.57,Falım Çilekli Şekersiz Sakız 5’li 35 G,a101
a101-27001887,0.0,,500.0,Şıpsevdi Meyve Aromalı Sakız 25 G,a101
a101-27001896,0.0,,550.0,Milka Oreo Beyaz Çikolata 100 G,a101
a101-27001901,0.0,,535.71,Olips Mentol ve Okaliptus Aromalı Şeker 28 G ,a101
a101-27001904,0.0,,1600.0,"Olips Mini Mints Nane Sert Şeker 12,5 G",a101
a101-27001905,0.0,,535.71,Olips Zero Mentol Sert Şeker 28 G,a101
a101-27001906,0.0,,535.71,Olips Zero Limon Portakal Sert Şeker 28 G,a101
a101-27001907,0.0,,372.34,Tofita Portakal Yumuşak Şeker 47 G,a101
a101-27001908,0.0,,265.96,Tofita Vişne Yumuşak Şeker 47 G,a101
a101-27001909,0.0,,372.34,Tofita Böğürtlen Yumuşak Şeker 47 G,a101
a101-27001914,0.0,,1250.0,Ülker Oneo Slims Karpuzlu Sakız 14 G,a101
a101-27001915,0.0,,714.29,Ülker Oneo Slims Çilekli Sakız 14 G,a101
a101-27001614,0.0,,872.09,Big Babol Sihirli Küp Sakız 86 G,a101
a101-27002185,0.0,,225.0,Haribo Solucan Yumuşak Şeker 200 G,a101
a101-27002191,0.0,,1250.0,Milka Bonibon Draje Çikolata 36 G,a101
a101-27002193,0.0,,319.15,Olips Elmalı Yumuşak Şeker 47 G,a101
a101-27002199,0.0,,140.0,Sweet Tastic Karamelli Çikolata 50 G ,a101
a101-27002200,0.0,,140.0,Sweet Tastic Yer Fıstıklı Çikolata 50 G ,a101
a101-27002209,0.0,,140.0,Sweet Tastic Hindistan Cevizli Çikolata Bar 50 G,a101
a101-27002223,0.0,,625.0,Granio Kırmızı Meyveli Çikolata Bar 40 G,a101
a101-27002230,0.0,,416.67,Eti Maximus Yer Fıstıklı Beyaz Çikolata Bar 36 G,a101
a101-27002238,0.0,,312.5,Tigo Pop Kakaolu Bar 8 G,a101
a101-27002239,0.0,,312.5,Tigo Pop Çilekli Bar 8 G,a101
a101-27002240,0.0,,312.5,Tigo Pop Muzlu Bar 8 G,a101
a101-27002241,0.0,,462.96,Ülker Amore Limon Dolgulu Çikolata 54 G,a101
a101-27002071,0.0,,468.75,Ülker Caramio Bitter Çikolata 32 G,a101
a101-27002119,0.0,,1316.14,"Nestle Damak Fıstıklı Çikolata 151,2 G",a101
a101-27002121,0.0,,150.0,Cocobite Hindistan Cevizli Çikolata 500 G,a101
a101-27002122,0.0,,150.0,Cocobite Hindistan Cevizli Meyveli Çikolata 500 G,a101
a101-27002255,0.0,,187.5,Togo Bisküvi Kremalı Çikolata 40 G,a101
a101-27002256,0.0,,187.5,Togo Hindistan Cevizli Kremalı Çikolata 40 G,a101
a101-27002257,0.0,,187.5,Togo Çilek Kremalı Çikolata 40 G,a101
a101-27002262,0.0,,384.62,Nutmaster Çubuk Çikolata 52 G,a101
a101-27002265,0.0,,340.91,Ülker Kremini Karpuzlu Yumuşak Şeker 44 G,a101
a101-27002268,0.0,,182.07,Haribo Keyif Paketi Yumuşak Şeker 357 G,a101
a101-27002269,0.0,,575.0,Ülker Geleneksel Tatlı Serisi Çikolata Mix 120 G,a101
a101-27002270,0.0,,690.14,"Snickers Çikolata Bar 35,5 G",a101
a101-27002277,0.0,,350.0,Jox Minies Çilekli Ekşi Yumuşak Şeker 10 G,a101
a101-27002243,0.0,,300.0,Togo Cosmilk Oyuncaklı Çikolata Bar 25 G,a101
a101-27002088,0.0,,1421.43,Torku Bütün Fındıklı Çikolata 70 G,a101
a101-27002101,0.0,,156.25,Togo Ottimo Beyaz Çikolata 64 G,a101
a101-27002102,0.0,,357.14,Jox Chewy Çilek Yumuşak Şeker 7 G,a101
a101-27002103,0.0,,357.14,Jox Chewy Karpuz Yumuşak Şeker 7 G,a101
a101-27002104,0.0,,350.0,Jox Minies Çilek Yumuşak Şeker 10 G,a101
a101-27002105,0.0,,350.0,Jox Minies Bubble Gum Yumuşak Şeker 10 G,a101
a101-27002115,0.0,,137.25,Torku Miniki Nugalı Sütlü Çikolata 400 G,a101
a101-27001921,0.0,,565.22,Haribo Mix Ekşi Yumuşak Şeker 115 G,a101
a101-27001926,0.0,,500.0,Haribo Roulette Yumuşak Şeker 45 G,a101
a101-27001943,0.0,,684.21,Eti Karamelli Patlaklı Çikolata 95 G,a101
a101-27002123,0.0,,124.79,Eti Remixx Karamelli Nugalı Çikolata Bar 480 G,a101
a101-27002125,0.0,,124.79,Eti Remixx Karamelli Bisküvili Çikolata Bar 480 G,a101
a101-27002024,0.0,,761.54,Nestle Nostalji Sütlü Çikolata 65 G,a101
a101-27002131,0.0,,539.33,Ülker Sırma Pirinç Patlaklı Çikolata 445 G,a101
a101-27002132,0.0,,842.86,Ülker Çikolatin Sütlü Çikolata 350 G,a101
a101-27002133,0.0,,830.99,Ülker Truffle Fındık Dolgulu Çikolata 355 G,a101
a101-27002136,0.0,,544.44,Eti Canga Bar Cookie Karamel Çikolata 45 G,a101
a101-27002137,0.0,,1040.0,Kahve Dünyası Dolgulu Lavi Sütlü/Bitter Çikolata 250 G,a101
a101-27002138,0.0,,597.83,Milka Oreo Sandwich Çilekli Çikolata 92 G,a101
a101-27002139,0.0,,928.57,Ülker Sütlü Tablet Çikolata 70 G,a101
a101-27002140,0.0,,928.57,Ülker Bitter Tablet Çikolata 70 G,a101
a101-27002141,0.0,,928.57,Ülker Beyaz Tablet Çikolata 70 G,a101
a101-27002147,0.0,,400.0,Bahçeden Yer Fıstıklı Bar 30 G,a101
a101-27002020,0.0,,130.0,Evliya Elmas Bonbon Meyveli Sert Şeker 500 G,a101
a101-27002022,0.0,,1325.0,Nestle Fındıklı Çikolata 60 G,a101
a101-27002129,0.0,,225.71,Şekerci Mustafa Karışık Meyve Aromalı Lokum 350 G,a101
a101-27002762,0.0,,1833.33,Nestle Çikolata Tuzlu Karamel & Fındık 60 G ,a101
a101-27002763,0.0,,1785.71,Nestle Damak Üzümlü Antep Fıstıklı Çikolata 70 G  ,a101
a101-27002764,0.0,,928.57,Falım Orman Meyveleri Aromalı Şekersiz Sakız 5’li 35 G ,a101
a101-27002765,0.0,,1833.33,Nestle Artizan İşi Fındık Ezmeli & Fındık Parçacıklı Beyaz Çikolata 60 G ,a101
a101-27002767,0.0,,928.57,Falım Karpuz Aromalı Şekersiz Sakız 5’li 35 G ,a101
a101-27002768,0.0,,478.26,Haribo Şirinler Yumuşak Şeker 115 G ,a101
a101-27002771,0.0,,862.5,Vince Antep Fıstıklı Çikolata 80 G ,a101
a101-27002776,0.0,,833.33,Jox Çilek Aromalı Sert Şeker 12 G ,a101
a101-27002777,0.0,,9916.67,Fenomen Şeker Hediyeli Süslü Tarak 6 G ,a101
a101-27002785,0.0,,250.0,Beyoğlu Mini Mix 500 G ,a101
a101-27002786,0.0,,1170.59,Beyoğlu Bütün Fındıklı Çikolata 170 G ,a101
a101-27002458,0.0,,218.0,Evliya Herman Hindistan Cevizli Çikolata Bar 500 G,a101
a101-27002730,0.0,,1071.43,Bebeto Çilek Aromalı Kurutulmuş Yumuşak Şeker 35 G ,a101
a101-27002736,0.0,,4633.33,Toynero Şeker Hediyeli İyi Seneler 15 G,a101
a101-27002738,0.0,,5500.0,Toynero Şeker Hediyeli Boyama Kitabı 9 G ,a101
a101-27002793,0.0,,660.0,Patiswiss Draje Çikolatalı Badem Şeker 150 G ,a101
a101-27002794,0.0,,1187.5,Patiswiss Kurutulmuş Çilek Draje Çikolata 80 G ,a101
a101-27002795,0.0,,212.5,Haribo Altın Ayıcık Efsane Karışık Aromalı Yumuşak Şekerleme 200 G ,a101
a101-27002796,0.0,,242.86,Haribo Altın Ayıcık Ekşi Meyve Sulu Karışık Yumuşak Şekerleme 175 G,a101
a101-27002800,0.0,,360.0,Balin Lami Bitter Çikolata Kaplı Fondan 250 G,a101
a101-27002801,0.0,,360.0,Balin Lord Bitter Çikolata Kaplı Fondan 250 G ,a101
a101-27002802,0.0,,1000.0,Gala Fındıklı Sütlü Kutu Çikolata 360 G ,a101
a101-27002803,0.0,,763.89,Balin Gala Çikolata Kadayıf Fıstıklı 360 G ,a101
a101-27002804,0.0,,1055.56,Balin Madlen Sütlü Bitter Çikolata 360 G ,a101
a101-27002787,0.0,,1000.0,Tadelle Sütlü Çikolata 15 G ,a101
a101-27002724,0.0,,1354.17,Kahve Dünyası Bitter Çikolata Kaşık 6'lı 48 G ,a101
a101-27002725,0.0,,500.0,Fenomen Burger Yumuşak Şeker 35 G ,a101
a101-27002726,0.0,,1370.69,Mom Organik Lolipop 58 G ,a101
a101-27002727,0.0,,1390.0,Kahve Dünyası Frutibon Bitter Çikolata Kaplı Çilekli Draje 50 G,a101
a101-27002728,0.0,,1750.0,Laylaylom Süs Şeker Karışık Aromalı 20 G ,a101
a101-27002729,0.0,,1125.0,Laylaylom Süs Şeker Karışık Aromalı 40 G ,a101
a101-27002668,0.0,,555.56,Dippo Madalyon Çikolata 18 G ,a101
a101-27002671,0.0,,493.75,Kahve Dünyası Yer Fıstıklı Patlamış Mısır 80 G ,a101
a101-27002675,0.0,,1000.0,Beyoğlu Matchico Çilekli Matcha Çikolata 95 G ,a101
a101-27002743,0.0,,656.25,Vince Fındıklı Çikolata 80 G ,a101
a101-27002744,0.0,,650.0,Vince Çilekli Cheesecake Çikolata 100 G ,a101
a101-27002745,0.0,,618.75,Vince Sütlü Bütün Bademli Çikolata 80 G ,a101
a101-27002761,0.0,,366.67,Master Pieces Yer Fıstıklı Krokan Bar 30 G,a101
a101-27002747,0.0,,625.0,Vince Bitter Çikolata 80 G ,a101
a101-27002748,0.0,,173.75,Damla Karışık Yumuşak Şeker 400 G ,a101
a101-27002749,0.0,,250.0,Onix Nane Aromalı Dolgulu Şeker 38 G ,a101
a101-27002750,0.0,,695.0,Vince Bütün Fındıklı Çikolata 100 G ,a101
a101-27002751,0.0,,357.14,Warning Sour Taffy Limon ve Çilek Aromalı Şeker 42 G ,a101
a101-27002752,0.0,,357.14,Warning Mango Kiraz Aromalı Ekşi Şeker 42 G ,a101
a101-27002753,0.0,,227.27,Jox Elma Çubuk Yumuşak Şeker 22 G ,a101
a101-27002754,0.0,,700.0,Jox Crunchy Ekşi Şeker 50 G ,a101
a101-27002755,0.0,,227.27,Jox Çilek Aromalı Çubuk Yumuşak Şeker 22 G ,a101
a101-27002700,0.0,,1382.61,Godiva Masterpieces Karışık Kutu Çikolata 115 G ,a101
a101-27002701,0.0,,1151.16,Godiva Masterpiece Karamelli Sütlü Çikolata Tablet 86 G ,a101
a101-27002705,0.0,,1442.31,Godiva %90 Bitter Kare Çikolata 52 G ,a101
a101-27002746,0.0,,587.5,Vince Sütlü Çikolata 80 G ,a101
a101-27002867,0.0,,211.54,Yupo Jelly Ekşi Yumuşak Şeker 130 G ,a101
a101-27002868,0.0,,326.92,Nutmaster Orman Meyvesi Aromalı Krema & Grissini 52 G ,a101
a101-27002870,0.0,,780.0,Toynero Karpuz Çilek Yumuşak Şeker 25 G ,a101
a101-27002871,0.0,,1298.7,Kahve Dünyası Tambol Şeker İlavesiz Sütlü Çikolata 77 G ,a101
a101-27002872,0.0,,1422.08,Kahve Dünyası Tambol %85 Bitter Çikolata 77 G ,a101
a101-27002873,0.0,,396.0,Balin Çoki Fındıklı Bitter Çikolata 250 G ,a101
a101-27002874,0.0,,1298.7,Kahve Dünyası Tambol %60 Bitter Şekersiz Çikolata 77 G ,a101
a101-27002875,0.0,,1095.0,Kahve Dünyası Tambol Bitter Nibli Çikolata 100 G,a101
a101-27002879,0.0,,828.57,Bebeto Barbie Çilek Yumuşak Şeker 35 G ,a101
a101-27002809,0.0,,300.0,Ülker Bonbon Ekstra Bayramlık Şeker 350 G ,a101
a101-27002810,0.0,,1354.17,Ülker Select Fındık Krema Dolgulu Çikolata 240 G ,a101
a101-27002812,0.0,,398.0,Draft Jelli Chocolate Çikolata Kaplı Yumuşak Şeker 500 G ,a101
a101-27002805,0.0,,850.0,Balin Nostaljik Kutu Karışık Çikolata 300 G ,a101
a101-27002891,0.0,,416.67,Kent Olips Mentol & Okaliptüs Aromalı Sert Şeker 3x28 G,a101
a101-27002896,0.0,,825.0,Miskets Capybara Çilek Aromalı Çikolata 60 G ,a101
a101-27002898,0.0,,225.71,Kuki Sık Patlat Yumuşak Şeker 5x35 G ,a101
a101-27002901,0.0,,3590.91,Bonart Joytop Spacegame Çikolata 11 G  ,a101
a101-27002902,0.0,,2650.0,Funvesta Sakız Hediyeli Turbo Motor 30 G ,a101
a101-27002904,0.0,,1483.33,Bolçi Antep Fıstıklı Kadayıflı Çikolata 30 G ,a101
a101-27002905,0.0,,966.67,Bolçi Fındıklı Kadayıflı Çikolata 30 G ,a101
a101-27002916,0.0,,400.0,Funzi Vampir Ekşi Balonlu Sakız 5 G ,a101
a101-27002920,0.0,,533.33,"Mentos Çilek Aromalı Çiğnenen Draje Şekerleme 37,5 G ",a101
a101-27002922,0.0,,185.19,Bebeto Super Belt Ekşi Şerit Yumuşak Şeker 135 G ,a101
a101-27002923,0.0,,400.0,Haribo Sevimli Timsahlar Yumuşak Şekerleme 200 G ,a101
a101-27002924,0.0,,240.0,Haribo Sevimli Canavarlar Yumuşak Şekerleme 200 G ,a101
a101-27002890,0.0,,1225.0,Bonart Joytop Fast Food Çikolata 20 G,a101
a101-27002806,0.0,,760.0,Balin İkramlık Sütlü Çikolata 250 G ,a101
a101-27002807,0.0,,440.0,Dorado Sütlü Karamelli Çikolata 125 G ,a101
a101-27002808,0.0,,300.0,Ülker Bayram Keyfi Şekeri 350 G ,a101
a101-27002757,0.0,,722.22,Dippo File Para Çikolata 27 G ,a101
a101-27002758,0.0,,227.27,Jox Ahududu Aromalı Yumuşak Şeker 22 G ,a101
a101-27002759,0.0,,245.0,Haribo Sahanda Yumurta Yumuşak Şeker 200 G,a101
a101-27002813,0.0,,500.0,Fondante Naneli Çikolata 500 G ,a101
a101-27002814,0.0,,1158.54,Şölen Mojee Fındıklı Krema Dolgulu Çikolata 246 G ,a101
a101-27002815,0.0,,1090.0,Kahve Dünyası Fruitbon Bitter Çikolata Kaplı Yaban Mersini 50 G ,a101
a101-27002817,0.0,,384.62,Nutmaster Antep Fıstıklı Krema & Grissini 52 G ,a101
a101-27002819,0.0,,945.95,Ülker Fındık Rüyası Fındıklı Çikolata 185 G,a101
a101-27002821,0.0,,500.0,Nusspo Sütlü Çikolata 30 G ,a101
a101-27002866,0.0,,6818.18,Bonart Joytop TNT Cube Şeker Hediyeli 11 G ,a101
a101-27002823,0.0,,583.33,Nusspo Antep Fıstıklı Sütlü Çikolata 30 G ,a101
a101-27002824,0.0,,500.0,Nusspo Fındıklı Sütlü Çikolata 30 G ,a101
a101-27002829,0.0,,277.78,Haribo My Mix Yumuşak Şeker 450 G,a101
a101-27002830,0.0,,214.29,Moda Meyveli Yumuşak Şeker 350 G ,a101
a101-27002833,0.0,,190.0,Cino Karışık Meyve Aromalı Bar Çikolata 500 G ,a101
a101-27002836,0.0,,211.54,Yupo Eğlenceli Karpuz Yumuşak Şeker 130 G ,a101
a101-27002788,0.0,,1117.65,Sponge Bob Beyaz Trüf Çikolata Tartuffi Çilekli 85 G,a101
a101-27002789,0.0,,882.35,Sponge Bob Beyaz Trüf Çikolata Tartuffi Muzlu 85 G,a101
a101-27002791,0.0,,805.56,Dippo Kakaolu Süt Dolgulu Kalp 18 G ,a101
a101-27002845,0.0,,395.56,"Turbo Meyve Aromalı Sakız 25x4,5 G ",a101
a101-27002846,0.0,,937.5,Patiswiss Portakallı Çikolata Kaplamalı Draje 80 G ,a101
a101-27002865,0.0,,430.43,Haribo Şirinler Yumuşak Şeker 115 G ,a101
a101-27002822,0.0,,227.27,Nusspo Hindistan Cevizli Bar Çikolata 22 G ,a101
a101-27002562,0.0,,134.62,Haribo Berries Yumuşak Şeker 130 G,a101
a101-27002580,0.0,,1166.67,Eti Fındıklı Çikolata 60 G,a101
a101-27002581,0.0,,1975.0,Toy Nero Sakız Hediyeli Basket Gum 20 G,a101
a101-27002503,0.0,,995.0,Tambol Çilekli Milföy Dolgulu Çikolata 100 G,a101
a101-27002504,0.0,,1095.0,Tambol Badem Krokan Dolgulu Çikolata 100 G,a101
a101-27002505,0.0,,1095.0,Tambol Fındık Kreması Dolgulu Çikolata 100 G,a101
a101-27002588,0.0,,1300.0,Nestle Sütlü Bademli Çikolata 60 G ,a101
a101-27002590,0.0,,426.59,"Ülker Metro Büyük Boy 50,4 G",a101
a101-27002591,0.0,,471.43,Toybox Metre Sakız 35 G,a101
a101-27002594,0.0,,588.24,Polo Spearmint Sert Şeker 34 G,a101
a101-27002598,0.0,,462.96,Olips Şeftali Frambuaz Aromalı Sert Şeker 28 G ,a101
a101-27002722,0.0,,800.0,Kahve Dünyası Popçik Çikolata 250 G ,a101
a101-27002604,0.0,,274.29,Haribo Cocoballs Yumuşak Şeker 175 G,a101
a101-27002606,0.0,,483.33,O'Fresh Nane Aromalı Sakız 60 G ,a101
a101-27002610,0.0,,384.62,Nutmaster Çilek Kreması & Grissini 52 G ,a101
a101-27002613,0.0,,173.75,Bebeto Şeftali Aromalı Yumuşak Şeker 400 G ,a101
a101-27002615,0.0,,340.91,Ülker Kremini Ahududulu Yumuşak Şeker 44 G ,a101
a101-27002616,0.0,,340.91,Ülker Kremini Vişneli Yumuşak Şeker 44 G ,a101
a101-27002617,0.0,,361.11,Ülker Bonbon Karışık Meyveli Sert Şeker 36 G,a101
a101-27002545,0.0,,856.16,Patiswiss Krema Dolgulu Çikolata 146 G,a101
a101-27002547,0.0,,1500.0,Kahve Dünyası Mini Nello Fındıklı Çikolata 250 G,a101
a101-27002548,0.0,,1405.98,Tambol Mini Fındıklı Fıstıklı Bademli Çikolata 234 G,a101
a101-27002623,0.0,,292.59,Bebeto Wacky Sticks Bites 135 G ,a101
a101-27002625,0.0,,298.33,Ogaş Saray Helvası 300 G ,a101
a101-27002603,0.0,,952.38,Yıldız Şekersiz Damla Sakız 3x7 G,a101
a101-27002506,0.0,,1168.18,Tambol Bol Sütlü Çikolata 77 G,a101
a101-27002507,0.0,,1495.0,Tambol Antep Fıstığı Krokan Dolgulu  Çikolata 100 G,a101
a101-27002508,0.0,,458.33,Ülker Bonbon Naneli Sert Şeker 36 G,a101
a101-27002509,0.0,,175.32,Yupo Lokumcuk Yumuşak Şeker 77 G,a101
a101-27002511,0.0,,231.25,Ülker Yupo Ayıcık Yumuşak Şeker 80 G,a101
a101-27002512,0.0,,1200.0,Nesquik Pirinç Patlaklı Bar Çikolata 4x25 G,a101
a101-27002513,0.0,,375.0,Bonart Licorice Yumuşak Şeker 8 G,a101
a101-27002514,0.0,,231.25,Yupo Sihirli Şapka Yumuşak Şeker 80 G,a101
a101-27002518,0.0,,685.19,Oneo Slims Çilekli Sakız 27 G,a101
a101-27002521,0.0,,196.08,Joz Chewy Yumuşak Şeker 17x6 G,a101
a101-27002538,0.0,,883.33,Milka Çilekli Çikolata 300 G,a101
a101-27002543,0.0,,333.33,Damla Yumuşak Şeker 15 G,a101
a101-27002559,0.0,,1500.0,Mentos Pure Çilek Aromalı Sakız Draje 30 G,a101
a101-27002482,0.0,,1372.09,Ülker Ece Bütün Fındıklı Kutu Çikolata 215 G,a101
a101-27002483,0.0,,750.0,Şölen Octavia Pirinç Patlaklı Çikolata 400 G,a101
a101-27002484,0.0,,851.06,"Nestle Nesfit Çikolata Bar 4x23,5 G",a101
a101-27002549,0.0,,1632.65,Mentos Ekşi Limon Sert Şeker 49 G,a101
a101-27002551,0.0,,825.0,Big Babol Tenis Sakız 20 G ,a101
a101-27002552,0.0,,982.14,Mentos Ekşi Çilek Sakız Draje 56 G,a101
a101-27002553,0.0,,825.0,Big Babol Basket Sakız 20 G ,a101
a101-27002554,0.0,,982.14,Mentos Ekşi Elma Sakız Draje 56 G,a101
a101-27002555,0.0,,1466.67,Mentos Pure Karpuz Aromalı Sakız Draje 30 G,a101
a101-27002556,0.0,,1530.61,Mentos Ekşi Çilek Sert Şeker 49 G,a101
a101-27002557,0.0,,1466.67,Mentos Pure Nane Aromalı Sakız Draje 30 G,a101
a101-27002558,0.0,,1538.46,Vivident 45 Dk Cüzdan Karpuz Aromalı Sakız 26 G,a101
a101-27002544,0.0,,550.0,Sarelle Çubuk Çikolata 50 G,a101
a101-27002619,0.0,,312.5,Torku T-Bar Fındıklı Çikolata Bar 240 G ,a101
a101-27002620,0.0,,326.92,Nut Master Muzlu Krema & Grissini 52 G ,a101
a101-27002621,0.0,,1580.0,Funvesta Sakız Hediyeli Büyük Çocuklar 25 G ,a101
a101-27002676,0.0,,1833.33,Nestle Artizan İşi Antep Fıstıklı & Fındıklı Beyaz Çikolata 60 G ,a101
a101-27002677,0.0,,1833.33,Nestle Artizan İşi Antep Fıstıklı & Fındıklı Bol Sütlü Çikolata 60 G ,a101
a101-27002678,0.0,,660.0,Çikolabu Karamelize Bisküvili Çikolata 75 G ,a101
a101-27002679,0.0,,833.33,Miskets Labeby Sürpriz Çikolatalı Kutu 60 G ,a101
a101-27002681,0.0,,995.0,"Beyoğlu Dubaco Çıtır Kadayıflı Dubai Çikolatası 16x12,5 G ",a101
a101-27002682,0.0,,390.0,Ülker Yupo Yaban Mersini Metre Yumuşak Şeker 50 G ,a101
a101-27002688,0.0,,1633.33,Ülker Antep Fıstıklı Çikolata 30 G ,a101
a101-27002689,0.0,,1000.0,Ülker Bitter Çikolata 30 G ,a101
a101-27002690,0.0,,1000.0,Ülker Sütlü Çikolata 30 G ,a101
a101-27002627,0.0,,528.57,Xroll Bitter Çikolatalı Dolgulu ve Bisküvili Sütlü Çikolata 35 G,a101
a101-27002693,0.0,,340.0,Cino Hindistan Cevizli Bar 25 G ,a101
a101-27002694,0.0,,1833.33,Nestle Damak Gece Antep Fıstıklı Bitter Çikolata 60 G ,a101
a101-27002698,0.0,,833.33,Jox Kola Aromalı Ekşi Şeker 12 G ,a101
a101-27002648,0.0,,833.33,Torku Spesiyal Çikolata Karadeniz Rüyası 30 G ,a101
a101-27002649,0.0,,1250.0,Dippo Oyuncaklı Sakız 2x5 G ,a101
a101-27002650,0.0,,1208.33,Ülker Çilekli Sütlü Kare Çikolata 60 G ,a101
a101-27002706,0.0,,500.0,Kukikültür Baston Şeker 30 G ,a101
a101-27002708,0.0,,618.75,Jelibon Karpuz Yumuşak Şeker 160 G ,a101
a101-27002709,0.0,,1544.72,Godiva Domes Fındıklı Çikolata 123 G ,a101
a101-27002713,0.0,,1231.96,Milka Cappuccino Bubbles Çikolata 97 G,a101
a101-27002715,0.0,,1231.96,Milka Coconut Bubbles Çikolata 97 G,a101
a101-27002716,0.0,,619.05,"Bebeto Hamburger Yumuşak Şeker 10,5 G ",a101
a101-27002692,0.0,,1000.0,Ülker Fındıklı Çikolata 30 G ,a101
a101-27002628,0.0,,997.14,Bebeto Freeze Crunchy Yaban Mersini 35 G ,a101
a101-27002629,0.0,,997.14,Bebeto Freeze Crunchy Bubblegum 35 G ,a101
a101-27002633,0.0,,1116.67,Eti Sütlü Kare Çikolata 60 G,a101
a101-27002639,0.0,,393.33,Bebeto Licorice Yumuşak Şeker Çilek 75 G,a101
a101-27002640,0.0,,290.0,Nutbari Yer Fıstıklı Çubuk Çikolata 50 G ,a101
a101-27002641,0.0,,269.23,Haribo Çilek & Ayıcık Yumuşak Şeker 130 G ,a101
a101-27002642,0.0,,1041.67,Kahve Dünyası Popçik Patlayan Şekerli Çikolata 18 G ,a101
a101-27002643,0.0,,1354.17,Kahve Dünyası Sütlü Çikolata Kaşık 6'lı 48 G ,a101
a101-27002644,0.0,,493.75,Kahve Dünyası Tuzlu Karamel Patlamış Mısır 80 G ,a101
a101-27002646,0.0,,4032.26,"Toynero Şeker Hediyeli Yumurta 6,2 G ",a101
a101-27002582,0.0,,2468.75,"Toy Nero Şeker Hediyeli Sürpriz Yumurta 15,2 G",a101
a101-27002584,0.0,,493.75,Dexters Dynaegg Çikolata Kaplı Yumuşak Şeker 80 G,a101
a101-27002665,0.0,,975.0,Corny Çikolatalı Fındıklı Tam Tahıllı Bar 20 G ,a101
a101-27002652,0.0,,1128.57,Ülker Kadayıflı Dubai Çikolata 35 G ,a101
a101-27002653,0.0,,1182.8,Ülker Fındıklı & Çıtır Kadayıflı İstanbul Çikolata 93 G ,a101
a101-27002654,0.0,,1250.0,Ülker Bütün Fındıklı Çikolata 80 G ,a101
a101-27002655,0.0,,1623.38,Ülker Bütün Antep Fıstıklı Çikolata 77 G ,a101
a101-27002656,0.0,,988.37,Ülker Muzlu Pasta Tadında Çikolata 215 G ,a101
a101-27002657,0.0,,1250.0,Ülker Bütün Bademli Çikolata 80 G ,a101
a101-27002658,0.0,,185.0,Seven Stick Yumuşak Şeker Topik 100 G ,a101
a101-27002659,0.0,,238.0,Haribo Sevimli Canavarlar Yumuşak Şeker 250 G ,a101
a101-27002660,0.0,,238.0,Haribo Şeftali Yumuşak Şeker 250 G ,a101
a101-27002661,0.0,,229.17,Şekerci Mustafa Sade Çekme Helva 240 G,a101
a101-27002662,0.0,,1062.5,Kahve Dünyası Bonte Bisküvili Draje 160 G ,a101
a101-27002663,0.0,,1625.0,Akaş Kola Aromalı Patlayan Şeker 4 G ,a101
a101-27002586,0.0,,1300.0,Nestle Bademli Beyaz Çikolata 60 G ,a101
a101-24006954,0.0,,895.0,Urban Care Kuru Şampuan 200 ml ,a101
a101-24006955,0.0,,4271.43,Urban Care Saç Waxı 35 G,a101
a101-24006971,0.0,,347.5,Elidor Işıltı Serisi Şampuan 400 ml ,a101
a101-24006972,0.0,,795.0,Elidor Işıltı Serisi Sıvı Saç Kremi 200 ml ,a101
a101-24006906,0.0,,2944.44,Difaş Lisanslı Çocuk Diş Fırçası,a101
a101-24006913,0.0,,583.22,Head&Shoulders Men Ultra Spor Ferahlığı Şampuan 330 ml,a101
a101-24006914,0.0,,583.22,Head&Shoulders Erkekler İçin Dökülme Karşıtı Şampuan 330 ml,a101
a101-24006982,0.0,,1993.33, Dove Men Care Sandalwood & Vanilla Erkek Deodorant 150 ml,a101
a101-24006993,0.0,,749.83,Elseve Komple Direnç Dökülme Karşıtı Şampuan 300 ml,a101
a101-24006994,0.0,,749.83,Elseve Komple Onarıcı 5 Şampuan 300 ml ,a101
a101-24006995,0.0,,749.83,Elseve Mucizevi Yağ Şampuan 300 ml ,a101
a101-27001811,0.0,,1000.0,Eti Karam Portakal Karamel Dolgulu Bitter Çikolata 300 G,a101
a101-24006998,0.0,,211.25,Fairy Sıvı Sabun Bodrum Mandalinası Kokulu 400 ml ,a101
a101-24006999,0.0,,211.25,Fairy Sıvı Sabun Beyaz Sabun Kokulu 400 ml ,a101
a101-24007000,0.0,,211.25,Fairy Sıvı Sabun Lavanta Kokulu 400 ml ,a101
a101-24007002,0.0,,211.25,Fairy Sıvı Sabun Lilyum Kokulu 400 ml ,a101
a101-24007050,0.0,,229.23,Le Petit Marseillais Beyaz Şeftali & Nektarin Duş Jeli Şeftali 650 ml,a101
a101-24007051,0.0,,575.76,Clear Men Special Edition FIFA World Cup Kepeğe Karşı Etkili Şampuan 330 ml,a101
a101-24007052,0.0,,756.0,Elseve Glycolic Gloss Mükemmel Parlaklık Veren Sprey Saç Bakım Kremi 250 ml ,a101
a101-24007053,0.0,,4972.22,Signal Best Defender Dünya Kupası Diş Fırçası ,a101
a101-24006937,0.0,,597.14,Dove Dökülme Karşıtı Saç Kremi 350 ml,a101
a101-24006938,0.0,,597.14,Dove Besleyici Terapi Şampuan 340 ml,a101
a101-24006939,0.0,,597.14,Dove Yoğun Onarıcı Saç Kremi 350 ml,a101
a101-24007070,0.0,,906.06,Elseve Glycolic Gloss Mükemmel Parlaklık Veren Saç Bakım Maskesi 300 ml ,a101
a101-24006996,0.0,,749.83,Elseve Dream Long Şampuan 300 ml ,a101
a101-24006299,0.0,,231.79,Dove Sugar Cookie Sıvı Sabun 450 ml,a101
a101-24006917,0.0,,5600.0,Nivea Fresh Active Mini Roll On 25 ml ,a101
a101-24006918,0.0,,5600.0,Nivea Fresh Natural Mini Roll On 25 ml ,a101
a101-24006920,0.0,,1933.33,Nivea Fresh Active Erkek Deodorant 150 ml,a101
a101-24006921,0.0,,1933.33,Nivea Black & White Kadın Deodorant 150 ml,a101
a101-24006922,0.0,,1933.33,Nivea Black & White Erkek Deodorant 150 ml,a101
a101-24006923,0.0,,1933.33,Nivea Fresh Natural Kadın Deodorant 150 ml,a101
a101-24006926,0.0,,3866.67,Nivea Fresh Active Erkek Deo Sprey 75 ml,a101
a101-24006927,0.0,,3866.67,Nivea Fresh Natural Kadın Deo Sprey 75 ml,a101
a101-24006929,0.0,,5600.0,Nivea Mini Roll On Kadın 25 ml ,a101
a101-24006930,0.0,,5600.0,Nivea Mini Roll On Erkek 25 ml ,a101
a101-24006934,0.0,,1663.33,Pierre Cardin Parfüm Çantalı + Body Mist 50 + 50 ml ,a101
a101-24006953,0.0,,895.0,Urban Care Deniz Tuzu Saç Spreyi 200 ml,a101
a101-24006936,0.0,,597.14,Dove Dökülme Karşıtı Şampuan 340 ml,a101
a101-24006828,0.0,,785.43,Colgate Max White Beyaz Kalıcı Beyazlık Diş Macunu 75 ml+75 ml,a101
a101-24006829,0.0,,676.27,Colgate Brilliant Diş Fırçası 1+1,a101
a101-24006830,0.0,,785.43,Colgate Max White Kahve Çay Kullananlar İçin Diş Macunu 75 ml+75 ml ,a101
a101-24006940,0.0,,597.14,Dove Besleyici Terapi Saç Kremi 350 ml,a101
a101-24006944,0.0,,1666.67,Nivea Fresh Sensitive Erkek Deodorant 150 ml,a101
a101-24006946,0.0,,5000.0,Nivea Deep Darkwood Erkek Roll On 50 ml,a101
a101-24006947,0.0,,1666.67,Nivea Double Effect Deodorant 150 ml,a101
a101-24006948,0.0,,5000.0,Nivea Pearl & Beauty Roll On 50 ml,a101
a101-24006949,0.0,,1666.67,Nivea Deep Darkwood Erkek Deodorant 150 ml,a101
a101-24006950,0.0,,1666.67,Nivea Pearl & Beauty Deodorant 150 ml,a101
a101-24006952,0.0,,895.0,Urban Care Deniz Tuzu Saç Köpüğü 200 ml,a101
a101-24006935,0.0,,597.14,Dove Yoğun Onarıcı Şampuan 340 ml,a101
a101-24007130,0.0,,498.75,Palmolive Duş Jeli Sport Men 750 ml,a101
a101-24007055,0.0,,1320.0,Signal Best Defender Dünya Kupası Diş Macunu 70 ml   ,a101
a101-24007057,0.0,,1016.67,Elseve Glycolic Gloss Şampuan 300 ml ,a101
a101-24007058,0.0,,2993.33,Elseve Dream Long Saç Serumu 100 ml ,a101
a101-24007138,0.0,,518.0,Hobby Saç Spreyi Isıya Karşı Koruma 250 ml ,a101
a101-24007141,0.0,,518.0,Hobby Saç Spreyi Deniz Tuzu 250 ml ,a101
a101-24007145,0.0,,150.0,Signal Extra Fresh Beyazlık Diş Macunu 50 ml ,a101
a101-24007146,0.0,,150.0,Signal Lekesiz Beyazlık Diş Macunu 50 ml ,a101
a101-24007194,0.0,,332.22,Blendax Temizleyici Bakım Yasemin Özlü Şampuan 900 ml,a101
a101-24007195,0.0,,332.22,Blendax Anında Parlaklık Kiraz Çiçeği Özlü Şampuan 900 ml,a101
a101-24007196,0.0,,332.22,Blendax Kepeğe Karşı Etkili Limon Özlü Şampuan 900 ml,a101
a101-24007071,0.0,,1860.0,Elseve Glycolic Gloss Mükemmel Parlaklık Veren Sprey Saç Serumu 150 ml ,a101
a101-24007218,0.0,,620.48,Pantene Onarıcı&Koruyucu Saç Kremi 500 ml ,a101
a101-24007219,0.0,,494.4,Pantene Onarıcı&Koruyucu Şampuan 625 ml ,a101
a101-24007220,0.0,,600.0,Head&Shoulders Klasik Şampuan 625 ml ,a101
a101-24007238,0.0,,944.74,Elidor Fön Sütü Hindistan Cevizi 190 ml ,a101
a101-24007254,0.0,,658.0,Clear Mentol Şampuan Duş Jeli 3 in 1 500 ml,a101
a101-24007099,0.0,,276.65,Klar Home Amber Sıvı Sabun 385 ml ,a101
a101-24007100,0.0,,1126.67,Elseve Sprey Saç Serumu Mucizevi Yağ 150 ml ,a101
a101-24007101,0.0,,747.5,L'Oreal Paris Elseve Dream Long Kırık Uç Onarıcı Bakım Şampuanı 400 ml,a101
a101-25007742,0.0,,2475.0,Raid Lavanta Kesesi 18 Adet,a101
a101-26046403,0.0,,3155263.16,Pierre Cardin PC-A21101 Erkek Bakım Seti,a101
a101-26046408,0.0,,899.0,Oral-B Easy Clean Diş Fırçası D16,a101
a101-26047908,0.0,,3155263.16,Pierre Cardin PC-A21103 Erkek Bakım Seti,a101
a101-24007217,0.0,,600.0,Head&Shoulders Mentol Şampuan 625 ml ,a101
a101-24007075,0.0,,1973.68,Banat Pro 6240 Kutulu Diş Fırçası  ,a101
a101-24007085,0.0,,231.25,Colgate Optic White Purple Diş Macunu 50 ml ,a101
a101-24007086,0.0,,1491.67,Colgate Clean Gentle Diş Fırçası   ,a101
a101-24007087,0.0,,430.0,Axe Black Vanilla Duş Jeli 300 ml ,a101
a101-24007088,0.0,,3380.0,Axe Marshmallow Smoke Roll On 50 ml,a101
a101-24007089,0.0,,1393.33,Axe Marshmallow Smoke Deodorant & Vücut Spreyi 150 ml ,a101
a101-24007090,0.0,,1645.96,Forever 2 Renkli Tarak,a101
a101-24007095,0.0,,697.3,Blade Citrus Wave Deodorant  200 ml ,a101
a101-24007096,0.0,,856.97,Emotion C Vitamini Serum Boost Cilt Tonu Eşitleyici Deodorant 200 ml ,a101
a101-24007097,0.0,,856.97,Emotion Cica Serum Boost Hassas Bakım Deodorant 200 ml ,a101
a101-24007098,0.0,,248.33,Duru Duş Sabunu Yağmur Tazeliği 4x150 G ,a101
a101-24006973,0.0,,408.82,Elidor Işıltı Serisi Saç Kremi 350 ml ,a101
a101-24007129,0.0,,498.75,Palmolive Duş Jeli Lavanta 750 ml,a101
a101-24006981,0.0,,5980.0,Dove Men Care Clean Comfort Erkek Roll On 50 ml,a101
a101-24007105,0.0,,276.65,Klar Home Woody Sıvı Sabun 385 ml ,a101
a101-24007106,0.0,,276.65,Klar Home Floral Sıvı Sabun 385 ml ,a101
a101-24007108,0.0,,1655.56,Axe Number 10 Deodorant 150 ml ,a101
a101-24007111,0.0,,762.5,L'Oreal Paris Elseve Nutri Gloss Parlaklık Şampuanı 400 ml,a101
a101-24007112,0.0,,747.5,L'Oreal Paris Elseve Mucizevi Yağ Besleyici Bakım Şampuanı 400 ml,a101
a101-24007117,0.0,,288.71,Clear Cool Sport Menthol Şampuan 600 ml ,a101
a101-24007118,0.0,,2500.0,Signal Diş Macunu ve Diş Fırçası Seyahat Seti ,a101
a101-24007122,0.0,,747.5,L'Oreal Paris Elseve Komple Direnç Dökülme Karşıtı Şampuan 400 ml,a101
a101-24007123,0.0,,1785.0,Sensodyne Diş Macunu Florür 100 ml,a101
a101-24007127,0.0,,498.75,Palmolive Duş Jeli Massage 750 ml,a101
a101-24007128,0.0,,498.75,Palmolive Duş Jeli Glow 750 ml,a101
a101-24006980,0.0,,1993.33,Dove Lotus Çiçeği Kokusu Kadın Deodorant 150 ml,a101
a101-24006099,0.0,,1245.0,Emotion Joyous Kadın Deodorant 200 ml ,a101
a101-24006100,0.0,,1245.0,Emotion Gold Bliss Kadın Deodorant 200 ml ,a101
a101-24006101,0.0,,1245.0,Blade Black Alpha Deodorant 200 ml ,a101
a101-24006102,0.0,,1245.0,Blade Night Fire Deodorant 200 ml ,a101
a101-24006123,0.0,,1660.0,Elseve Dream Long Onarıcı Bakım Spreyi 150 ml ,a101
a101-24006126,0.0,,1016.67,Elseve Hydra Şampuan 300 ml ,a101
a101-24006128,0.0,,177.5,Dalan Zeytinyağlı Banyo Sabunu 4x200 G,a101
a101-24006135,0.0,,897.5,Morfose Supreme Saç Köpüğü 200 ml ,a101
a101-24006136,0.0,,579.17,Morfose Supreme Çift Bazlı Fön Suyu 240 ml  ,a101
a101-24006142,0.0,,2147.25,Sebamed Şampuan Saç Dökülmesine Karşı 400 ml ,a101
a101-24006148,0.0,,2147.25,Sebamed Şampuan Kepeğe Karşı 400 ml ,a101
a101-24006298,0.0,,804.76,Dove Sugar Cookie Duş Köpüğü 200 ml,a101
a101-24005931,0.0,,1250.0,Gliss Full Hair Saç Serumu 100 ml,a101
a101-24005932,0.0,,487.5,Gliss Full Hair Saç Maskesi 400 ml,a101
a101-24006172,0.0,,298.33,Duru Nem Bombası Şampuan Kepekli Saçlar 600 ml,a101
a101-24006173,0.0,,298.33,Duru Nem Bombası Şampuan Yıpranmış Saçlar 600 ml,a101
a101-24006174,0.0,,298.33,Duru Nem Bombası Şampuan Tüm Saçlar 600 ml,a101
a101-24006199,0.0,,201.83,İpek Kuru ve Yıpranmış Saçlar İçin Şampuan 480 ml,a101
a101-24006200,0.0,,202.24,İpek Normal Saçlar İçin Şampuan 480 ml,a101
a101-24006201,0.0,,202.24,İpek Zayıf ve Dökülen Saçlar İçin Şampuan 480 ml,a101
a101-24006202,0.0,,1495.0,Emotion Deodorant Sprey Detox Floral 100 ml,a101
a101-24006212,0.0,,365.56,Bioblas Dolgunlaştırıcı Kolajen & Pantenol Şampuan 900 ml,a101
a101-24006213,0.0,,865.0,Head & Shoulders DermaXpro Şampuan 300 ml  ,a101
a101-24006214,0.0,,365.56,Bioblas Nemlendirici Keratin & Hyaluronik Asit Şampuan 900 ml,a101
a101-24005930,0.0,,625.0,Gliss Full Hair Sıvı Saç Kremi 200 ml,a101
a101-24005897,0.0,,261.54,Duru Floral Sensation Kırmızı Buket Duş Jeli 650 ml,a101
a101-24005898,0.0,,261.54,Duru Floral Sensation Mor Buket Duş Jeli 650 ml,a101
a101-24005900,0.0,,261.54,Duru Floral Sensation Turkuaz Buket Duş Jeli 650 ml,a101
a101-24005917,0.0,,5000.0,Nivea Mini Roll On Kadın 25 ml ,a101
a101-24005918,0.0,,5000.0,Nivea Mini Roll On Erkek 25 ml ,a101
a101-24005649,0.0,,5316.67,Colgate Fresh 360 Diş Fırçası 1+1,a101
a101-24005650,0.0,,1063.33,Colgate Visible White Diş Macunu 2x75 ml,a101
a101-24005659,0.0,,300.0,Clear Erling Haaland Kepeğe Karşı Etkili Şampuan 350 ml,a101
a101-24005937,0.0,,214.98,Gliss Full Hair Dökülme Karşıtı Şampuan 400 ml,a101
a101-24006012,0.0,,2980.0,Rexona Stick Deodorant Erkek 50 ml,a101
a101-24006014,0.0,,2980.0,Rexona Stick Deodorant Kadın 50 ml,a101
a101-24006027,0.0,,532.67,Colgate Sensitive Diş Macunu 2x75 ml ,a101
a101-24006085,0.0,,5980.0,Dove Roll On 50 ml ,a101
a101-24006037,0.0,,125.0,Fax Ayvalık Zeytin Bahçesi Katı Banyo Sabunu 4x150 G,a101
a101-24006040,0.0,,125.0,Fax Klasik Saf Katı Banyo Sabunu 4x150 G ,a101
a101-24006066,0.0,,532.0,Palmolive Relaxed Duş Jeli 750 ml,a101
a101-24006067,0.0,,532.0,Palmolive Energy Duş Jeli 750 ml,a101
a101-24006068,0.0,,532.0,Palmolive Massage Duş Jeli 750 ml,a101
a101-24006069,0.0,,532.0,Palmolive Glow Duş Jeli 750 ml,a101
a101-24006078,0.0,,1993.33,Dove Invisible Deodorant 150 ml ,a101
a101-24006079,0.0,,1993.33,Dove Original Deodorant 150 ml ,a101
a101-24005855,0.0,,42.5,Aqualin Vanilya Sıvı Sabun 2000 Ml ,a101
a101-24005858,0.0,,2990.0,Signal White Now Extra Fresh Diş Macunu+Diş Fırçası 50 Ml ,a101
a101-24005860,0.0,,343.33,Dove Sıvı Sabun 450 Ml,a101
a101-24006084,0.0,,1326.67,Dove Lotus Deodorant 150 ml ,a101
a101-24006035,0.0,,3386.36,Wilkinson Extreme 3 Üç Bıçaklı Tıraş Bıçağı 4'lü,a101
a101-24006582,0.0,,2234.73,Banat Kalpli Diş Fırçası 2'li,a101
a101-24006605,0.0,,205.15,Klar My Aura Duş Jeli 500 ml ,a101
a101-24006606,0.0,,205.15,Klar Love Bomb Duş Jeli 500 ml ,a101
a101-24006607,0.0,,1010.14,Klar My Aura Vücut Spreyi 160 ml ,a101
a101-24006610,0.0,,1010.14,Klar Love Bomb Vücut Spreyi 160 ml ,a101
a101-24006745,0.0,,1928.57,Blade Alpha Black Star Deodorant 150 ml,a101
a101-24006747,0.0,,1928.57,Emotion Gold Bliss Deodorant 150 ml,a101
a101-24006780,0.0,,556.0,L'Oreal Paris Elseve Hydra Saç Kremi 250 ml ,a101
a101-24006237,0.0,,7854.29,Deotak Klasik Krem Deodorant 35 ml  ,a101
a101-24006257,0.0,,780.39,Arko Men Cool Tıraş Kolonyası 255 ml  ,a101
a101-24006258,0.0,,1260.0,Rexona Clinical Protection Sprey Deodorant Kadın 150 ml ,a101
a101-24006831,0.0,,391.18,Colgate Max White Ağız Bakım Suyu 500 ml,a101
a101-24006215,0.0,,365.56,Bioblas Güçlendirici Biberiye & Biotin Şampuan 900 ml,a101
a101-24006875,0.0,,109.96,Duru Organik Zeytinyağlı Sıvı Sabun 750 ml,a101
a101-24006878,0.0,,397.14,Clear Men Ultra Hacim Şampuan Kenan 350 ml ,a101
a101-24006880,0.0,,518.0,Agiva Milk Protein Şekillendirici Saç Spreyi 200 ml,a101
a101-24006881,0.0,,398.0,Agiva Milk Protein Çift Fazlı Fön Suyu 250 ml,a101
a101-24006882,0.0,,647.5,Agiva Milk Protein Kremsi Saç Bakım Köpüğü 200 ml,a101
a101-24006887,0.0,,3322.22,Signal White Now Color Correct Diş Macunu 75 ml,a101
a101-24006889,0.0,,460.0,Duru Lüks Parfüm Jasmin Amber Duş Jeli 650 ml,a101
a101-24006894,0.0,,1245.0,Emotion Violet Deodorant 200 ml,a101
a101-24006896,0.0,,1245.0,Blade Marine Fresh Deodorant 200 ml ,a101
a101-24006899,0.0,,892.11,Elidor Belirgin Bukleler Deniz Tuzu Etkili Sprey 190 ml ,a101
a101-24006900,0.0,,298.75,Elidor Belirgin Bukleler Şampuan 400 ml ,a101
a101-24006297,0.0,,363.91,Dove Sugar Cookie Duş Jeli 450 ml,a101
a101-24006857,0.0,,2866.67,Sensodyne Ekstra Beyaz Diş Macunu 75 ml,a101
a101-24006233,0.0,,711.43,Clear Men Kepeğe Karşı Etkili Şampuan 350 ml,a101
a101-24006234,0.0,,711.43,Clear Men Hızlı Stil 2'si 1 Arada Şampuan 350 ml,a101
a101-24006080,0.0,,454.29,Dove Güçlendirici Bakım Şampuan 350 ml ,a101
a101-24006081,0.0,,454.29,Dove Dökülme Karşıtı Şampuan 350 ml ,a101
a101-24006082,0.0,,1993.33,Dove Men Clean Deodorant 150 ml ,a101
a101-24006260,0.0,,1260.0,Rexona Clinical Protection Sprey Deodorant Erkek 150 ml ,a101
a101-24006266,0.0,,199.0,Colgate Ağız Bakım Suyu 500 ml  ,a101
a101-24006268,0.0,,536.92,Duru Body Scrub Duş Jeli Pink Delight 650 ml ,a101
a101-24006269,0.0,,536.92,Duru Body Scrub Duş Jeli Gold 650 ml ,a101
a101-24006273,0.0,,1196.0,Balmy Doğal Kabak Lifli Sabun 125 G ,a101
a101-24006279,0.0,,780.0,Morfose Milk Therapy Kremsi Saç Maskesi 25 ml ,a101
a101-24006281,0.0,,780.0,Morfose Keratin Saç Maskesi 25 ml  ,a101
a101-24006581,0.0,,350.24,Duru Güçlü ve Parlak Şampuan 400 ml,a101
a101-24006283,0.0,,497.5,Pantene Nem Takviyesi Şampuan 400 ml,a101
a101-24006284,0.0,,3214.81,Pantene Heat & Glow Saç Kremi 135 ml ,a101
a101-24006293,0.0,,242.86,Fax Zeytinyağlı Güzellik Sabunu 5x70 G,a101
a101-24006294,0.0,,242.86,Fax Lavanta Güzellik Sabunu 5x70 G,a101
a101-24006295,0.0,,242.86,Fax Klasik Güzellik Sabunu 5x70 G,a101
a101-24006159,0.0,,860.0,Listerine Cool Mint Ağız Bakım Suyu 250 ml ,a101
a101-24006170,0.0,,2000.0,Sensodyne Diş Macunu 75 ml,a101
a101-24006171,0.0,,49800.0,Sensodyne Diş Fırçası 1+1,a101
a101-24006317,0.0,,750.13,Lady Bella Laviella Body Mist 100 ml+Krem 50 ml ,a101
a101-24006563,0.0,,1495.0,Daily Perfection Saç Bakım Yağı Argan & E Vitamini 100 ml,a101
a101-24006571,0.0,,989.58,Misip Kürdanlı Diş İpi 50'li,a101
a101-24006580,0.0,,350.24,Duru Yoğun Onarım Şampuan 400 ml,a101
a101-24006282,0.0,,665.45,Pantene Nem Takviyesi Saç Kremi 275 ml,a101
a101-27001156,0.0,,200.0,Pıt Pıt Böğürtlen Yumuşak Şeker 160 G,a101
a101-27001157,0.0,,200.0,Pıt Pıt Kola Yumuşak Şeker 160 G,a101
a101-27001158,0.0,,200.0,Pıt Pıt Solucan Yumuşak Şeker 160 G,a101
a101-27001160,0.0,,926.67,Keyifçe Antep Fıstıklı Lokum 150 G,a101
a101-27001161,0.0,,926.67,Keyifçe Antep Fıstıklı Nar Aromalı Lokum 150 G,a101
a101-27001164,0.0,,590.0,Ülker Cocostar Hindistan Cevizli Bar Çikolata 25 G,a101
a101-27001182,0.0,,687.5,Milka Sütlü Çikolata 80 G,a101
a101-27001021,0.0,,1233.33,Nestle Damak Antep Fıstıklı Çikolata 30 G,a101
a101-27001022,0.0,,150.0,Jox Flat Meyve Aromalı Lolipop 180 G,a101
a101-27001038,0.0,,393.33,Bebeto Super Belts Yumuşak Şeker 75 G ,a101
a101-27001194,0.0,,1158.33,Nestle Kurabiyeli Çikolata 60 G,a101
a101-26048598,0.0,,3944736.84,Pierre Cardin Erkek Bakım Seti,a101
a101-27001210,0.0,,111.43,Tofim Meyveli Şeker 350 G,a101
a101-27001212,0.0,,128.57,Tofim Sütlü Şeker 350 G,a101
a101-27001225,0.0,,197.5,Haribo Fruitbons Yumuşak Şeker 400 G,a101
a101-27001227,0.0,,158.0,Fondante Karamelli Çikolata 500 G,a101
a101-27001252,0.0,,375.0,Vince Fındık Keyfi Çikolata 40 G,a101
a101-27001253,0.0,,316.67,Damla Karışık Meyveli Şeker 30 G,a101
a101-27001258,0.0,,433.33,Eti Canga Gold Yer Fıstıklı Karamelli Çikolata 45 G,a101
a101-27001262,0.0,,166.67,Vince Bütün Fındıklı Beyaz Çikolata 360 G,a101
a101-27001272,0.0,,602.27,Şölen Nutymax Antep Fıstıklı Kremalı Çikolata 3x44 G,a101
a101-27001277,0.0,,1376.92,Ülker Antep Fıstıklı Bitter Çikolata 65 G,a101
a101-27001287,0.0,,983.33,Peyman Bahçeden Fındıklı Bar 30 G,a101
a101-27001136,0.0,,293.75,Nazar Karışık Meyve Aromalı Şekerli Mix Sakız 80 G 3'lü  ,a101
a101-27001209,0.0,,120.0,Joley Soft Şeker 500 G,a101
a101-27001020,0.0,,1283.33,Nestle Classic Bol Sütlü Çikolata 60 G,a101
a101-27000754,0.0,,1150.0,Ülker %60 Bitter Çikolata 60 G,a101
a101-27000755,0.0,,1150.0,Ülker Sütlü Çikolata 60 G,a101
a101-27000756,0.0,,1184.21,Ülker Oneo Nane Aromalı Sakız 76 G,a101
a101-27001043,0.0,,1000.0,Chupa Chups Portakal Aromalı Lolipop Şekerleme 15 G ,a101
a101-27001048,0.0,,416.67,Ülker Albeni Beyaz Çikolata Kaplı Viva 36 G,a101
a101-27001055,0.0,,341.67,Xroll Çikolatalı Karamelli Bar XL 7'li 180 G,a101
a101-27001058,0.0,,660.0,Vince Draje Çikolatalı Badem Şekeri 150 G,a101
a101-27001073,0.0,,1115.38,Eti Sütlü Kare Çikolata 65 G,a101
a101-27001074,0.0,,1683.33,Eti Antep Fıstıklı Çikolata 60 G,a101
a101-27001089,0.0,,1483.33,Godiva Antep Fıstıklı Karamelli Çikolata 60 G,a101
a101-27001096,0.0,,1450.0,Pıt Pıt Sürprizli Kutu Sakız ve Oyuncalı 2X5 G,a101
a101-27001154,0.0,,217.5,Pıt Pıt Ayıcık Yumuşak Şeker 100 G,a101
a101-27001112,0.0,,555.56,Vince Draje Çikolata 3x27 G,a101
a101-27001122,0.0,,319.15,Olips Softmints Naneli Şeker 47 G,a101
a101-27001123,0.0,,319.15,Olips Softmints Karpuz Aromalı Şeker 47 G,a101
a101-27001135,0.0,,362.5,Ekşiyüz Karışık Meyve ve Kola Aromalı Şekerli Sakız 80 G,a101
a101-27000914,0.0,,825.0,Ülker Oneo Nane Aromalı Sakız 60 G,a101
a101-27000942,0.0,,514.71,Ülker Albeni Kurabiyem 170 G,a101
a101-27000963,0.0,,416.67,Ülker Çokomilk Çikolata Kaplı Nuga Bar 24 G,a101
a101-27001142,0.0,,1584.62,Ülker Antep Fıstıklı Çikolata 65 G,a101
a101-27001144,0.0,,907.69,Vince %20 Bütün Antep Fıstıklı Beyaz Çikolata 65 G,a101
a101-27001145,0.0,,1000.0,Vince %20 Bütün Antep Fıstıklı Sütlü Çikolata 65 G,a101
a101-27001148,0.0,,1615.38,Torku Antep Fıstıklı Çikolata 65 G,a101
a101-27001153,0.0,,217.5,Pıt Pıt  Topik Karışık Yumuşak Şeker 100 G,a101
a101-27001108,0.0,,2111.11,Pıt Pıt Lolipop Şeker Oyuncak Hediyeli 9 G,a101
a101-27001528,0.0,,695.0,Tadelle Fındık Dolgulu Sütlü Mini Çikolata 200 G,a101
a101-27001563,0.0,,1916.67,Nestle Damak Baklava Çikolata 60 G,a101
a101-27001565,0.0,,888.89,Nestle Damak İnci Fıstıklı Çikolata 18 G,a101
a101-27001573,0.0,,312.5,Ülker Albeni Karamelli Bar Çikolata 4x40 G,a101
a101-27001290,0.0,,1125.0,Xroll Enjoy Erkekler İçin Sürpriz Yumurta Çikolata 20 G,a101
a101-27001291,0.0,,1125.0,Xroll Enjoy Kızlar İçin Sürpriz Yumurta Çikolata 20 G,a101
a101-27001295,0.0,,1250.0,Tadelle Fındıklı Çikolata Bar 30 G,a101
a101-27001615,0.0,,192.31,Haribo Tropifruit Yumuşak Şeker 130 G,a101
a101-27001617,0.0,,340.0,Cino Çikolatalı Portakallı Bar 25 G,a101
a101-27001624,0.0,,633.33,Torku Sütlü Çikolata 30 G,a101
a101-27001626,0.0,,555.56,Torku Miniki Sütlü Çikolata 9 G,a101
a101-27001636,0.0,,1208.33,Ülker Fındıklı ve Üzümlü Çikolata 60 G,a101
a101-27001137,0.0,,293.75,O'Fresh Meyve ve Nane Aromalı Şekerli Sakız Mix 80 G 4'lü,a101
a101-27001662,0.0,,220.0,Evliya Black Joley Çikolata Kaplı Yumuşak Şeker 500 G,a101
a101-27001706,0.0,,992.86,Nestle Damak Nostalji Antep Fıstıklı Çikolata 75 G,a101
a101-27001707,0.0,,1139.29,Nestle Damak İnci Nostalji Antep Fıstıklı Çikolata 70 G,a101
a101-27001708,0.0,,1104.65,Vivident Cube Nane Aromalı Sakız 86 G,a101
a101-27001718,0.0,,328.95,Candy Pop's Karpuzlu Sert Şeker 38 G,a101
a101-27001719,0.0,,328.95,Candy Pop's Çilekli Sert Şeker 38 G,a101
a101-27001772,0.0,,1208.33,Ülker Fındıklı Çikolata 60 G,a101
a101-27001418,0.0,,2000.0,"Olips Mini Mints Extra Nane Aromalı Şeker 12,5 G",a101
a101-27001428,0.0,,940.0,Eti Ahenk Bol Sütlü İkramlık Çikolata 300 G,a101
a101-27001441,0.0,,264.0,Kent Tofy Bayramlık Şeker 375 G,a101
a101-27001802,0.0,,80.0,Ödül Pirinç Patlaklı Dolgulu Çikolata 500 G,a101
a101-27001810,0.0,,271.43,Şölen Butik Meyve Aromalı Yumuşak Şeker 350 G,a101
a101-27001657,0.0,,139.6,Donaci Meyveli Hindistan Cevizi Dolgulu Çikolata 250 G,a101
a101-27001140,0.0,,552.0,Chocodan's Karamelli Fındıklı Çikolata 125 G,a101
a101-27001296,0.0,,1785.71,Nestle Damak Antep Fıstıklı Çikolata 70 G,a101
a101-27001311,0.0,,1550.0,Nestle Antep Fıstıklı Çikolata 60 G,a101
a101-27001319,0.0,,618.75,Vince Bütün Bademli Bitter Çikolata 80 G,a101
a101-27001334,0.0,,285.71,Pıt Pıt Yuvarlak Sakız 21 G,a101
a101-27001340,0.0,,1916.67,Nestle Damak İlk Hasat Çikolata 60 G,a101
a101-27001341,0.0,,1590.0,Nestle Damak Sütlü Çikolata Kaplı Antep Fıstıklı Draje 50 G,a101
a101-27001359,0.0,,952.38,"Nestle Crunch Pirinç Patlaklı Sütlü Çikolata 31,5 G",a101
a101-27001365,0.0,,150.0,Uzungil Yer Fıstıklı Cezerye 300 G,a101
a101-27001366,0.0,,165.0,Uzungil Fındıklı Cezerye 300 G,a101
a101-27001381,0.0,,260.0,Tayaş Pencil Şeker 75 G,a101
a101-27001388,0.0,,1083.33,Lc Madalyon Sütlü Çikolata 18 G,a101
a101-27001526,0.0,,111.43,Tayaş Milkquick Karamel Dolgulu Sert Şeker 350 G,a101
a101-27001417,0.0,,900.0,Dippo Oyuncaklı Kornet Çikolata 25 G,a101
a101-27001184,0.0,,340.0,Cino Kayısılı Çikolatalı Bar 25 G,a101
a101-27001191,0.0,,883.33,Milka Oreolu Çikolata 300 G,a101
a101-27001192,0.0,,1166.67,Nestle Damak Antep Fıstıklı Stick Çikolata 18 G,a101
a101-27001442,0.0,,160.0,Kent Assortment Şeker 375 G,a101
a101-27001443,0.0,,264.0,Kent Missbon Bayramlık Şeker 375 G,a101
a101-27001444,0.0,,264.0,Kent Elegan Bayramlık Şeker 375 G,a101
a101-27001453,0.0,,444.13,"Nestle Crunch Pirinç Patlaklı Sütlü Çikolata 10x31,5 G",a101
a101-27001463,0.0,,265.62,Xroll Cho-Co Corn Sütlü Çikolata Hindistan Cevizli Bar 32 G,a101
a101-27001490,0.0,,468.75,Ülker Caramio Duo Çikolata 32 G,a101
a101-27001510,0.0,,300.0,Ülker Toffe Bayramlık Şeker 350 G,a101
a101-27001525,0.0,,214.29,Tayaş Multi Fruit Dolgulu Sert Şeker 350 G,a101
a101-27001414,0.0,,1100.0,File Para Çikolata 27 G,a101
a101-25006294,0.0,,526.63,Dory Tüy Toplama Rulosu 60 Yaprak,a101
a101-27000228,0.0,,326.67,Twix Çikolatalı Bar 75 G,a101
a101-27000233,0.0,,944.44,Eti Petito Patim Bol Sütlü Çikolata 18 G,a101
a101-27000246,0.0,,1169.64,Olips Mentollü Sert Şeker 28 G,a101
a101-27000248,0.0,,290.7,Missbon Tereyağlı Sütlü Sert Şeker 43 G,a101
a101-27000249,0.0,,638.3,Tofita Yumuşak Şeker 47 G,a101
a101-27000274,0.0,,1250.0,Eti Uzun Çikolata Keyfi Antep Fıstıklı 34 G,a101
a101-27000288,0.0,,386.36,Bebeto Vampire Teeth Yumuşak Şeker 22 G,a101
a101-27000295,0.0,,544.44,M&M's Fıstıklı Çikolatalı Draje 45 G,a101
a101-27000343,0.0,,263.16,Bubblicious Çilek Aromalı Sakız 38 G,a101
a101-27000351,0.0,,916.67,Eti İçibol %27 Fındıklı Çikolata 30 G,a101
a101-27001007,0.0,,236.0,Xroll Çikolatalı Karamelli Mini Bar Poşet 250 G,a101
a101-27000367,0.0,,802.47,"Ülker Fındık Rüyası Fındıklı Çikolata 40,5 G",a101
a101-27000381,0.0,,360.0,Miniki Nugalı Sütlü Çikolata Bar 25 G,a101
a101-27000062,0.0,,965.28,Eti Petito Ayıcık Figürlü Sütlü Çikolata 72 G,a101
a101-27000063,0.0,,1833.33,Eti İçibol %27 Antep Fıstıklı Çikolata 30 G,a101
a101-27000064,0.0,,1666.67,First Sensation Karpuz Aromalı + Nane Aromalı Sakız 2x27 G,a101
a101-27000457,0.0,,550.0,Ülker Çokojelo Böğürtlenli Yumuşak Şeker 20 G,a101
a101-27000458,0.0,,475.0,Ülker Çokojelo Portakallı Yumuşak Şeker 20 G,a101
a101-27000464,0.0,,883.33,Milka Kek ve Bisküvili Çikolata 300 G,a101
a101-27000483,0.0,,200.0,Xroll Hindistan Cevizli Bar Çikolata 5x25 G,a101
a101-27000505,0.0,,500.0,Fondante Sütlü Çikolata 500 G,a101
a101-27000516,0.0,,496.88,Jelibon Sourpatch Yumuşak Şeker 160 G,a101
a101-27000519,0.0,,2150.0,Kinder Kızlar İçin Joy Sürpriz Yumurta 20 G,a101
a101-27000352,0.0,,687.5,Milka Beyaz Çikolata 80 G,a101
a101-26062787,0.0,,284.29,Kiwi KTB-6506 Diş Fırçası Başlık Seti 6'lı  ,a101
a101-27000004,0.0,,1950.0,Ozmo Egg Çikolatalı Sürpriz Yumurta 20 G,a101
a101-27000012,0.0,,590.91,Biscolata Mood Çikolata Dolgulu Bisküvi 110 G,a101
a101-27000014,0.0,,400.0,Ülker Hobby Fındıklı Bar Çikolata 250 G,a101
a101-27000015,0.0,,446.43,Missbon Kahveli Sert Şeker 43 G,a101
a101-27000023,0.0,,925.93,Tipitip Meyve Aromalı Sakız 27 G,a101
a101-27000038,0.0,,1166.67,Melody Çilekli Düdüklü Lolipop 15 G,a101
a101-27000060,0.0,,757.14,Ülker Laviva Bisküvili Bar Çikolata 35 G,a101
a101-24007131,0.0,,498.75,Palmolive Duş Jeli Karpuz 750 ml,a101
a101-24007132,0.0,,498.75,Palmolive Duş Jeli Mandalina 750 ml,a101
a101-24007137,0.0,,518.0,Hobby Saç Spreyi Volume Up 250 ml ,a101
a101-27000073,0.0,,740.0,Toffifee Fındıklı Karamelli Çikolata 125 G,a101
a101-24007277,0.0,,602.56,Elidor Saç Kremi Güçlü & Parlak 560 ml,a101
a101-27000077,0.0,,625.0,Keyifçe Pestil Muska Antep Fıstıklı 400 G ,a101
a101-27000086,0.0,,925.93,Tipitip Bublefresh Şekersiz Sakız 27 G,a101
a101-27000116,0.0,,843.75,Ülker Caramio Karamel Dolgulu Çikolata 32 G,a101
a101-27000128,0.0,,687.5,Milka Fındıklı Çikolata 80 G,a101
a101-27000130,0.0,,1690.0,Milka Oreolu Çikolata 100 G,a101
a101-27000183,0.0,,1196.97,Vivident Storming Karpuz Aromalı Şerit Sakız 33 G,a101
a101-27000184,0.0,,1621.21,Vivident 45 Dk Nane Aromalı Sakız 33 G,a101
a101-27000194,0.0,,451.92,Ülker Albeni Büyük Boy 52 G,a101
a101-27000201,0.0,,500.0,Haribo Starmix Yumuşak Şeker 130 G,a101
a101-27000202,0.0,,500.0,Haribo Altın Ayıcık Yumuşak Şeker 130 G,a101
a101-27000207,0.0,,1171.88,Eti Petito Mini Sütlü Çikolata 32 G,a101
a101-24007260,0.0,,3112.5,Sensodyne Uzman Beyazlık Diş Macunu 75 ml,a101
a101-27000074,0.0,,1196.0,Merci Çubuk Çikolata 250 G,a101
a101-27000761,0.0,,458.33,Ülker Metro Çikolata Nugalı Bar 36 G,a101
a101-27000762,0.0,,785.71,Eti Keyfince Rulo Gofret Çikolata 70 G ,a101
a101-27000799,0.0,,325.0,Haribo Happy Mix Yumuşak Şeker 200 G,a101
a101-27000810,0.0,,1846.15,Vivident Fresh Time Nane Aromalı Sakız 26 G,a101
a101-27000811,0.0,,1846.15,Vivident Fruit Karpuz Aromalı Sakız 26 G,a101
a101-27000881,0.0,,1000.0,Eti Karam Bitter Mini Çikolata 32 G,a101
a101-27000887,0.0,,2380.95,Mentos Clean Breath Naneli Sert Şeker 21 G,a101
a101-27000892,0.0,,1283.33,Nestle Bitter Çikolata 60 G,a101
a101-27000895,0.0,,1376.92,Ülker Antep Fıstıklı Beyaz Çikolata 65 G,a101
a101-27000907,0.0,,1026.79,"Vivident Draje Çilek Aromalı Sakız 22,4 G",a101
a101-27000908,0.0,,1026.79,Vivident Draje Nane Aromalı Sakız 22.4 G,a101
a101-27000612,0.0,,593.33,Vince Romeo Badem Dolgulu Çikolata 150 G,a101
a101-27000543,0.0,,2150.0,Kinder Erkekler İçin Joy Sürpriz Yumurta 20 G,a101
a101-27000627,0.0,,2000.0,"Olips Mini Mints Karpuz Aromalı Şeker 12,5 G",a101
a101-27000972,0.0,,916.67,Nestle 1927 Bol Sütlü Çikolata 60 G,a101
a101-27000978,0.0,,916.67,Nestle 1927 %60 Bitter Çikolata 60 G,a101
a101-27000981,0.0,,392.16,Nestle Polo Original Sert Şeker 3x34 G,a101
a101-27000982,0.0,,928.57,Nestle Crunch Sütlü Çikolata 70 G,a101
a101-27000983,0.0,,1777.78,First Fresh Nane Aromalı Sakız 27 G,a101
a101-27000985,0.0,,1777.78,First Fresh Karpuz Aromalı Sakız 27 G,a101
a101-27000990,0.0,,300.0,Xroll Bar Nugalı Karamelli Çikolata 40 G,a101
a101-27000992,0.0,,395.0,Çerezya Cevizli Sucuk 100 G,a101
a101-27001000,0.0,,866.67,Damak İnci Antep Fıstıklı Beyaz Çikolata 30 G,a101
a101-27001004,0.0,,298.0,Xroll Çikolatalı Hindistan Cevizli Mini Bar Poşet 250 G,a101
a101-27001005,0.0,,361.11,Xroll Çikolatalı Karamelli Bar 7'li 180 G,a101
a101-27000626,0.0,,2000.0,"Olips Mini Mints Nane Aromalı Şeker 12,5 G",a101
a101-27000546,0.0,,329.17,Torku Miniki Sütlü Çikolatalı Nugalı Bar 240 G,a101
a101-27000557,0.0,,761.11,Tadelle Fındıklı Bar Çikolata 3x30 G,a101
a101-27000572,0.0,,362.5,Bebeto Berries Yumuşak Şeker 70 G ,a101
a101-27000586,0.0,,712.5,Torku Nice Bütün Fındıklı Sütlü Çikolata 400 G,a101
a101-27000590,0.0,,1439.39,Vivident Extra Nane Aromalı Şekersiz Sakız 66 G ,a101
a101-27000215,0.0,,400.0,Ülker Hobby Çikolatalı Fındıklı Bar 25 G,a101
a101-27000222,0.0,,750.0,Ülker Yupo Draje Çikolata 3x20 G,a101
a101-27000227,0.0,,562.5,Snickers 2'li Bar Çikolata 80 G,a101
a101-27000628,0.0,,446.43,Olips Çilek Aromalı Sert Şeker 28 G ,a101
a101-27000633,0.0,,148.15,Pıt Pıt Meyveli Lolipop Şeker 6x18 G,a101
a101-27000649,0.0,,1000.0,Nestle Nesquik Pirinç Patlaklı Çikolata Bar 25 G,a101
a101-27000659,0.0,,416.67,Torku Çokofest Karamel Dolgulu Çikolata 60 G,a101
a101-27000758,0.0,,1083.33,Ülker %80 Bitter Çikolata 60 G ,a101
a101-27000675,0.0,,1375.0,Kahve Dünyası Popçik Patlayan Draje Çikolata 40 G ,a101
a101-27000682,0.0,,4000.0,"Cube Box Sakız Hediyeli 3,5 G",a101
a101-27000692,0.0,,1250.0,Kahve Dünyası Beyoğlu Bar Çikolata 30 G ,a101
a101-27000693,0.0,,163.89,Malatya Pazarı Meyve Aromalı Kuş Lokum 180 G,a101
a101-27000695,0.0,,897.73,Şölen Nutymax Antep Fıstıklı Kremalı Çikolata 44 G,a101
a101-27000701,0.0,,270.83,Vince Fındık Kreması Dolgulu Pralin Çikolata 240 G,a101
a101-27000705,0.0,,657.89,Skittles Meyve Aromalı Draje 38 G,a101
a101-27000744,0.0,,541.67,Ülker Piko Portakallı Pirinç Patlaklı Bar 18 G,a101
a101-27000407,0.0,,583.33,Ülker Kremini Tropikal Mini Sert Şeker 30 G ,a101
a101-27000410,0.0,,1187.5,Kiddy Sürpriz Yumurta Sütlü Çikolata 20 G,a101
a101-27000446,0.0,,928.57,Nestle Crunch Beyaz Çikolata 70 G,a101
a101-27000757,0.0,,776.32,Oneo Karışık Meyve Aromalı Sakız 76 G ,a101
a101-27000670,0.0,,440.0,Eti Maximus Loading Yer Fıstıklı Bar Çikolata 50 G,a101
nohut-reis-1kg,-5.8,0.0,194.95,Reis Koçbaşı Nohut 1 Kg,migros
kahve-mehmet-efendi-100g,-18.0,-27.32,799.5,Kurukahveci Mehmet Efendi Türk Kahvesi 100 G,migros
mercimek-yesil-migros-1kg,-19.34,0.0,54.0,Migros Yerli Yeşil Mercimek 1 Kg,migros
